ID,Description,GeneRatio,BgRatio,pvalue,p.adjust,qvalue,geneID,Count,evolutionary_group
GO:0006228,UTP biosynthetic process,3/62,10/18870,3.9872309962577275e-6,0.005020235938886641,0.0036429578870029173,NME3/NME1/NME2,3,Unicellular
GO:0006183,GTP biosynthetic process,3/62,11/18870,5.469594614132376e-6,0.005020235938886641,0.0036429578870029173,NME3/NME1/NME2,3,Unicellular
GO:0046051,UTP metabolic process,3/62,12/18870,7.275704259256001e-6,0.005020235938886641,0.0036429578870029173,NME3/NME1/NME2,3,Unicellular
GO:0006241,CTP biosynthetic process,3/62,14/18870,1.1981644154474636e-5,0.00502348740782209,0.003645317330771484,NME3/NME1/NME2,3,Unicellular
GO:0009209,pyrimidine ribonucleoside triphosphate biosynthetic process,3/62,15/18870,1.4941972934096301e-5,0.00502348740782209,0.003645317330771484,NME3/NME1/NME2,3,Unicellular
GO:0010975,regulation of neuron projection development,9/62,453/18870,1.6059132816914903e-5,0.00502348740782209,0.003645317330771484,GATA3/CRMP1/DPYSL3/CERS2/EPHB3/SLIT2/KLF4/EP300/PTEN,9,Unicellular
GO:0046036,CTP metabolic process,3/62,16/18870,1.8347048495063765e-5,0.00502348740782209,0.003645317330771484,NME3/NME1/NME2,3,Unicellular
GO:0007015,actin filament organization,9/62,464/18870,1.9414444088201316e-5,0.00502348740782209,0.003645317330771484,BIN1/GSN/PFN1/DPYSL3/LIMA1/RNH1/RND3/RHOBTB2/SLIT2,9,Unicellular
GO:0060253,negative regulation of glial cell proliferation,3/62,17/18870,2.2226385667524846e-5,0.005112068703530715,0.0037095967657962523,SOX11/DICER1/CERS2,3,Unicellular
GO:0009208,pyrimidine ribonucleoside triphosphate metabolic process,3/62,18/18870,2.6609208800631755e-5,0.005508106221730773,0.003996983258789633,NME3/NME1/NME2,3,Unicellular
GO:0009148,pyrimidine nucleoside triphosphate biosynthetic process,3/62,19/18870,3.1524453577474386e-5,0.005932328991397453,0.004304822512445545,NME3/NME1/NME2,3,Unicellular
GO:2000146,negative regulation of cell motility,8/62,388/18870,3.811073194418831e-5,0.006574101260372484,0.00477052758634708,GATA3/DPYSL3/CERS2/SLIT2/KLF4/PTEN/JUP/ARHGDIB,8,Unicellular
GO:0048511,rhythmic process,7/62,296/18870,5.117442297809836e-5,0.008148542735743355,0.005913028468805374,MAGED1/KDM5B/NOS2/SLIT2/KLF10/EP300/PTEN,7,Unicellular
GO:0009220,pyrimidine ribonucleotide biosynthetic process,3/62,24/18870,6.507977115270038e-5,0.008981008419072652,0.006517111118238838,NME3/NME1/NME2,3,Unicellular
GO:0046039,GTP metabolic process,3/62,24/18870,6.507977115270038e-5,0.008981008419072652,0.006517111118238838,NME3/NME1/NME2,3,Unicellular
GO:0040013,negative regulation of locomotion,8/62,423/18870,6.995589135128302e-5,0.008983952961453929,0.00651924783930575,GATA3/DPYSL3/CERS2/SLIT2/KLF4/PTEN/JUP/ARHGDIB,8,Unicellular
GO:0009147,pyrimidine nucleoside triphosphate metabolic process,3/62,25/18870,7.37812562051772e-5,0.008983952961453929,0.00651924783930575,NME3/NME1/NME2,3,Unicellular
GO:0010977,negative regulation of neuron projection development,5/62,140/18870,9.640535917823113e-5,0.01108661630549658,0.008045055412124903,CRMP1/DPYSL3/CERS2/SLIT2/PTEN,5,Unicellular
GO:0008064,regulation of actin polymerization or depolymerization,5/62,154/18870,1.5089718023435054e-4,0.015118147350505987,0.010970554929657792,BIN1/GSN/PFN1/LIMA1/SLIT2,5,Unicellular
GO:0009218,pyrimidine ribonucleotide metabolic process,3/62,32/18870,1.565244298568013e-4,0.015118147350505987,0.010970554929657792,NME3/NME1/NME2,3,Unicellular
GO:0030832,regulation of actin filament length,5/62,157/18870,1.651412918370103e-4,0.015118147350505987,0.010970554929657792,BIN1/GSN/PFN1/LIMA1/SLIT2,5,Unicellular
GO:0006221,pyrimidine nucleotide biosynthetic process,3/62,33/18870,1.7177441271498746e-4,0.015118147350505987,0.010970554929657792,NME3/NME1/NME2,3,Unicellular
GO:0051101,regulation of DNA binding,4/62,85/18870,1.7528286783195348e-4,0.015118147350505987,0.010970554929657792,SOX11/GATA3/NME1/EP300,4,Unicellular
GO:0072527,pyrimidine-containing compound metabolic process,4/62,85/18870,1.7528286783195348e-4,0.015118147350505987,0.010970554929657792,RRM1/NME3/NME1/NME2,4,Unicellular
GO:0001667,ameboidal-type cell migration,8/62,497/18870,2.1230684491210412e-4,0.01650193080435032,0.011974703919556526,PFN1/GATA3/SLIT2/KLF4/TNS1/PTEN/JUP/ARHGDIB,8,Unicellular
GO:0051170,import into nucleus,5/62,166/18870,2.141013099192051e-4,0.01650193080435032,0.011974703919556526,TXNIP/HTATIP2/SYK/EP300/JUP,5,Unicellular
GO:0030336,negative regulation of cell migration,7/62,373/18870,2.152425757089172e-4,0.01650193080435032,0.011974703919556526,DPYSL3/CERS2/SLIT2/KLF4/PTEN/JUP/ARHGDIB,7,Unicellular
GO:0032970,regulation of actin filament-based process,7/62,379/18870,2.372311052452249e-4,0.017538156709200555,0.012726646134772028,BIN1/GSN/PFN1/LIMA1/RNH1/SLIT2/JUP,7,Unicellular
GO:0110053,regulation of actin filament organization,6/62,273/18870,0.00027059518334522083,0.018945056517740273,0.013747569616483785,BIN1/GSN/PFN1/LIMA1/RNH1/SLIT2,6,Unicellular
GO:1902903,regulation of supramolecular fiber organization,7/62,389/18870,2.778875195567099e-4,0.018945056517740273,0.013747569616483785,BIN1/GSN/PFN1/LIMA1/DRG1/RNH1/SLIT2,7,Unicellular
GO:0021955,central nervous system neuron axonogenesis,3/62,39/18870,2.8371823770528907e-4,0.018945056517740273,0.013747569616483785,EPHB3/SLIT2/PTEN,3,Unicellular
GO:0001953,negative regulation of cell-matrix adhesion,3/62,40/18870,3.0600605526139333e-4,0.01919492528457831,0.013928888065646197,POSTN/CDKN2A/PTEN,3,Unicellular
GO:2000677,regulation of transcription regulatory region DNA binding,3/62,40/18870,3.0600605526139333e-4,0.01919492528457831,0.013928888065646197,SOX11/GATA3/EP300,3,Unicellular
GO:0043388,positive regulation of DNA binding,3/62,41/18870,3.2939340598088507e-4,0.019481267153726632,0.014136673393525504,GATA3/NME1/EP300,3,Unicellular
GO:0060251,regulation of glial cell proliferation,3/62,41/18870,3.2939340598088507e-4,0.019481267153726632,0.014136673393525504,SOX11/DICER1/CERS2,3,Unicellular
GO:0072528,pyrimidine-containing compound biosynthetic process,3/62,43/18870,3.795575655366068e-4,0.02142089926302045,0.015544176581912119,NME3/NME1/NME2,3,Unicellular
GO:0010632,regulation of epithelial cell migration,6/62,295/18870,4.0908764419303283e-4,0.02142089926302045,0.015544176581912119,PFN1/GATA3/SLIT2/KLF4/PTEN/JUP,6,Unicellular
GO:0031345,negative regulation of cell projection organization,5/62,192/18870,4.1867371809505157e-4,0.02142089926302045,0.015544176581912119,CRMP1/DPYSL3/CERS2/SLIT2/PTEN,5,Unicellular
GO:0002347,response to tumor cell,3/62,45/18870,4.3438996539987016e-4,0.02142089926302045,0.015544176581912119,TXNIP/KLF4/DAPK1,3,Unicellular
GO:0014014,negative regulation of gliogenesis,3/62,45/18870,4.3438996539987016e-4,0.02142089926302045,0.015544176581912119,SOX11/DICER1/CERS2,3,Unicellular
GO:0018198,peptidyl-cysteine modification,3/62,45/18870,4.3438996539987016e-4,0.02142089926302045,0.015544176581912119,DMD/NOS2/ZDHHC2,3,Unicellular
GO:0043254,regulation of protein-containing complex assembly,7/62,419/18870,4.3462694156853085e-4,0.02142089926302045,0.015544176581912119,BIN1/GSN/PFN1/SYK/DRG1/SLIT2/EP300,7,Unicellular
GO:0008154,actin polymerization or depolymerization,5/62,196/18870,4.600079425474627e-4,0.022116282702469566,0.016048784854525336,BIN1/GSN/PFN1/LIMA1/SLIT2,5,Unicellular
GO:0014013,regulation of gliogenesis,4/62,110/18870,4.7010455985925645e-4,0.022116282702469566,0.016048784854525336,SOX11/BIN1/DICER1/CERS2,4,Unicellular
GO:0034504,protein localization to nucleus,6/62,310/18870,5.316167374643841e-4,0.022440284011975085,0.016283897932920646,TXNIP/MAGED1/SYK/TYK2/EP300/JUP,6,Unicellular
GO:0007623,circadian rhythm,5/62,204/18870,5.518397826182926e-4,0.022440284011975085,0.016283897932920646,MAGED1/NOS2/KLF10/EP300/PTEN,5,Unicellular
GO:0032271,regulation of protein polymerization,5/62,204/18870,5.518397826182926e-4,0.022440284011975085,0.016283897932920646,BIN1/GSN/PFN1/DRG1/SLIT2,5,Unicellular
GO:0031400,negative regulation of protein modification process,7/62,437/18870,5.583627371649113e-4,0.022440284011975085,0.016283897932920646,SENP2/DMD/SET/IVNS1ABP/SLIT2/CDKN2A/PTEN,7,Unicellular
GO:0031648,protein destabilization,3/62,49/18870,5.587569646767576e-4,0.022440284011975085,0.016283897932920646,GSN/SENP2/EP300,3,Unicellular
GO:0010624,regulation of Schwann cell proliferation,2/62,11/18870,5.731599579039046e-4,0.022440284011975085,0.016283897932920646,DICER1/CERS2,2,Unicellular
GO:0014010,Schwann cell proliferation,2/62,11/18870,5.731599579039046e-4,0.022440284011975085,0.016283897932920646,DICER1/CERS2,2,Unicellular
GO:0051709,regulation of killing of cells of another organism,2/62,11/18870,5.731599579039046e-4,0.022440284011975085,0.016283897932920646,SYK/NOS2,2,Unicellular
GO:0010633,negative regulation of epithelial cell migration,4/62,116/18870,5.745579964418742e-4,0.022440284011975085,0.016283897932920646,SLIT2/KLF4/PTEN/JUP,4,Unicellular
GO:0010720,positive regulation of cell development,7/62,444/18870,6.13466450008651e-4,0.02351621391699829,0.017064651543125635,SOX11/BIN1/GATA3/DICER1/SYK/SLIT2/KLF10,7,Unicellular
GO:0071346,cellular response to type II interferon,4/62,120/18870,6.52745059963975e-4,0.02456695043864415,0.017827123455858226,GSN/TYK2/NOS2/DAPK1,4,Unicellular
GO:0009612,response to mechanical stimulus,5/62,213/18870,6.709387419402698e-4,0.024800771353863545,0.017996796705803855,POSTN/TXNIP/GSN/DMD/JUP,5,Unicellular
GO:0098911,regulation of ventricular cardiac muscle cell action potential,2/62,12/18870,6.863368086328334e-4,0.024924863050350268,0.018086844430638106,BIN1/JUP,2,Unicellular
GO:0006220,pyrimidine nucleotide metabolic process,3/62,54/18870,7.435163710742641e-4,0.026535842898684946,0.01925585955577087,NME3/NME1/NME2,3,Unicellular
GO:0001952,regulation of cell-matrix adhesion,4/62,125/18870,7.607408553438021e-4,0.026690399501045257,0.019368014283240066,POSTN/CDKN2A/PTEN/JUP,4,Unicellular
GO:0002357,defense response to tumor cell,2/62,13/18870,8.094096365622831e-4,0.027026192272432425,0.019611683891564237,KLF4/DAPK1,2,Unicellular
GO:1903909,regulation of receptor clustering,2/62,13/18870,8.094096365622831e-4,0.027026192272432425,0.019611683891564237,GSN/ZDHHC2,2,Unicellular
GO:0051960,regulation of nervous system development,7/62,466/18870,8.154115543122735e-4,0.027026192272432425,0.019611683891564237,SOX11/BIN1/DICER1/CERS2/EPHB3/SLIT2/PTEN,7,Unicellular
GO:0032956,regulation of actin cytoskeleton organization,6/62,337/18870,8.225362865522912e-4,0.027026192272432425,0.019611683891564237,BIN1/GSN/PFN1/LIMA1/RNH1/SLIT2,6,Unicellular
GO:0006475,internal protein amino acid acetylation,3/62,58/18870,9.163354180461869e-4,0.029637723677431355,0.021506753972893235,SET/NAA10/EP300,3,Unicellular
GO:0014009,glial cell proliferation,3/62,59/18870,9.631751594852791e-4,0.030673424309761964,0.022258315021627423,SOX11/DICER1/CERS2,3,Unicellular
GO:0007411,axon guidance,5/62,233/18870,0.0010036794748069066,0.03100920168433279,0.0225019734571792,LMX1A/GATA3/EPHB3/EPHB6/SLIT2,5,Unicellular
GO:0097485,neuron projection guidance,5/62,233/18870,0.0010036794748069066,0.03100920168433279,0.0225019734571792,LMX1A/GATA3/EPHB3/EPHB6/SLIT2,5,Unicellular
GO:0030833,regulation of actin filament polymerization,4/62,136/18870,0.0010418358432768677,0.03171470875857524,0.023013927993128333,BIN1/GSN/PFN1/SLIT2,4,Unicellular
GO:0033599,regulation of mammary gland epithelial cell proliferation,2/62,15/18870,0.00108498696796812,0.0325496090390436,0.02361977731945854,GATA3/KDM5B,2,Unicellular
GO:0007264,small GTPase mediated signal transduction,7/62,491/18870,0.0011053833802268018,0.03268776567242114,0.023720031332084907,RND3/RHOBTB2/SLIT2/CDKN2A/FBXO8/ARHGDIB/ARHGDIA,7,Unicellular
GO:0060048,cardiac muscle contraction,4/62,139/18870,0.0011296460091621103,0.03293474984458547,0.023899256561517146,BIN1/GSN/DMD/JUP,4,Unicellular
GO:0006474,N-terminal protein amino acid acetylation,2/62,16/18870,0.001237364099321414,0.03372870250962966,0.024475392057585317,NAA10/EP300,2,Unicellular
GO:0017014,protein nitrosylation,2/62,16/18870,0.001237364099321414,0.03372870250962966,0.024475392057585317,DMD/NOS2,2,Unicellular
GO:0018119,peptidyl-cysteine S-nitrosylation,2/62,16/18870,0.001237364099321414,0.03372870250962966,0.024475392057585317,DMD/NOS2,2,Unicellular
GO:0032930,positive regulation of superoxide anion generation,2/62,16/18870,0.001237364099321414,0.03372870250962966,0.024475392057585317,GNAI2/SYK,2,Unicellular
GO:0034341,response to type II interferon,4/62,143/18870,0.0012546425571214896,0.03372870250962966,0.024475392057585317,GSN/TYK2/NOS2/DAPK1,4,Unicellular
GO:1900180,regulation of protein localization to nucleus,4/62,143/18870,0.0012546425571214896,0.03372870250962966,0.024475392057585317,MAGED1/TYK2/EP300/JUP,4,Unicellular
GO:0010812,negative regulation of cell-substrate adhesion,3/62,65/18870,0.0012761677786087505,0.033867529509232226,0.024576132524624657,POSTN/CDKN2A/PTEN,3,Unicellular
GO:0032535,regulation of cellular component size,6/62,370/18870,0.0013303973884355525,0.03448478207814048,0.02502404476252554,BIN1/GSN/PFN1/LIMA1/SLIT2/PTEN,6,Unicellular
GO:0030837,negative regulation of actin filament polymerization,3/62,66/18870,0.0013338249617560643,0.03448478207814048,0.02502404476252554,GSN/PFN1/SLIT2,3,Unicellular
GO:0010631,epithelial cell migration,6/62,372/18870,0.0013674839427113329,0.03448478207814048,0.02502404476252554,PFN1/GATA3/SLIT2/KLF4/PTEN/JUP,6,Unicellular
GO:0031333,negative regulation of protein-containing complex assembly,4/62,147/18870,0.0013890242506042656,0.03448478207814048,0.02502404476252554,GSN/PFN1/SLIT2/EP300,4,Unicellular
GO:0043543,protein acylation,4/62,147/18870,0.0013890242506042656,0.03448478207814048,0.02502404476252554,SET/NAA10/ZDHHC2/EP300,4,Unicellular
GO:0043923,positive regulation by host of viral transcription,2/62,17/18870,0.0013993824611419326,0.03448478207814048,0.02502404476252554,EP300/RRP1B,2,Unicellular
GO:0090132,epithelium migration,6/62,375/18870,0.0014245929484353386,0.034693028273660595,0.02517515959649818,PFN1/GATA3/SLIT2/KLF4/PTEN/JUP,6,Unicellular
GO:0050768,negative regulation of neurogenesis,4/62,149/18870,0.0014598495246832296,0.035138238559235875,0.025498228540060817,SOX11/DICER1/CERS2/PTEN,4,Unicellular
GO:0003015,heart process,5/62,255/18870,0.0014970845014663087,0.03562028641419838,0.02584802883959374,BIN1/GNAI2/GSN/DMD/JUP,5,Unicellular
GO:0090130,tissue migration,6/62,380/18870,0.0015238114127148884,0.03584420027636158,0.02601051298976251,PFN1/GATA3/SLIT2/KLF4/PTEN/JUP,6,Unicellular
GO:0051098,regulation of binding,5/62,262/18870,0.001686214052924955,0.0385832900254846,0.027998146385134263,SOX11/GATA3/CRMP1/NME1/EP300,5,Unicellular
GO:0051961,negative regulation of nervous system development,4/62,155/18870,0.0016874133233597862,0.0385832900254846,0.027998146385134263,SOX11/DICER1/CERS2/PTEN,4,Unicellular
GO:0006801,superoxide metabolic process,3/62,72/18870,0.0017142696728608855,0.0385832900254846,0.027998146385134263,GNAI2/SYK/NOS2,3,Unicellular
GO:0050767,regulation of neurogenesis,6/62,390/18870,0.0017380174618999373,0.0385832900254846,0.027998146385134263,SOX11/BIN1/DICER1/CERS2/SLIT2/PTEN,6,Unicellular
GO:0032928,regulation of superoxide anion generation,2/62,19/18870,0.0017520914311089624,0.0385832900254846,0.027998146385134263,GNAI2/SYK,2,Unicellular
GO:0035821,modulation of process of another organism,2/62,19/18870,0.0017520914311089624,0.0385832900254846,0.027998146385134263,SYK/NOS2,2,Unicellular
GO:0003281,ventricular septum development,3/62,74/18870,0.001854618364825361,0.040411158054615766,0.029324547441615407,SOX11/GATA3/SLIT2,3,Unicellular
GO:0006606,protein import into nucleus,4/62,161/18870,0.0019385674919532748,0.04103367464001866,0.029776279537913366,TXNIP/SYK/EP300/JUP,4,Unicellular
GO:0072567,chemokine (C-X-C motif) ligand 2 production,2/62,20/18870,0.0019426570602520913,0.04103367464001866,0.029776279537913366,POSTN/KLF4,2,Unicellular
GO:2000341,regulation of chemokine (C-X-C motif) ligand 2 production,2/62,20/18870,0.0019426570602520913,0.04103367464001866,0.029776279537913366,POSTN/KLF4,2,Unicellular
GO:0086001,cardiac muscle cell action potential,3/62,76/18870,0.002001943318182278,0.04114868382243256,0.02985973649357298,BIN1/DMD/JUP,3,Unicellular
GO:0086003,cardiac muscle cell contraction,3/62,76/18870,0.002001943318182278,0.04114868382243256,0.02985973649357298,BIN1/GSN/JUP,3,Unicellular
GO:0043281,regulation of cysteine-type endopeptidase activity involved in apoptotic process,4/62,163/18870,0.0020277397290556776,0.04114868382243256,0.02985973649357298,GSN/SYK/KLF4/DAPK1,4,Unicellular
GO:0051494,negative regulation of cytoskeleton organization,4/62,163/18870,0.0020277397290556776,0.04114868382243256,0.02985973649357298,GSN/PFN1/LIMA1/SLIT2,4,Unicellular
GO:0021537,telencephalon development,5/62,276/18870,0.002116456919419015,0.04114868382243256,0.02985973649357298,PAX5/LMX1A/EPHB3/SLIT2/PTEN,5,Unicellular
GO:0051090,regulation of DNA-binding transcription factor activity,6/62,406/18870,0.0021275560109649256,0.04114868382243256,0.02985973649357298,SYK/CDKN2A/KLF4/EP300/PTEN/JUP,6,Unicellular
GO:0030900,forebrain development,6/62,407/18870,0.0021539264395284436,0.04114868382243256,0.02985973649357298,PAX5/LMX1A/RRM1/EPHB3/SLIT2/PTEN,6,Unicellular
GO:0045786,negative regulation of cell cycle,6/62,407/18870,0.0021539264395284436,0.04114868382243256,0.02985973649357298,GATA3/FOXO4/NAA10/CDKN2A/KLF4/PTEN,6,Unicellular
GO:0050678,regulation of epithelial cell proliferation,6/62,407/18870,0.0021539264395284436,0.04114868382243256,0.02985973649357298,SOX11/MAGED1/GATA3/KDM5B/NME1/NME2,6,Unicellular
GO:0055117,regulation of cardiac muscle contraction,3/62,78/18870,0.002156365345279796,0.04114868382243256,0.02985973649357298,BIN1/DMD/JUP,3,Unicellular
GO:0007519,skeletal muscle tissue development,4/62,166/18870,0.0021667664428237435,0.04114868382243256,0.02985973649357298,PAX5/SOX11/DMD/EP300,4,Unicellular
GO:0030041,actin filament polymerization,4/62,167/18870,0.002214536014200021,0.041298104048594984,0.029968163985428453,BIN1/GSN/PFN1/SLIT2,4,Unicellular
GO:1902904,negative regulation of supramolecular fiber organization,4/62,167/18870,0.002214536014200021,0.041298104048594984,0.029968163985428453,GSN/PFN1/LIMA1/SLIT2,4,Unicellular
GO:0032272,negative regulation of protein polymerization,3/62,80/18870,0.002318002113377505,0.042519688684235155,0.030854612637886376,GSN/PFN1/SLIT2,3,Unicellular
GO:0048485,sympathetic nervous system development,2/62,22/18870,0.0023519003771000245,0.042519688684235155,0.030854612637886376,SOX11/GATA3,2,Unicellular
GO:2000679,positive regulation of transcription regulatory region DNA binding,2/62,22/18870,0.0023519003771000245,0.042519688684235155,0.030854612637886376,GATA3/EP300,2,Unicellular
GO:0007009,plasma membrane organization,4/62,170/18870,0.002362204926901953,0.042519688684235155,0.030854612637886376,BIN1/GSN/PTEN/VMP1,4,Unicellular
GO:0051258,protein polymerization,5/62,286/18870,0.0024694709813048734,0.04325887438712475,0.03139100622955862,BIN1/GSN/PFN1/DRG1/SLIT2,5,Unicellular
GO:0052548,regulation of endopeptidase activity,5/62,288/18870,0.0025449194353508865,0.04325887438712475,0.03139100622955862,BIN1/GSN/SYK/KLF4/DAPK1,5,Unicellular
GO:0002223,stimulatory C-type lectin receptor signaling pathway,2/62,23/18870,0.002570454854887123,0.04325887438712475,0.03139100622955862,SYK/EP300,2,Unicellular
GO:0021542,dentate gyrus development,2/62,23/18870,0.002570454854887123,0.04325887438712475,0.03139100622955862,LMX1A/PTEN,2,Unicellular
GO:0031290,retinal ganglion cell axon guidance,2/62,23/18870,0.002570454854887123,0.04325887438712475,0.03139100622955862,EPHB3/SLIT2,2,Unicellular
GO:0060065,uterus development,2/62,23/18870,0.002570454854887123,0.04325887438712475,0.03139100622955862,GATA3/KDM5B,2,Unicellular
GO:1990840,response to lectin,2/62,23/18870,0.002570454854887123,0.04325887438712475,0.03139100622955862,SYK/EP300,2,Unicellular
GO:1990858,cellular response to lectin,2/62,23/18870,0.002570454854887123,0.04325887438712475,0.03139100622955862,SYK/EP300,2,Unicellular
GO:0051962,positive regulation of nervous system development,5/62,290/18870,0.0026220328830521764,0.043439974319085146,0.03152242224934377,SOX11/BIN1/DICER1/EPHB3/SLIT2,5,Unicellular
GO:1902905,positive regulation of supramolecular fiber organization,4/62,175/18870,0.0026231868550172194,0.043439974319085146,0.03152242224934377,BIN1/GSN/PFN1/DRG1,4,Unicellular
GO:0048678,response to axon injury,3/62,84/18870,0.002663375070318206,0.043755447583799095,0.031751346911813534,DPYSL3/CERS2/KLF4,3,Unicellular
GO:0032414,positive regulation of ion transmembrane transporter activity,3/62,85/18870,0.002754402833823798,0.043881118091673665,0.031842540308577846,DMD/LRRC26/VMP1,3,Unicellular
GO:0060538,skeletal muscle organ development,4/62,178/18870,0.002788938895315461,0.043881118091673665,0.031842540308577846,PAX5/SOX11/DMD/EP300,4,Unicellular
GO:0035902,response to immobilization stress,2/62,24/18870,0.0027982162261357122,0.043881118091673665,0.031842540308577846,FOXO4/CERS2,2,Unicellular
GO:0045736,negative regulation of cyclin-dependent protein serine/threonine kinase activity,2/62,24/18870,0.0027982162261357122,0.043881118091673665,0.031842540308577846,CDKN2A/PTEN,2,Unicellular
GO:1904030,negative regulation of cyclin-dependent protein kinase activity,2/62,24/18870,0.0027982162261357122,0.043881118091673665,0.031842540308577846,CDKN2A/PTEN,2,Unicellular
GO:2000114,regulation of establishment of cell polarity,2/62,24/18870,0.0027982162261357122,0.043881118091673665,0.031842540308577846,GSN/GATA3,2,Unicellular
GO:0009165,nucleotide biosynthetic process,5/62,295/18870,0.0028222412137274846,0.04392510761214957,0.031874461511587814,RRM1/NOS2/NME3/NME1/NME2,5,Unicellular
GO:1901293,nucleoside phosphate biosynthetic process,5/62,297/18870,0.002905350637892214,0.044881162839081216,0.03256822749624658,RRM1/NOS2/NME3/NME1/NME2,5,Unicellular
GO:0021953,central nervous system neuron differentiation,4/62,181/18870,0.0029617435689853495,0.04541340139110869,0.03295444891182919,LMX1A/EPHB3/SLIT2/PTEN,4,Unicellular
GO:0035994,response to muscle stretch,2/62,25/18870,0.0030351236148253202,0.04579870942711274,0.033234049505461424,GSN/DMD,2,Unicellular
GO:0046641,positive regulation of alpha-beta T cell proliferation,2/62,25/18870,0.0030351236148253202,0.04579870942711274,0.033234049505461424,SYK/TYK2,2,Unicellular
GO:2000045,regulation of G1/S transition of mitotic cell cycle,4/62,183/18870,0.003080937130059317,0.04579870942711274,0.033234049505461424,RRM1/CDKN2A/KLF4/PTEN,4,Unicellular
GO:0002088,lens development in camera-type eye,3/62,89/18870,0.0031376504329646902,0.04579870942711274,0.033234049505461424,SOX11/GATA3/KDM5B,3,Unicellular
GO:0014910,regulation of smooth muscle cell migration,3/62,89/18870,0.0031376504329646902,0.04579870942711274,0.033234049505461424,POSTN/FOXO4/SLIT2,3,Unicellular
GO:0021954,central nervous system neuron development,3/62,89/18870,0.0031376504329646902,0.04579870942711274,0.033234049505461424,EPHB3/SLIT2/PTEN,3,Unicellular
GO:0051495,positive regulation of cytoskeleton organization,4/62,184/18870,0.0031417472167391347,0.04579870942711274,0.033234049505461424,BIN1/GSN/PFN1/DRG1,4,Unicellular
GO:0048608,reproductive structure development,5/62,305/18870,0.0032556162219111147,0.046840765648956714,0.033990222517702125,GATA3/RRM1/KDM5B/IDH1/SLIT2,5,Unicellular
GO:0006941,striated muscle contraction,4/62,186/18870,0.003265820805461423,0.046840765648956714,0.033990222517702125,BIN1/GSN/DMD/JUP,4,Unicellular
GO:0033598,mammary gland epithelial cell proliferation,2/62,26/18870,0.0032811164343472094,0.046840765648956714,0.033990222517702125,GATA3/KDM5B,2,Unicellular
GO:0032273,positive regulation of protein polymerization,3/62,91/18870,0.0033409350241215587,0.047368051369394704,0.03437284988768179,BIN1/PFN1/DRG1,3,Unicellular
GO:0061458,reproductive system development,5/62,309/18870,0.003441746067923989,0.04846540381362351,0.03516914886450077,GATA3/RRM1/KDM5B/IDH1/SLIT2,5,Unicellular
GO:0007409,axonogenesis,6/62,448/18870,0.0034651738192151235,0.04846560679577909,0.03516929615945932,LMX1A/GATA3/EPHB3/EPHB6/SLIT2/PTEN,6,Unicellular
GO:0032753,positive regulation of interleukin-4 production,2/62,27/18870,0.0035361343863093775,0.04857822821902817,0.035251020426419116,GATA3/SYK,2,Unicellular
GO:0032878,regulation of establishment or maintenance of cell polarity,2/62,27/18870,0.0035361343863093775,0.04857822821902817,0.035251020426419116,GSN/GATA3,2,Unicellular
GO:1900182,positive regulation of protein localization to nucleus,3/62,93/18870,0.00355212542032774,0.04857822821902817,0.035251020426419116,TYK2/EP300/JUP,3,Unicellular
GO:0052547,regulation of peptidase activity,5/62,312/18870,0.0035862954387766714,0.04857822821902817,0.035251020426419116,BIN1/GSN/SYK/KLF4/DAPK1,5,Unicellular
GO:0021543,pallium development,4/62,191/18870,0.0035905646944499083,0.04857822821902817,0.035251020426419116,PAX5/LMX1A/SLIT2/PTEN,4,Unicellular
GO:0009791,post-embryonic development,3/62,94/18870,0.0036607152179494863,0.048888261297777014,0.035475997392284665,GATA3/KDM5B/KLF4,3,Unicellular
GO:0032411,positive regulation of transporter activity,3/62,94/18870,0.0036607152179494863,0.048888261297777014,0.035475997392284665,DMD/LRRC26/VMP1,3,Unicellular
GO:0052548,regulation of endopeptidase activity,13/77,288/18870,1.429032877035384e-10,3.7111983816608924e-7,2.1992063855007702e-7,TNFSF10/LGALS9/TIMP1/TIMP2/TIMP3/TIMP4/SERPINF1/SERPINB5/CASP8/THBS1/DLC1/RECK/HGF,13,Multicellular non-vertebrate
GO:0052547,regulation of peptidase activity,13/77,312/18870,3.828695908888202e-10,4.97156163769133e-7,2.9460807467339746e-7,TNFSF10/LGALS9/TIMP1/TIMP2/TIMP3/TIMP4/SERPINF1/SERPINB5/CASP8/THBS1/DLC1/RECK/HGF,13,Multicellular non-vertebrate
GO:0060562,epithelial tube morphogenesis,13/77,334/18870,8.802905993187008e-10,7.62038228810222e-7,4.5157363375576865e-7,MTSS1/TWIST1/SKI/TGFB1/BMP4/GPC3/NKX2-1/ESR1/SFRP1/SMAD4/CASP3/DLC1/PKD1,13,Multicellular non-vertebrate
GO:0030850,prostate gland development,7/77,50/18870,1.2369671696958737e-9,8.03100934925046e-7,4.759068426566757e-7,HOXA10/TP63/SERPINF1/SERPINB5/BMP4/ESR1/SFRP1,7,Multicellular non-vertebrate
GO:0010951,negative regulation of endopeptidase activity,9/77,128/18870,2.5027262663411963e-9,1.1888290984446337e-6,7.044841788809172e-7,TIMP1/TIMP2/TIMP3/TIMP4/SERPINF1/SERPINB5/THBS1/RECK/HGF,9,Multicellular non-vertebrate
GO:0048732,gland development,14/77,443/18870,2.7466209436533704e-9,1.1888290984446337e-6,7.044841788809172e-7,HOXA10/TP63/SERPINF1/SERPINB5/TGFB1/BMP4/NKX2-1/ESR1/SFRP1/SMAD4/PKD1/CDH1/ITGA2/HGF,14,Multicellular non-vertebrate
GO:0048608,reproductive structure development,12/77,305/18870,3.686963283139118e-9,1.3179469302054225e-6,7.809976742234271e-7,TNFSF10/HOXA10/TP63/SERPINF1/SERPINB5/BMP4/NKX2-1/ESR1/SFRP1/SMAD4/CASP3/PKD1,12,Multicellular non-vertebrate
GO:0061458,reproductive system development,12/77,309/18870,4.2681243426004605e-9,1.3179469302054225e-6,7.809976742234271e-7,TNFSF10/HOXA10/TP63/SERPINF1/SERPINB5/BMP4/NKX2-1/ESR1/SFRP1/SMAD4/CASP3/PKD1,12,Multicellular non-vertebrate
GO:0010466,negative regulation of peptidase activity,9/77,137/18870,4.567394059240972e-9,1.3179469302054225e-6,7.809976742234271e-7,TIMP1/TIMP2/TIMP3/TIMP4/SERPINF1/SERPINB5/THBS1/RECK/HGF,9,Multicellular non-vertebrate
GO:0001655,urogenital system development,7/77,67/18870,1.0190572793462788e-8,2.646491754462286e-6,1.5682755183202733e-6,HOXA10/TP63/SERPINF1/SERPINB5/BMP4/ESR1/SFRP1,7,Multicellular non-vertebrate
GO:0030326,embryonic limb morphogenesis,8/77,120/18870,3.0833164419589326e-8,6.6728106664727895e-6,3.954218103635052e-6,HOXA10/TWIST1/SKI/TP63/BMP4/GPC3/SMAD4/RECK,8,Multicellular non-vertebrate
GO:0035113,embryonic appendage morphogenesis,8/77,120/18870,3.0833164419589326e-8,6.6728106664727895e-6,3.954218103635052e-6,HOXA10/TWIST1/SKI/TP63/BMP4/GPC3/SMAD4/RECK,8,Multicellular non-vertebrate
GO:0045861,negative regulation of proteolysis,10/77,235/18870,3.9181309552527864e-8,7.827220069839605e-6,4.638305632857955e-6,GAS1/TIMP1/TIMP2/TIMP3/TIMP4/SERPINF1/SERPINB5/THBS1/RECK/HGF,10,Multicellular non-vertebrate
GO:0007162,negative regulation of cell adhesion,11/77,312/18870,5.361672436028511e-8,9.945902368832887e-6,5.8938083469726935e-6,LGALS9/TGFB1/BMP4/CASP3/PLA2G2A/THBS1/DLC1/CD9/RUNX3/CDH1/PLG,11,Multicellular non-vertebrate
GO:0050673,epithelial cell proliferation,13/77,480/18870,6.620747853687913e-8,1.114399999907287e-5,6.603784933483792e-6,MTSS1/TWIST1/TP63/SERPINF1/SERPINB5/TGFB1/BMP4/GPC3/ESR1/SFRP1/THBS1/RUNX3/HGF,13,Multicellular non-vertebrate
GO:0061138,morphogenesis of a branching epithelium,9/77,187/18870,6.865768193498881e-8,1.114399999907287e-5,6.603784933483792e-6,TP63/BMP4/GPC3/NKX2-1/ESR1/SFRP1/SMAD4/PKD1/HGF,9,Multicellular non-vertebrate
GO:0001843,neural tube closure,7/77,91/18870,8.772681689041462e-8,1.2936234151051002e-5,7.665838854077203e-6,TWIST1/SKI/TGFB1/BMP4/SFRP1/CASP3/DLC1,7,Multicellular non-vertebrate
GO:0060512,prostate gland morphogenesis,5/77,28/18870,9.056332350567811e-8,1.2936234151051002e-5,7.665838854077203e-6,TP63/SERPINB5/BMP4/ESR1/SFRP1,5,Multicellular non-vertebrate
GO:0060606,tube closure,7/77,92/18870,9.464322251442783e-8,1.2936234151051002e-5,7.665838854077203e-6,TWIST1/SKI/TGFB1/BMP4/SFRP1/CASP3/DLC1,7,Multicellular non-vertebrate
GO:0040013,negative regulation of locomotion,12/77,423/18870,1.3582948405099903e-7,1.5367839247384956e-5,9.106775420901367e-6,TIMP1/SERPINF1/TGFB1/BMP4/NKX2-1/SFRP1/BRMS1/THBS1/SEMA3F/DLC1/CDH1/RECK,12,Multicellular non-vertebrate
GO:0014020,primary neural tube formation,7/77,97/18870,1.365448737439846e-7,1.5367839247384956e-5,9.106775420901367e-6,TWIST1/SKI/TGFB1/BMP4/SFRP1/CASP3/DLC1,7,Multicellular non-vertebrate
GO:0001763,morphogenesis of a branching structure,9/77,203/18870,1.3858851968537295e-7,1.5367839247384956e-5,9.106775420901367e-6,TP63/BMP4/GPC3/NKX2-1/ESR1/SFRP1/SMAD4/PKD1/HGF,9,Multicellular non-vertebrate
GO:0035107,appendage morphogenesis,8/77,146/18870,1.4202084787725797e-7,1.5367839247384956e-5,9.106775420901367e-6,HOXA10/TWIST1/SKI/TP63/BMP4/GPC3/SMAD4/RECK,8,Multicellular non-vertebrate
GO:0035108,limb morphogenesis,8/77,146/18870,1.4202084787725797e-7,1.5367839247384956e-5,9.106775420901367e-6,HOXA10/TWIST1/SKI/TP63/BMP4/GPC3/SMAD4/RECK,8,Multicellular non-vertebrate
GO:0022408,negative regulation of cell-cell adhesion,9/77,205/18870,1.506573548602061e-7,1.5650286022878207e-5,9.274149591815636e-6,LGALS9/TGFB1/BMP4/CASP3/PLA2G2A/CD9/RUNX3/CDH1/PLG,9,Multicellular non-vertebrate
GO:0016331,morphogenesis of embryonic epithelium,8/77,152/18870,1.937258359408486e-7,1.9350230613014764e-5,1.14666871313976e-5,TWIST1/SKI/TP63/TGFB1/BMP4/SFRP1/CASP3/DLC1,8,Multicellular non-vertebrate
GO:0090287,regulation of cellular response to growth factor stimulus,11/77,357/18870,2.0869616906199827e-7,2.007347966866702e-5,1.1895274821389531e-5,SKI/TGFB1/BMP4/GPC3/NKX2-1/SFRP1/SMAD4/BRMS1/THBS1/CD63/CREB3L1,11,Multicellular non-vertebrate
GO:0001841,neural tube formation,7/77,104/18870,2.2071946006099032e-7,2.0471729920656853e-5,1.2131272579292026e-5,TWIST1/SKI/TGFB1/BMP4/SFRP1/CASP3/DLC1,7,Multicellular non-vertebrate
GO:1902043,positive regulation of extrinsic apoptotic signaling pathway via death domain receptors,4/77,14/18870,2.486695237587082e-7,2.1266685721298607e-5,1.260235272461689e-5,MAL/TIMP3/SFRP1/THBS1,4,Multicellular non-vertebrate
GO:1905049,negative regulation of metallopeptidase activity,4/77,14/18870,2.486695237587082e-7,2.1266685721298607e-5,1.260235272461689e-5,TIMP1/TIMP2/TIMP3/RECK,4,Multicellular non-vertebrate
GO:0051346,negative regulation of hydrolase activity,9/77,218/18870,2.5385724195620207e-7,2.1266685721298607e-5,1.260235272461689e-5,TIMP1/TIMP2/TIMP3/TIMP4/SERPINF1/SERPINB5/THBS1/RECK/HGF,9,Multicellular non-vertebrate
GO:0021915,neural tube development,8/77,162/18870,3.1586794150263584e-7,2.5428811640436048e-5,1.5068772720879354e-5,TWIST1/SKI/TGFB1/BMP4/SFRP1/CASP3/DLC1/PKD1,8,Multicellular non-vertebrate
GO:0030336,negative regulation of cell migration,11/77,373/18870,3.231231359778165e-7,2.5428811640436048e-5,1.5068772720879354e-5,TIMP1/SERPINF1/TGFB1/BMP4/NKX2-1/SFRP1/BRMS1/THBS1/DLC1/CDH1/RECK,11,Multicellular non-vertebrate
GO:0035051,cardiocyte differentiation,8/77,165/18870,3.6342802251729725e-7,2.7759487484630025e-5,1.6449899966572404e-5,CXADR/TWIST1/TGFB1/BMP4/SMAD4/MAP2K4/ITGB1/PDCD4,8,Multicellular non-vertebrate
GO:0097191,extrinsic apoptotic signaling pathway,9/77,229/18870,3.8456137943074804e-7,2.811245974458218e-5,1.665906659367252e-5,TNFSF10/MAL/TIMP3/TGFB1/BMP4/SFRP1/CASP8/THBS1/HGF,9,Multicellular non-vertebrate
GO:0032355,response to estradiol,7/77,113/18870,3.896990954196991e-7,2.811245974458218e-5,1.665906659367252e-5,CRYAB/TGFB1/ESR1/SFRP1/CASP3/CASP8/ITGA2,7,Multicellular non-vertebrate
GO:0051146,striated muscle cell differentiation,10/77,305/18870,4.427060087600206e-7,3.1073175804047934e-5,1.841354722068706e-5,CXADR/SKI/TGFB1/BMP4/BHLHE41/SMAD4/CASP3/CD9/MAP2K4/ITGB1,10,Multicellular non-vertebrate
GO:2000146,negative regulation of cell motility,11/77,388/18870,4.776645012615266e-7,3.264459762568906e-5,1.9344750715910026e-5,TIMP1/SERPINF1/TGFB1/BMP4/NKX2-1/SFRP1/BRMS1/THBS1/DLC1/CDH1/RECK,11,Multicellular non-vertebrate
GO:0050680,negative regulation of epithelial cell proliferation,8/77,173/18870,5.213191531706014e-7,3.4714508738052614e-5,2.0571352278958686e-5,MTSS1/SERPINF1/TGFB1/BMP4/GPC3/SFRP1/THBS1/RUNX3,8,Multicellular non-vertebrate
GO:0001837,epithelial to mesenchymal transition,8/77,178/18870,6.472165492920214e-7,4.157838230779624e-5,2.463879169649114e-5,TWIST1/TGFB1/BMP4/NKX2-1/SFRP1/SMAD4/HGF/PDCD4,8,Multicellular non-vertebrate
GO:0022612,gland morphogenesis,7/77,122/18870,6.564165092875032e-7,4.157838230779624e-5,2.463879169649114e-5,TP63/SERPINB5/TGFB1/BMP4/ESR1/SFRP1/HGF,7,Multicellular non-vertebrate
GO:0001667,ameboidal-type cell migration,12/77,497/18870,7.581222168369941e-7,4.368883443064614e-5,2.588941731860838e-5,TWIST1/TIMP1/SERPINF1/TGFB1/BMP4/GPC3/SMAD4/THBS1/SEMA3F/ITGA2/ITGB1/PLG,12,Multicellular non-vertebrate
GO:0050678,regulation of epithelial cell proliferation,11/77,407/18870,7.650281692358634e-7,4.368883443064614e-5,2.588941731860838e-5,MTSS1/TWIST1/TP63/SERPINF1/SERPINB5/TGFB1/BMP4/GPC3/SFRP1/THBS1/RUNX3,11,Multicellular non-vertebrate
GO:0048736,appendage development,8/77,182/18870,7.658485357467721e-7,4.368883443064614e-5,2.588941731860838e-5,HOXA10/TWIST1/SKI/TP63/BMP4/GPC3/SMAD4/RECK,8,Multicellular non-vertebrate
GO:0060173,limb development,8/77,182/18870,7.658485357467721e-7,4.368883443064614e-5,2.588941731860838e-5,HOXA10/TWIST1/SKI/TP63/BMP4/GPC3/SMAD4/RECK,8,Multicellular non-vertebrate
GO:0001838,embryonic epithelial tube formation,7/77,125/18870,7.738492043934241e-7,4.368883443064614e-5,2.588941731860838e-5,TWIST1/SKI/TGFB1/BMP4/SFRP1/CASP3/DLC1,7,Multicellular non-vertebrate
GO:0010712,regulation of collagen metabolic process,5/77,43/18870,8.456863404306916e-7,4.672866864039375e-5,2.769078230032858e-5,TGFB1/BMP4/ITGA2/ITGB1/CREB3L1,5,Multicellular non-vertebrate
GO:0060428,lung epithelium development,5/77,44/18870,9.510785722073204e-7,5.145731358380023e-5,3.049291387208558e-5,SPDEF/BMP4/NKX2-1/THRB/PKD1,5,Multicellular non-vertebrate
GO:0042692,muscle cell differentiation,11/77,419/18870,1.0169416717442741e-6,5.3897908602446525e-5,3.193917774629707e-5,CXADR/SKI/TGFB1/BMP4/BHLHE41/SMAD4/CASP3/CD9/MAP2K4/ITGB1/PDCD4,11,Multicellular non-vertebrate
GO:0048762,mesenchymal cell differentiation,9/77,262/18870,1.1837015354373934e-6,6.14814577506182e-5,3.643308725914672e-5,TWIST1/TGFB1/BMP4/NKX2-1/SFRP1/SMAD4/SEMA3F/HGF/PDCD4,9,Multicellular non-vertebrate
GO:0008625,extrinsic apoptotic signaling pathway via death domain receptors,6/77,86/18870,1.374168644347579e-6,6.997482292883653e-5,4.146614154873397e-5,MAL/TIMP3/SFRP1/CASP8/THBS1/HGF,6,Multicellular non-vertebrate
GO:0072175,epithelial tube formation,7/77,137/18870,1.4355086008305634e-6,7.16926122376341e-5,4.2484080453730444e-5,TWIST1/SKI/TGFB1/BMP4/SFRP1/CASP3/DLC1,7,Multicellular non-vertebrate
GO:0031589,cell-substrate adhesion,10/77,356/18870,1.7984326490987445e-6,8.755053786188784e-5,5.188127448840971e-5,OLFM4/TMEM8B/SFRP1/THBS1/DLC1/CD63/PKD1/ITGA2/ITGB1/PLG,10,Multicellular non-vertebrate
GO:1902041,regulation of extrinsic apoptotic signaling pathway via death domain receptors,5/77,50/18870,1.820457853115881e-6,8.755053786188784e-5,5.188127448840971e-5,MAL/TIMP3/SFRP1/THBS1/HGF,5,Multicellular non-vertebrate
GO:2001238,positive regulation of extrinsic apoptotic signaling pathway,5/77,53/18870,2.4422591993696776e-6,1.153190389229646e-4,6.833651577949223e-5,TNFSF10/MAL/TIMP3/SFRP1/THBS1,5,Multicellular non-vertebrate
GO:0051043,regulation of membrane protein ectodomain proteolysis,4/77,24/18870,2.5592376350945177e-6,1.155548039574723e-4,6.847622697680503e-5,TIMP1/TIMP2/TIMP3/TIMP4,4,Multicellular non-vertebrate
GO:1905048,regulation of metallopeptidase activity,4/77,24/18870,2.5592376350945177e-6,1.155548039574723e-4,6.847622697680503e-5,TIMP1/TIMP2/TIMP3/RECK,4,Multicellular non-vertebrate
GO:0007548,sex differentiation,9/77,288/18870,2.5807387868823233e-6,1.155548039574723e-4,6.847622697680503e-5,TNFSF10/HOXA10/TP63/NKX2-1/ESR1/SFRP1/SMAD4/CASP3/PKD1,9,Multicellular non-vertebrate
GO:0035148,tube formation,7/77,151/18870,2.7504896303051987e-6,1.21068162201739e-4,7.174336912589118e-5,TWIST1/SKI/TGFB1/BMP4/SFRP1/CASP3/DLC1,7,Multicellular non-vertebrate
GO:1902894,negative regulation of miRNA transcription,4/77,25/18870,3.037296605906472e-6,1.314643214256518e-4,7.790399364623268e-5,TWIST1/TGFB1/BMP4/ESR1,4,Multicellular non-vertebrate
GO:0090092,regulation of transmembrane receptor protein serine/threonine kinase signaling pathway,9/77,297/18870,3.318561698608702e-6,1.4128368411945574e-4,8.372281627896328e-5,SKI/TGFB1/BMP4/GPC3/NKX2-1/SFRP1/SMAD4/BRMS1/THBS1,9,Multicellular non-vertebrate
GO:0001666,response to hypoxia,9/77,298/18870,3.410765583819231e-6,1.428670680835249e-4,8.466110837935002e-5,CRYAB/TWIST1/TGFB1/SFRP1/SMAD4/CASP3/THBS1/NDRG1/ITGA2,9,Multicellular non-vertebrate
GO:0032967,positive regulation of collagen biosynthetic process,4/77,26/18870,3.5784410498198458e-6,1.4297248317510984e-4,8.472357594877109e-5,TGFB1/BMP4/ITGA2/CREB3L1,4,Multicellular non-vertebrate
GO:0060740,prostate gland epithelium morphogenesis,4/77,26/18870,3.5784410498198458e-6,1.4297248317510984e-4,8.472357594877109e-5,TP63/BMP4/ESR1/SFRP1,4,Multicellular non-vertebrate
GO:2000629,negative regulation of miRNA metabolic process,4/77,26/18870,3.5784410498198458e-6,1.4297248317510984e-4,8.472357594877109e-5,TWIST1/TGFB1/BMP4/ESR1,4,Multicellular non-vertebrate
GO:2001236,regulation of extrinsic apoptotic signaling pathway,7/77,158/18870,3.7157615617655326e-6,1.4620958751371347e-4,8.664184056301768e-5,TNFSF10/MAL/TIMP3/BMP4/SFRP1/THBS1/HGF,7,Multicellular non-vertebrate
GO:0033619,membrane protein proteolysis,5/77,59/18870,4.18023824517234e-6,1.5993700000813894e-4,9.477652109190732e-5,TIMP1/TIMP2/TIMP3/TIMP4/TGFB1,5,Multicellular non-vertebrate
GO:0010714,positive regulation of collagen metabolic process,4/77,27/18870,4.1877997691773e-6,1.5993700000813894e-4,9.477652109190732e-5,TGFB1/BMP4/ITGA2/CREB3L1,4,Multicellular non-vertebrate
GO:0032760,positive regulation of tumor necrosis factor production,6/77,106/18870,4.674615415104012e-6,1.7342823190035885e-4,1.0277124416364008e-4,TWIST1/LGALS9/TGFB1/THBS1/APP/MMP8,6,Multicellular non-vertebrate
GO:0032963,collagen metabolic process,6/77,106/18870,4.674615415104012e-6,1.7342823190035885e-4,1.0277124416364008e-4,TGFB1/BMP4/ITGA2/ITGB1/CREB3L1/MMP8,6,Multicellular non-vertebrate
GO:0035116,embryonic hindlimb morphogenesis,4/77,28/18870,4.8706725101225685e-6,1.7815685223645505e-4,1.0557336115343508e-4,TWIST1/TP63/BMP4/GPC3,4,Multicellular non-vertebrate
GO:0070372,regulation of ERK1 and ERK2 cascade,9/77,313/18870,5.082979343083482e-6,1.8334024102760837e-4,1.0864496783023467e-4,LGALS9/TIMP3/TGFB1/BMP4/SMAD4/PLA2G2A/SHC1/NDRG2/APP,9,Multicellular non-vertebrate
GO:0016049,cell growth,11/77,497/18870,5.27171538391934e-6,1.875430801649113e-4,1.111355139335267e-4,LGI1/CRYAB/TGFB1/DCC/SFRP1/SMAD4/SEMA3F/MAP2K4/CDH1/ITGB1/APP,11,Multicellular non-vertebrate
GO:0036293,response to decreased oxygen levels,9/77,315/18870,5.351850712339835e-6,1.8782103108035882e-4,1.1130022391807738e-4,CRYAB/TWIST1/TGFB1/SFRP1/SMAD4/CASP3/THBS1/NDRG1/ITGA2,9,Multicellular non-vertebrate
GO:1903557,positive regulation of tumor necrosis factor superfamily cytokine production,6/77,110/18870,5.794029506746283e-6,1.9955078750041072e-4,1.1825112025032954e-4,TWIST1/LGALS9/TGFB1/THBS1/APP/MMP8,6,Multicellular non-vertebrate
GO:0007160,cell-matrix adhesion,8/77,239/18870,5.839761205248831e-6,1.9955078750041072e-4,1.1825112025032954e-4,TMEM8B/SFRP1/THBS1/DLC1/CD63/PKD1/ITGA2/ITGB1,8,Multicellular non-vertebrate
GO:0010717,regulation of epithelial to mesenchymal transition,6/77,111/18870,6.105405706645757e-6,2.059186833786887e-4,1.2202464994006967e-4,TWIST1/TGFB1/BMP4/NKX2-1/SFRP1/SMAD4,6,Multicellular non-vertebrate
GO:0030198,extracellular matrix organization,9/77,321/18870,6.233023279995217e-6,2.0703545908997459e-4,1.2268643624811738e-4,DPT/SERPINB5/TGFB1/RECK/ITGB1/PLG/CREB3L1/APP/MMP8,9,Multicellular non-vertebrate
GO:0007178,transmembrane receptor protein serine/threonine kinase signaling pathway,10/77,410/18870,6.2979596719707315e-6,2.0703545908997459e-4,1.2268643624811738e-4,SKI/TGFB1/BMP4/GPC3/NKX2-1/SFRP1/SMAD4/BRMS1/THBS1/PDCD4,10,Multicellular non-vertebrate
GO:0043062,extracellular structure organization,9/77,322/18870,6.391363977156595e-6,2.0747965310844596e-4,1.229496596658282e-4,DPT/SERPINB5/TGFB1/RECK/ITGB1/PLG/CREB3L1/APP/MMP8,9,Multicellular non-vertebrate
GO:0045229,external encapsulating structure organization,9/77,323/18870,6.553143539445778e-6,2.10105108295564e-4,1.245054691964877e-4,DPT/SERPINB5/TGFB1/RECK/ITGB1/PLG/CREB3L1/APP/MMP8,9,Multicellular non-vertebrate
GO:0060560,developmental growth involved in morphogenesis,8/77,244/18870,6.796994497133321e-6,2.1526578913481993e-4,1.2756361944555732e-4,BMP4/ESR1/DCC/SFRP1/SEMA3F/CDH1/ITGB1/APP,8,Multicellular non-vertebrate
GO:0048863,stem cell differentiation,8/77,246/18870,7.215417932556331e-6,2.2370977417523344e-4,1.3256741172777955e-4,TWIST1/TP63/BMP4/ESR1/SFRP1/SMAD4/SEMA3F/ITGB1,8,Multicellular non-vertebrate
GO:0060485,mesenchyme development,9/77,327/18870,7.23589566065445e-6,2.2370977417523344e-4,1.3256741172777955e-4,TWIST1/TGFB1/BMP4/NKX2-1/SFRP1/SMAD4/SEMA3F/HGF/PDCD4,9,Multicellular non-vertebrate
GO:0033002,muscle cell proliferation,8/77,247/18870,7.432670606497635e-6,2.2444936703574836e-4,1.330056845373261e-4,SKI/TGFB1/BMP4/THBS1/NDRG2/ITGA2/HGF/PDCD4,8,Multicellular non-vertebrate
GO:0045926,negative regulation of growth,8/77,247/18870,7.432670606497635e-6,2.2444936703574836e-4,1.330056845373261e-4,CRYAB/TGFB1/GPC3/DCC/SFRP1/SMAD4/SEMA3F/CDH1,8,Multicellular non-vertebrate
GO:0032025,response to cobalt ion,3/77,10/18870,7.67977288643798e-6,2.266405702963572e-4,1.3430416220062592e-4,SERPINF1/CASP3/CASP8,3,Multicellular non-vertebrate
GO:0060525,prostate glandular acinus development,3/77,10/18870,7.67977288643798e-6,2.266405702963572e-4,1.3430416220062592e-4,TP63/ESR1/SFRP1,3,Multicellular non-vertebrate
GO:0071214,cellular response to abiotic stimulus,9/77,334/18870,8.57792914255579e-6,2.4752091092463763e-4,1.466775720048721e-4,CRYAB/TIMP1/SFRP1/CASP3/CASP8/CASP5/TRPM1/MAP2K4/ITGA2,9,Multicellular non-vertebrate
GO:0104004,cellular response to environmental stimulus,9/77,334/18870,8.57792914255579e-6,2.4752091092463763e-4,1.466775720048721e-4,CRYAB/TIMP1/SFRP1/CASP3/CASP8/CASP5/TRPM1/MAP2K4/ITGA2,9,Multicellular non-vertebrate
GO:0070371,ERK1 and ERK2 cascade,9/77,336/18870,8.998443977106978e-6,2.568017473466684e-4,1.5217727119179185e-4,LGALS9/TIMP3/TGFB1/BMP4/SMAD4/PLA2G2A/SHC1/NDRG2/APP,9,Multicellular non-vertebrate
GO:0003002,regionalization,10/77,430/18870,9.549718854862796e-6,2.6957195506607264e-4,1.5974472500926098e-4,HOXA10/SKI/TP63/BMP4/GPC3/NKX2-1/BHLHE41/SFRP1/SMAD4/SEMA3F,10,Multicellular non-vertebrate
GO:1902893,regulation of miRNA transcription,5/77,70/18870,9.75877273541661e-6,2.725111053105047e-4,1.6148642602353236e-4,TWIST1/TGFB1/BMP4/ESR1/SMAD4,5,Multicellular non-vertebrate
GO:0001649,osteoblast differentiation,8/77,257/18870,9.927324731933997e-6,2.742687481790701e-4,1.625279816135219e-4,TWIST1/SKI/TP63/BMP4/SFRP1/SMAD4/HGF/CREB3L1,8,Multicellular non-vertebrate
GO:0061614,miRNA transcription,5/77,71/18870,1.04647892912104e-5,2.860742925186675e-4,1.6952378885041116e-4,TWIST1/TGFB1/BMP4/ESR1/SMAD4,5,Multicellular non-vertebrate
GO:0070482,response to oxygen levels,9/77,343/18870,1.0612268863089557e-5,2.8708398164003726e-4,1.7012211708154531e-4,CRYAB/TWIST1/TGFB1/SFRP1/SMAD4/CASP3/THBS1/NDRG1/ITGA2,9,Multicellular non-vertebrate
GO:0030308,negative regulation of cell growth,7/77,189/18870,1.2041039024824085e-5,3.19752692799107e-4,1.894811571539203e-4,CRYAB/TGFB1/DCC/SFRP1/SMAD4/SEMA3F/CDH1,7,Multicellular non-vertebrate
GO:0014706,striated muscle tissue development,8/77,264/18870,1.2066139350909698e-5,3.19752692799107e-4,1.894811571539203e-4,CXADR/TWIST1/SKI/TGFB1/BMP4/SMAD4/MAP2K4/ITGB1,8,Multicellular non-vertebrate
GO:0001503,ossification,10/77,444/18870,1.261161658063028e-5,3.308320026252206e-4,1.9604660755854835e-4,TWIST1/SKI/TP63/BMP4/GPC3/SFRP1/SMAD4/RUNX3/HGF/CREB3L1,10,Multicellular non-vertebrate
GO:0051099,positive regulation of binding,6/77,127/18870,1.3238457565267662e-5,3.4380274297000115e-4,2.0373289432022446e-4,TWIST1/SKI/TGFB1/BMP4/PKD1/APP,6,Multicellular non-vertebrate
GO:0035137,hindlimb morphogenesis,4/77,36/18870,1.367008795457399e-5,3.514972120596896e-4,2.0829253350273237e-4,TWIST1/TP63/BMP4/GPC3,4,Multicellular non-vertebrate
GO:0060442,branching involved in prostate gland morphogenesis,3/77,12/18870,1.3996967141830249e-5,3.563737614444427e-4,2.1118231126270205e-4,BMP4/ESR1/SFRP1,3,Multicellular non-vertebrate
GO:0007369,gastrulation,7/77,197/18870,1.5754951927850346e-5,3.945455137617299e-4,2.3380237971734553e-4,BMP4/GPC3/SFRP1/SMAD4/ITGA2/ITGB1/MMP8,7,Multicellular non-vertebrate
GO:0055007,cardiac muscle cell differentiation,6/77,131/18870,1.5800051378983405e-5,3.945455137617299e-4,2.3380237971734553e-4,CXADR/TGFB1/BMP4/SMAD4/MAP2K4/ITGB1,6,Multicellular non-vertebrate
GO:0032965,regulation of collagen biosynthetic process,4/77,38/18870,1.7024662000414395e-5,4.210766401435827e-4,2.495243693694822e-4,TGFB1/BMP4/ITGA2/CREB3L1,4,Multicellular non-vertebrate
GO:1901862,negative regulation of muscle tissue development,3/77,13/18870,1.8142605625007595e-5,4.444938378126861e-4,2.6340108663119275e-4,TWIST1/TGFB1/BMP4,3,Multicellular non-vertebrate
GO:0061333,renal tubule morphogenesis,5/77,81/18870,1.9949927277586277e-5,4.84205244298052e-4,2.869335334956335e-4,MTSS1/BMP4/GPC3/SMAD4/PKD1,5,Multicellular non-vertebrate
GO:0045165,cell fate commitment,8/77,286/18870,2.148475889365586e-5,5.166288782113359e-4,3.0614734407918983e-4,GAS1/SPDEF/BMP4/NKX2-1/SFRP1/SMAD4/CASP3/ITGB1,8,Multicellular non-vertebrate
GO:0007389,pattern specification process,10/77,475/18870,2.253675140583355e-5,5.36953609183025e-4,3.181915070529083e-4,HOXA10/SKI/TP63/BMP4/GPC3/NKX2-1/BHLHE41/SFRP1/SMAD4/SEMA3F,10,Multicellular non-vertebrate
GO:0043086,negative regulation of catalytic activity,10/77,480/18870,2.4644488815264693e-5,5.818339768476582e-4,3.4478701098485153e-4,TIMP1/TIMP2/TIMP3/TIMP4/SERPINF1/SERPINB5/THBS1/RECK/HGF/PDCD4,10,Multicellular non-vertebrate
GO:0071559,response to transforming growth factor beta,8/77,293/18870,2.554275269431101e-5,5.976083670912225e-4,3.5413470307333055e-4,SKI/TGFB1/NKX2-1/SFRP1/SMAD4/BRMS1/THBS1/RUNX3,8,Multicellular non-vertebrate
GO:2000628,regulation of miRNA metabolic process,5/77,86/18870,2.6690178183245164e-5,6.169200909549823e-4,3.6557857162158126e-4,TWIST1/TGFB1/BMP4/ESR1/SMAD4,5,Multicellular non-vertebrate
GO:0060541,respiratory system development,7/77,214/18870,2.6843269263732388e-5,6.169200909549823e-4,3.6557857162158126e-4,SPDEF/SKI/BMP4/GPC3/NKX2-1/THRB/PKD1,7,Multicellular non-vertebrate
GO:2001235,positive regulation of apoptotic signaling pathway,6/77,145/18870,2.809240358608641e-5,6.399646676584773e-4,3.7923447869675286e-4,TNFSF10/MAL/TP63/TIMP3/SFRP1/THBS1,6,Multicellular non-vertebrate
GO:0010763,positive regulation of fibroblast migration,3/77,15/18870,2.8693951012360677e-5,6.423981963715575e-4,3.806765551730609e-4,TGFB1/THBS1/ITGB1,3,Multicellular non-vertebrate
GO:0072176,nephric duct development,3/77,15/18870,2.8693951012360677e-5,6.423981963715575e-4,3.806765551730609e-4,BMP4/GPC3/PKD1,3,Multicellular non-vertebrate
GO:0030177,positive regulation of Wnt signaling pathway,6/77,146/18870,2.920217719744656e-5,6.481884972800745e-4,3.8410780983056124e-4,SKI/TGFB1/GPC5/GPC3/SFRP1/RECK,6,Multicellular non-vertebrate
GO:0006509,membrane protein ectodomain proteolysis,4/77,44/18870,3.073434578060315e-5,6.764160677307322e-4,4.00835089484762e-4,TIMP1/TIMP2/TIMP3/TIMP4,4,Multicellular non-vertebrate
GO:0009952,anterior/posterior pattern specification,7/77,219/18870,3.11165343505934e-5,6.790726025923618e-4,4.024093164136891e-4,HOXA10/SKI/BMP4/GPC3/BHLHE41/SFRP1/SMAD4,7,Multicellular non-vertebrate
GO:0008584,male gonad development,6/77,150/18870,3.3999480420991134e-5,7.237430381419179e-4,4.288804173898968e-4,TNFSF10/HOXA10/NKX2-1/ESR1/SFRP1/SMAD4,6,Multicellular non-vertebrate
GO:0045667,regulation of osteoblast differentiation,6/77,150/18870,3.3999480420991134e-5,7.237430381419179e-4,4.288804173898968e-4,TWIST1/SKI/TP63/BMP4/SFRP1/HGF,6,Multicellular non-vertebrate
GO:0072073,kidney epithelium development,6/77,150/18870,3.3999480420991134e-5,7.237430381419179e-4,4.288804173898968e-4,MTSS1/BMP4/GPC3/SFRP1/SMAD4/PKD1,6,Multicellular non-vertebrate
GO:2001233,regulation of apoptotic signaling pathway,9/77,398/18870,3.4320836092413304e-5,7.246439945690842e-4,4.2941431208479467e-4,TNFSF10/MAL/TP63/TIMP3/BMP4/SFRP1/THBS1/HGF/CREB3L1,9,Multicellular non-vertebrate
GO:0050866,negative regulation of cell activation,7/77,223/18870,3.492522049193117e-5,7.314580453027844e-4,4.3345222715792335e-4,LGALS9/BMP4/SFRP1/CASP3/PLA2G2A/CD9/RUNX3,7,Multicellular non-vertebrate
GO:0046546,development of primary male sexual characteristics,6/77,151/18870,3.529254210888151e-5,7.332378548541221e-4,4.3450691842681906e-4,TNFSF10/HOXA10/NKX2-1/ESR1/SFRP1/SMAD4,6,Multicellular non-vertebrate
GO:0050729,positive regulation of inflammatory response,6/77,152/18870,3.662481426651026e-5,7.548781162708503e-4,4.473306470980618e-4,TGFB1/PLA2G2A/PTGER3/PDCD4/APP/MMP8,6,Multicellular non-vertebrate
GO:0140747,regulation of ncRNA transcription,5/77,92/18870,3.697774476308434e-5,7.561512059033862e-4,4.48085062939323e-4,TWIST1/TGFB1/BMP4/ESR1/SMAD4,5,Multicellular non-vertebrate
GO:0055006,cardiac cell development,5/77,93/18870,3.8954994010599566e-5,7.903603081681803e-4,4.6835691812085995e-4,CXADR/BMP4/SMAD4/MAP2K4/PDCD4,5,Multicellular non-vertebrate
GO:0048754,branching morphogenesis of an epithelial tube,6/77,156/18870,4.236378366829025e-5,8.492384221168714e-4,5.032472987596483e-4,BMP4/GPC3/NKX2-1/ESR1/SMAD4/PKD1,6,Multicellular non-vertebrate
GO:0051403,stress-activated MAPK cascade,7/77,230/18870,4.25109722276447e-5,8.492384221168714e-4,5.032472987596483e-4,CRYAB/LGALS9/BMP4/MAP2K4/HGF/PDCD4/APP,7,Multicellular non-vertebrate
GO:0014033,neural crest cell differentiation,5/77,95/18870,4.3154609738394934e-5,8.55515431226043e-4,5.069669701690109e-4,TWIST1/BMP4/SFRP1/SMAD4/SEMA3F,5,Multicellular non-vertebrate
GO:0032964,collagen biosynthetic process,4/77,48/18870,4.351238860226262e-5,8.560732818187578e-4,5.072975449482293e-4,TGFB1/BMP4/ITGA2/CREB3L1,4,Multicellular non-vertebrate
GO:0008406,gonad development,7/77,233/18870,4.6151848840093164e-5,9.011755747197139e-4,5.340245587987036e-4,TNFSF10/HOXA10/NKX2-1/ESR1/SFRP1/SMAD4/CASP3,7,Multicellular non-vertebrate
GO:0017015,regulation of transforming growth factor beta receptor signaling pathway,6/77,160/18870,4.880271721348589e-5,9.458257955479319e-4,5.604836808021711e-4,SKI/TGFB1/NKX2-1/SMAD4/BRMS1/THBS1,6,Multicellular non-vertebrate
GO:0009798,axis specification,5/77,98/18870,5.01016789485627e-5,9.638078535512396e-4,5.711396071953114e-4,SKI/BMP4/GPC3/SFRP1/SMAD4,5,Multicellular non-vertebrate
GO:0016202,regulation of striated muscle tissue development,3/77,18/18870,5.1008036840740545e-5,9.74028468201494e-4,5.771962063557483e-4,TWIST1/TGFB1/BMP4,3,Multicellular non-vertebrate
GO:0072163,mesonephric epithelium development,5/77,99/18870,5.259960762251049e-5,9.791976494900945e-4,5.802593938570895e-4,BMP4/GPC3/SFRP1/SMAD4/PKD1,5,Multicellular non-vertebrate
GO:0072164,mesonephric tubule development,5/77,99/18870,5.259960762251049e-5,9.791976494900945e-4,5.802593938570895e-4,BMP4/GPC3/SFRP1/SMAD4/PKD1,5,Multicellular non-vertebrate
GO:0031098,stress-activated protein kinase signaling cascade,7/77,238/18870,5.278693528248488e-5,9.791976494900945e-4,5.802593938570895e-4,CRYAB/LGALS9/BMP4/MAP2K4/HGF/PDCD4/APP,7,Multicellular non-vertebrate
GO:0045137,development of primary sexual characteristics,7/77,238/18870,5.278693528248488e-5,9.791976494900945e-4,5.802593938570895e-4,TNFSF10/HOXA10/NKX2-1/ESR1/SFRP1/SMAD4/CASP3,7,Multicellular non-vertebrate
GO:0043281,regulation of cysteine-type endopeptidase activity involved in apoptotic process,6/77,163/18870,5.412813495923442e-5,9.89934975275576e-4,5.866221891060099e-4,TNFSF10/LGALS9/CASP8/THBS1/DLC1/HGF,6,Multicellular non-vertebrate
GO:1903844,regulation of cellular response to transforming growth factor beta stimulus,6/77,163/18870,5.412813495923442e-5,9.89934975275576e-4,5.866221891060099e-4,SKI/TGFB1/NKX2-1/SMAD4/BRMS1/THBS1,6,Multicellular non-vertebrate
GO:0072080,nephron tubule development,5/77,100/18870,5.5192727501798416e-5,0.0010023462470081853,5.939769422718388e-4,MTSS1/BMP4/GPC3/SMAD4/PKD1,5,Multicellular non-vertebrate
GO:0050727,regulation of inflammatory response,9/77,425/18870,5.7064447191583305e-5,0.0010291414538648738,6.098554224714533e-4,AHR/TGFB1/ESR1/PLA2G2A/PTGER3/HGF/PDCD4/APP/MMP8,9,Multicellular non-vertebrate
GO:0060688,regulation of morphogenesis of a branching structure,4/77,52/18870,5.9796920897896555e-5,0.0010709834729092232,6.346504417620674e-4,BMP4/ESR1/SFRP1/HGF,4,Multicellular non-vertebrate
GO:0030509,BMP signaling pathway,6/77,167/18870,6.194191359990659e-5,0.0011018023946503931,6.529133214352087e-4,SKI/BMP4/GPC3/SFRP1/SMAD4/PDCD4,6,Multicellular non-vertebrate
GO:0001823,mesonephros development,5/77,103/18870,6.356834398375324e-5,0.0011230407437129739,6.654988822359273e-4,BMP4/GPC3/SFRP1/SMAD4/PKD1,5,Multicellular non-vertebrate
GO:0051250,negative regulation of lymphocyte activation,6/77,169/18870,6.617331257591415e-5,0.00114709297121868,6.79751909661638e-4,LGALS9/BMP4/SFRP1/CASP3/PLA2G2A/RUNX3,6,Multicellular non-vertebrate
GO:0061326,renal tubule development,5/77,104/18870,6.656750735813385e-5,0.00114709297121868,6.79751909661638e-4,MTSS1/BMP4/GPC3/SMAD4/PKD1,5,Multicellular non-vertebrate
GO:0090100,positive regulation of transmembrane receptor protein serine/threonine kinase signaling pathway,5/77,104/18870,6.656750735813385e-5,0.00114709297121868,6.79751909661638e-4,TGFB1/BMP4/GPC3/SMAD4/THBS1,5,Multicellular non-vertebrate
GO:0048738,cardiac muscle tissue development,7/77,247/18870,6.669658785291516e-5,0.00114709297121868,6.79751909661638e-4,CXADR/SKI/TGFB1/BMP4/SMAD4/MAP2K4/ITGB1,7,Multicellular non-vertebrate
GO:0010586,miRNA metabolic process,5/77,105/18870,6.967467002068878e-5,0.001190428408182426,7.05431908381212e-4,TWIST1/TGFB1/BMP4/ESR1/SMAD4,5,Multicellular non-vertebrate
GO:0048660,regulation of smooth muscle cell proliferation,6/77,171/18870,7.063259707736742e-5,0.0011989075464700861,7.104565320062688e-4,TGFB1/BMP4/THBS1/NDRG2/ITGA2/PDCD4,6,Multicellular non-vertebrate
GO:0046661,male sex differentiation,6/77,174/18870,7.77683782335048e-5,0.001311457651119558,7.771522144728915e-4,TNFSF10/HOXA10/NKX2-1/ESR1/SFRP1/SMAD4,6,Multicellular non-vertebrate
GO:0048659,smooth muscle cell proliferation,6/77,175/18870,8.027071080870226e-5,0.0013449228127109664,7.969832203892884e-4,TGFB1/BMP4/THBS1/NDRG2/ITGA2/PDCD4,6,Multicellular non-vertebrate
GO:0034329,cell junction assembly,9/77,446/18870,8.257723370014363e-5,0.0013746992046107245,8.146283108610661e-4,LZTS1/SFRP1/THBS1/DLC1/EPB41L3/CD9/CDH1/ITGA2/APP,9,Multicellular non-vertebrate
GO:0090263,positive regulation of canonical Wnt signaling pathway,5/77,110/18870,8.692482825833306e-5,0.0014378584648846557,8.520556413924436e-4,TGFB1/GPC5/GPC3/SFRP1/RECK,5,Multicellular non-vertebrate
GO:0071772,response to BMP,6/77,179/18870,9.093013046592764e-5,0.0014851921309434846,8.801049370485681e-4,SKI/BMP4/GPC3/SFRP1/SMAD4/PDCD4,6,Multicellular non-vertebrate
GO:0071773,cellular response to BMP stimulus,6/77,179/18870,9.093013046592764e-5,0.0014851921309434846,8.801049370485681e-4,SKI/BMP4/GPC3/SFRP1/SMAD4/PDCD4,6,Multicellular non-vertebrate
GO:2000725,regulation of cardiac muscle cell differentiation,3/77,22/18870,9.514032741774464e-5,0.0015442464393992676,9.150997281890965e-4,TGFB1/BMP4/SMAD4,3,Multicellular non-vertebrate
GO:0009948,anterior/posterior axis specification,4/77,59/18870,9.837830759963588e-5,0.0015732791162956991,9.323041031247845e-4,SKI/BMP4/GPC3/SMAD4,4,Multicellular non-vertebrate
GO:0010718,positive regulation of epithelial to mesenchymal transition,4/77,59/18870,9.837830759963588e-5,0.0015732791162956991,9.323041031247845e-4,TWIST1/TGFB1/BMP4/SMAD4,4,Multicellular non-vertebrate
GO:0042177,negative regulation of protein catabolic process,5/77,113/18870,9.874643664081593e-5,0.0015732791162956991,9.323041031247845e-4,TIMP1/TIMP2/TIMP3/TIMP4/SMAD4,5,Multicellular non-vertebrate
GO:0016055,Wnt signaling pathway,9/77,459/18870,1.027385496567224e-4,0.001626902521088464,9.640806135951744e-4,SKI/TGFB1/GPC5/GPC3/SFRP1/PKD1/RECK/NDRG2/APP,9,Multicellular non-vertebrate
GO:0198738,cell-cell signaling by wnt,9/77,461/18870,1.0617965305520311e-4,0.001671203387784015,9.903327130252437e-4,SKI/TGFB1/GPC5/GPC3/SFRP1/PKD1/RECK/NDRG2/APP,9,Multicellular non-vertebrate
GO:0048634,regulation of muscle organ development,3/77,23/18870,1.0909048011390247e-4,0.0016964549512323635,0.0010052964508447868,TWIST1/TGFB1/BMP4,3,Multicellular non-vertebrate
GO:0060065,uterus development,3/77,23/18870,1.0909048011390247e-4,0.0016964549512323635,0.0010052964508447868,HOXA10/ESR1/SMAD4,3,Multicellular non-vertebrate
GO:0003179,heart valve morphogenesis,4/77,61/18870,1.1210832614286225e-4,0.0017151796168655045,0.0010163924365593367,TWIST1/TGFB1/BMP4/SMAD4,4,Multicellular non-vertebrate
GO:0032640,tumor necrosis factor production,6/77,186/18870,1.1227590868969416e-4,0.0017151796168655045,0.0010163924365593367,TWIST1/LGALS9/TGFB1/THBS1/APP/MMP8,6,Multicellular non-vertebrate
GO:0032680,regulation of tumor necrosis factor production,6/77,186/18870,1.1227590868969416e-4,0.0017151796168655045,0.0010163924365593367,TWIST1/LGALS9/TGFB1/THBS1/APP/MMP8,6,Multicellular non-vertebrate
GO:0042176,regulation of protein catabolic process,8/77,364/18870,1.1718253460015409e-4,0.001779666914366083,0.0010546067441392754,TIMP1/TIMP2/TIMP3/TIMP4/GPC3/SMAD4/PKD1/CDH1,8,Multicellular non-vertebrate
GO:0030324,lung development,6/77,188/18870,1.1905361933796607e-4,0.0017975712175621972,0.0010652165940765385,SPDEF/BMP4/GPC3/NKX2-1/THRB/PKD1,6,Multicellular non-vertebrate
GO:2000353,positive regulation of endothelial cell apoptotic process,3/77,24/18870,1.2430922903944655e-4,0.001866075536505449,0.0011058113346861628,TGFB1/THBS1/PDCD4,3,Multicellular non-vertebrate
GO:0002040,sprouting angiogenesis,6/77,190/18870,1.261524829896113e-4,0.0018828620593334515,0.001115758802969218,TGFB1/BMP4/THBS1/RECK/ITGB1/CREB3L1,6,Multicellular non-vertebrate
GO:0002237,response to molecule of bacterial origin,8/77,369/18870,1.2871981482376975e-4,0.0018919335842460488,0.0011211344669629832,IRF8/LGALS9/AHR/CASP3/CASP8/PTGER1/PDCD4/MMP8,8,Multicellular non-vertebrate
GO:0071706,tumor necrosis factor superfamily cytokine production,6/77,191/18870,1.2982575650094942e-4,0.0018919335842460488,0.0011211344669629832,TWIST1/LGALS9/TGFB1/THBS1/APP/MMP8,6,Multicellular non-vertebrate
GO:1903555,regulation of tumor necrosis factor superfamily cytokine production,6/77,191/18870,1.2982575650094942e-4,0.0018919335842460488,0.0011211344669629832,TWIST1/LGALS9/TGFB1/THBS1/APP/MMP8,6,Multicellular non-vertebrate
GO:0043410,positive regulation of MAPK cascade,9/77,474/18870,1.3099226429022642e-4,0.0018919335842460488,0.0011211344669629832,LGALS9/TGFB1/BMP4/PLA2G2A/THBS1/SHC1/MAP2K4/HGF/APP,9,Multicellular non-vertebrate
GO:0046660,female sex differentiation,5/77,120/18870,1.311313227432764e-4,0.0018919335842460488,0.0011211344669629832,TP63/ESR1/SFRP1/SMAD4/CASP3,5,Multicellular non-vertebrate
GO:0072009,nephron epithelium development,5/77,120/18870,1.311313227432764e-4,0.0018919335842460488,0.0011211344669629832,MTSS1/BMP4/GPC3/SMAD4/PKD1,5,Multicellular non-vertebrate
GO:0030323,respiratory tube development,6/77,192/18870,1.3358343625928485e-4,0.001916663999808634,0.0011357893795351816,SPDEF/BMP4/GPC3/NKX2-1/THRB/PKD1,6,Multicellular non-vertebrate
GO:0030225,macrophage differentiation,4/77,64/18870,1.3523846417127505e-4,0.001929748854136271,0.0011435432887125746,TGFB1/BMP4/CASP8/APP,4,Multicellular non-vertebrate
GO:0030510,regulation of BMP signaling pathway,5/77,121/18870,1.363510071925377e-4,0.0019349921621804396,0.0011466504027350599,SKI/BMP4/GPC3/SFRP1/SMAD4,5,Multicellular non-vertebrate
GO:0042113,B cell activation,7/77,278/18870,1.393308413438696e-4,0.0019665336683153773,0.001165341476228475,IRF8/AHR/TGFB1/SFRP1/CASP3/CASP8/ITGB1,7,Multicellular non-vertebrate
GO:1905330,regulation of morphogenesis of an epithelium,4/77,65/18870,1.4366284664309113e-4,0.0020167157444978792,0.001195078701520337,BMP4/ESR1/SFRP1/HGF,4,Multicellular non-vertebrate
GO:0055001,muscle cell development,6/77,195/18870,1.453769863539206e-4,0.0020189520511290472,0.001196403906836093,CXADR/SKI/BMP4/SMAD4/MAP2K4/ITGB1,6,Multicellular non-vertebrate
GO:2000116,regulation of cysteine-type endopeptidase activity,6/77,195/18870,1.453769863539206e-4,0.0020189520511290472,0.001196403906836093,TNFSF10/LGALS9/CASP8/THBS1/DLC1/HGF,6,Multicellular non-vertebrate
GO:0044346,fibroblast apoptotic process,3/77,26/18870,1.5875081547646525e-4,0.002181353797843282,0.0012926410037682665,TP63/SFRP1/CASP3,3,Multicellular non-vertebrate
GO:0060391,positive regulation of SMAD protein signal transduction,3/77,26/18870,1.5875081547646525e-4,0.002181353797843282,0.0012926410037682665,TGFB1/BMP4/SMAD4,3,Multicellular non-vertebrate
GO:0001818,negative regulation of cytokine production,8/77,381/18870,1.602890542739557e-4,0.002190898283944542,0.0012982969382189652,TWIST1/LGALS9/TGFB1/CASP3/THBS1/NDRG2/HGF/PDCD4,8,Multicellular non-vertebrate
GO:0010721,negative regulation of cell development,7/77,287/18870,1.6954111503335775e-4,0.002293220186154323,0.0013589315251029007,SKI/BMP4/DCC/SFRP1/SEMA3F/RUNX3/CDH1,7,Multicellular non-vertebrate
GO:0071560,cellular response to transforming growth factor beta stimulus,7/77,287/18870,1.6954111503335775e-4,0.002293220186154323,0.0013589315251029007,SKI/TGFB1/NKX2-1/SFRP1/SMAD4/BRMS1/THBS1,7,Multicellular non-vertebrate
GO:0022407,regulation of cell-cell adhesion,9/77,493/18870,1.7587558795953884e-4,0.002357612320239451,0.0013970894401191974,LGALS9/TGFB1/BMP4/CASP3/PLA2G2A/CD9/RUNX3/CDH1/PLG,9,Multicellular non-vertebrate
GO:0002695,negative regulation of leukocyte activation,6/77,202/18870,1.7611736238985502e-4,0.002357612320239451,0.0013970894401191974,LGALS9/BMP4/SFRP1/CASP3/PLA2G2A/RUNX3,6,Multicellular non-vertebrate
GO:0050767,regulation of neurogenesis,8/77,390/18870,1.8794510341015356e-4,0.002503043249005994,0.001483269857952197,SKI/SERPINF1/TGFB1/BHLHE41/DCC/SEMA3F/CDH1/ITGB1,8,Multicellular non-vertebrate
GO:0001819,positive regulation of cytokine production,9/77,499/18870,1.9247089697913182e-4,0.0025502393849734964,0.001511237655120788,IRF8/TWIST1/LGALS9/TGFB1/CASP8/THBS1/HGF/APP/MMP8,9,Multicellular non-vertebrate
GO:0060479,lung cell differentiation,3/77,28/18870,1.9885525483144613e-4,0.0026082176605922505,0.0015455948036341002,SPDEF/NKX2-1/THRB,3,Multicellular non-vertebrate
GO:0060487,lung epithelial cell differentiation,3/77,28/18870,1.9885525483144613e-4,0.0026082176605922505,0.0015455948036341002,SPDEF/NKX2-1/THRB,3,Multicellular non-vertebrate
GO:0048511,rhythmic process,7/77,296/18870,2.0485646729099505e-4,0.002666376956961338,0.0015800592226161668,TWIST1/AHR/SERPINF1/NKX2-1/BHLHE41/ESR1/CASP3,7,Multicellular non-vertebrate
GO:0031330,negative regulation of cellular catabolic process,6/77,208/18870,2.0636956809750825e-4,0.002666376956961338,0.0015800592226161668,LZTS1/TIMP1/TIMP2/TIMP3/TIMP4/HGF,6,Multicellular non-vertebrate
GO:1901654,response to ketone,6/77,208/18870,2.0636956809750825e-4,0.002666376956961338,0.0015800592226161668,HOXA10/AHR/SERPINF1/TGFB1/SFRP1/THBS1,6,Multicellular non-vertebrate
GO:0050868,negative regulation of T cell activation,5/77,133/18870,2.1223017002574608e-4,0.002706471502246337,0.0016038187123945222,LGALS9/BMP4/CASP3/PLA2G2A/RUNX3,5,Multicellular non-vertebrate
GO:0032722,positive regulation of chemokine production,4/77,72/18870,2.1364137772834007e-4,0.002706471502246337,0.0016038187123945222,TWIST1/LGALS9/TGFB1/APP,4,Multicellular non-vertebrate
GO:0042130,negative regulation of T cell proliferation,4/77,72/18870,2.1364137772834007e-4,0.002706471502246337,0.0016038187123945222,LGALS9/BMP4/CASP3/PLA2G2A,4,Multicellular non-vertebrate
GO:0071260,cellular response to mechanical stimulus,4/77,72/18870,2.1364137772834007e-4,0.002706471502246337,0.0016038187123945222,CASP8/CASP5/MAP2K4/ITGA2,4,Multicellular non-vertebrate
GO:0003401,axis elongation,3/77,29/18870,2.2115018498548004e-4,0.0027879952932392802,0.0016521286175205513,BMP4/ESR1/SFRP1,3,Multicellular non-vertebrate
GO:0003170,heart valve development,4/77,73/18870,2.253309526327274e-4,0.00282697818351301,0.0016752293554490082,TWIST1/TGFB1/BMP4/SMAD4,4,Multicellular non-vertebrate
GO:0009612,response to mechanical stimulus,6/77,213/18870,2.345919697715134e-4,0.0029114524353741453,0.0017252876641132482,CASP8/CASP5/THBS1/PKD1/MAP2K4/ITGA2,6,Multicellular non-vertebrate
GO:0007498,mesoderm development,5/77,136/18870,2.354274206502004e-4,0.0029114524353741453,0.0017252876641132482,TP63/BMP4/SMAD4/ITGA2/ITGB1,5,Multicellular non-vertebrate
GO:0098781,ncRNA transcription,5/77,136/18870,2.354274206502004e-4,0.0029114524353741453,0.0017252876641132482,TWIST1/TGFB1/BMP4/ESR1/SMAD4,5,Multicellular non-vertebrate
GO:0045216,cell-cell junction organization,6/77,214/18870,2.4058472074769982e-4,0.0029611304255060494,0.001754726174772448,CXADR/MTSS1/TGFB1/EPB41L3/CD9/CDH1,6,Multicellular non-vertebrate
GO:0070374,positive regulation of ERK1 and ERK2 cascade,6/77,218/18870,2.6577302318260874e-4,0.003255719533986957,0.0019292957293593545,LGALS9/TGFB1/BMP4/PLA2G2A/SHC1/APP,6,Multicellular non-vertebrate
GO:0072078,nephron tubule morphogenesis,4/77,77/18870,2.767289002732094e-4,0.0033740138685893185,0.0019993953654530872,BMP4/GPC3/SMAD4/PKD1,4,Multicellular non-vertebrate
GO:0001822,kidney development,7/77,314/18870,2.9333448135313175e-4,0.0035597647106265567,0.002109468823110077,MTSS1/SERPINF1/BMP4/GPC3/SFRP1/SMAD4/PKD1,7,Multicellular non-vertebrate
GO:0001558,regulation of cell growth,8/77,417/18870,2.954216479061301e-4,0.0035684186958707897,0.00211459705869651,LGI1/CRYAB/TGFB1/DCC/SFRP1/SMAD4/SEMA3F/CDH1,8,Multicellular non-vertebrate
GO:0072088,nephron epithelium morphogenesis,4/77,79/18870,3.053571110275881e-4,0.00367120367072961,0.0021755060562214257,BMP4/GPC3/SMAD4/PKD1,4,Multicellular non-vertebrate
GO:1904019,epithelial cell apoptotic process,5/77,144/18870,3.0675825820112646e-4,0.00367120367072961,0.0021755060562214257,TGFB1/ESR1/CASP3/THBS1/PDCD4,5,Multicellular non-vertebrate
GO:0042552,myelination,5/77,145/18870,3.1671061015166356e-4,0.0037729241035039923,0.0022357842203849934,MAL/SKI/EPB41L3/CD9/NDRG1,5,Multicellular non-vertebrate
GO:0042060,wound healing,8/77,423/18870,3.250920939152108e-4,0.0038351042630681282,0.002272631348967677,TIMP1/TGFB1/THBS1/CD9/ITGA2/ITGB1/PLG/TFPI2,8,Multicellular non-vertebrate
GO:0035115,embryonic forelimb morphogenesis,3/77,33/18870,0.00032636043209012565,0.0038351042630681282,0.002272631348967677,TWIST1/TP63/RECK,3,Multicellular non-vertebrate
GO:1905207,regulation of cardiocyte differentiation,3/77,33/18870,0.00032636043209012565,0.0038351042630681282,0.002272631348967677,TGFB1/BMP4/SMAD4,3,Multicellular non-vertebrate
GO:0072028,nephron morphogenesis,4/77,81/18870,3.360501100331498e-4,0.003911130263367426,0.002317683337066322,BMP4/GPC3/SMAD4/PKD1,4,Multicellular non-vertebrate
GO:0007272,ensheathment of neurons,5/77,147/18870,3.373481628780529e-4,0.003911130263367426,0.002317683337066322,MAL/SKI/EPB41L3/CD9/NDRG1,5,Multicellular non-vertebrate
GO:0008366,axon ensheathment,5/77,147/18870,3.373481628780529e-4,0.003911130263367426,0.002317683337066322,MAL/SKI/EPB41L3/CD9/NDRG1,5,Multicellular non-vertebrate
GO:0007179,transforming growth factor beta receptor signaling pathway,6/77,229/18870,3.4585851569916636e-4,0.003991975845647711,0.0023655913448055264,SKI/TGFB1/NKX2-1/SMAD4/BRMS1/THBS1,6,Multicellular non-vertebrate
GO:0009743,response to carbohydrate,6/77,230/18870,3.5398389632786804e-4,0.004029818062139628,0.0023880161347498677,SERPINF1/SMAD4/CASP3/THBS1/MAP2K4/ITGA2,6,Multicellular non-vertebrate
GO:0072001,renal system development,7/77,324/18870,3.544075946773073e-4,0.004029818062139628,0.0023880161347498677,MTSS1/SERPINF1/BMP4/GPC3/SFRP1/SMAD4/PKD1,7,Multicellular non-vertebrate
GO:0034405,response to fluid shear stress,3/77,34/18870,3.568957082372408e-4,0.004029818062139628,0.0023880161347498677,MTSS1/PKD1/TFPI2,3,Multicellular non-vertebrate
GO:0048333,mesodermal cell differentiation,3/77,34/18870,3.568957082372408e-4,0.004029818062139628,0.0023880161347498677,BMP4/ITGA2/ITGB1,3,Multicellular non-vertebrate
GO:0060317,cardiac epithelial to mesenchymal transition,3/77,34/18870,3.568957082372408e-4,0.004029818062139628,0.0023880161347498677,TWIST1/SMAD4/PDCD4,3,Multicellular non-vertebrate
GO:0030099,myeloid cell differentiation,8/77,430/18870,3.627448164330811e-4,0.004078131118081003,0.0024166458037145804,IRF8/TGFB1/BMP4/GPC3/SFRP1/CASP3/CASP8/APP,8,Multicellular non-vertebrate
GO:0007492,endoderm development,4/77,83/18870,3.688927455665907e-4,0.004129372673432914,0.002447010862152249,BMP4/NKX2-1/SMAD4/MMP8,4,Multicellular non-vertebrate
GO:0007411,axon guidance,6/77,233/18870,3.792612799221469e-4,0.004198700293586384,0.0024880934800167375,LGI1/NKX2-1/DCC/SMAD4/SEMA3F/APP,6,Multicellular non-vertebrate
GO:0097485,neuron projection guidance,6/77,233/18870,3.792612799221469e-4,0.004198700293586384,0.0024880934800167375,LGI1/NKX2-1/DCC/SMAD4/SEMA3F/APP,6,Multicellular non-vertebrate
GO:0060537,muscle tissue development,8/77,433/18870,3.799362991886023e-4,0.004198700293586384,0.0024880934800167375,CXADR/TWIST1/SKI/TGFB1/BMP4/SMAD4/MAP2K4/ITGB1,8,Multicellular non-vertebrate
GO:0060395,SMAD protein signal transduction,4/77,84/18870,3.8614686666641466e-4,0.004249251748867283,0.0025180495944081105,SKI/TGFB1/BMP4/SMAD4,4,Multicellular non-vertebrate
GO:1903038,negative regulation of leukocyte cell-cell adhesion,5/77,152/18870,3.9340085322548307e-4,0.0043108101933610945,0.0025545283029787084,LGALS9/BMP4/CASP3/PLA2G2A/RUNX3,5,Multicellular non-vertebrate
GO:0048545,response to steroid hormone,7/77,330/18870,3.9569409331090207e-4,0.00431257643246859,0.002555574952584594,TP63/SERPINF1/TGFB1/ESR1/SFRP1/CASP3/THBS1,7,Multicellular non-vertebrate
GO:0002573,myeloid leukocyte differentiation,6/77,235/18870,3.968832373353843e-4,0.00431257643246859,0.002555574952584594,TGFB1/BMP4/GPC3/SFRP1/CASP8/APP,6,Multicellular non-vertebrate
GO:0048041,focal adhesion assembly,4/77,85/18870,4.039704987406305e-4,0.004371297438455906,0.0025903722331526396,SFRP1/THBS1/DLC1/ITGA2,4,Multicellular non-vertebrate
GO:0055013,cardiac muscle cell development,4/77,86/18870,4.2237441681660005e-4,0.004551478674160624,0.0026971452167978568,CXADR/BMP4/SMAD4/MAP2K4,4,Multicellular non-vertebrate
GO:0048588,developmental cell growth,6/77,239/18870,4.3404678186279564e-4,0.004657931787180497,0.002760227903799075,DCC/SEMA3F/MAP2K4/CDH1/ITGB1/APP,6,Multicellular non-vertebrate
GO:0072006,nephron development,5/77,156/18870,4.4309423698993326e-4,0.004735455693262784,0.0028061675307744526,MTSS1/BMP4/GPC3/SMAD4/PKD1,5,Multicellular non-vertebrate
GO:0002274,myeloid leukocyte activation,6/77,241/18870,4.536203670852086e-4,0.004820814551129179,0.002856750045092864,LGALS9/PLA2G2A/THBS1/NDRG1/APP/MMP8,6,Multicellular non-vertebrate
GO:0030111,regulation of Wnt signaling pathway,7/77,338/18870,4.5665012690711515e-4,0.004820814551129179,0.002856750045092864,SKI/TGFB1/GPC5/GPC3/SFRP1/RECK/APP,7,Multicellular non-vertebrate
GO:0042063,gliogenesis,7/77,338/18870,4.5665012690711515e-4,0.004820814551129179,0.002856750045092864,MAL/SKI/TGFB1/NKX2-1/CD9/NDRG1/APP,7,Multicellular non-vertebrate
GO:0050672,negative regulation of lymphocyte proliferation,4/77,88/18870,4.609663732973401e-4,0.0048466788317943,0.002872076870917159,LGALS9/BMP4/CASP3/PLA2G2A,4,Multicellular non-vertebrate
GO:0007409,axonogenesis,8/77,448/18870,4.761713842688073e-4,0.004986359213492309,0.002954849591685044,LGI1/NKX2-1/DCC/SMAD4/SEMA3F/CDH1/ITGB1/APP,8,Multicellular non-vertebrate
GO:0032945,negative regulation of mononuclear cell proliferation,4/77,89/18870,4.811761190620014e-4,0.00499845752481607,0.002962018888710089,LGALS9/BMP4/CASP3/PLA2G2A,4,Multicellular non-vertebrate
GO:0097194,execution phase of apoptosis,4/77,89/18870,4.811761190620014e-4,0.00499845752481607,0.002962018888710089,CASP3/CASP8/CASP5/DLC1,4,Multicellular non-vertebrate
GO:0003180,aortic valve morphogenesis,3/77,38/18870,4.972728712833767e-4,0.005104417575979957,0.0030248093938685114,TWIST1/TGFB1/BMP4,3,Multicellular non-vertebrate
GO:0071392,cellular response to estradiol stimulus,3/77,38/18870,4.972728712833767e-4,0.005104417575979957,0.0030248093938685114,ESR1/SFRP1/ITGA2,3,Multicellular non-vertebrate
GO:0071404,cellular response to low-density lipoprotein particle stimulus,3/77,38/18870,4.972728712833767e-4,0.005104417575979957,0.0030248093938685114,TGFB1/CD9/ITGB1,3,Multicellular non-vertebrate
GO:0051147,regulation of muscle cell differentiation,5/77,162/18870,5.263375727905697e-4,0.005381490852508306,0.003188999301366817,TGFB1/BMP4/BHLHE41/SMAD4/PDCD4,5,Multicellular non-vertebrate
GO:0010762,regulation of fibroblast migration,3/77,39/18870,5.371362948431408e-4,0.005448995928545456,0.003229001904032368,TGFB1/THBS1/ITGB1,3,Multicellular non-vertebrate
GO:0055094,response to lipoprotein particle,3/77,39/18870,5.371362948431408e-4,0.005448995928545456,0.003229001904032368,TGFB1/CD9/ITGB1,3,Multicellular non-vertebrate
GO:0032496,response to lipopolysaccharide,7/77,348/18870,5.431709663041493e-4,0.00548877431708901,0.0032525740435661124,IRF8/LGALS9/CASP3/CASP8/PTGER1/PDCD4/MMP8,7,Multicellular non-vertebrate
GO:0009895,negative regulation of catabolic process,7/77,349/18870,5.524958295645213e-4,0.005539890615363173,0.003282864876339485,LZTS1/TIMP1/TIMP2/TIMP3/TIMP4/SMAD4/HGF,7,Multicellular non-vertebrate
GO:0045765,regulation of angiogenesis,7/77,349/18870,5.524958295645213e-4,0.005539890615363173,0.003282864876339485,TWIST1/SERPINF1/SFRP1/THBS1/RECK/ITGB1/CREB3L1,7,Multicellular non-vertebrate
GO:0010001,glial cell differentiation,6/77,252/18870,5.739284241139925e-4,0.005732661990092456,0.0033970986075087333,MAL/SKI/TGFB1/NKX2-1/NDRG1/APP,6,Multicellular non-vertebrate
GO:0001656,metanephros development,4/77,94/18870,5.917991253369603e-4,0.005888514668582704,0.003489454814449026,BMP4/GPC3/SMAD4/PKD1,4,Multicellular non-vertebrate
GO:0007517,muscle organ development,7/77,354/18870,6.010542277053902e-4,0.005935124826429271,0.0035170753688424277,CRYAB/TWIST1/SKI/TGFB1/BMP4/SMAD4/ITGB1,7,Multicellular non-vertebrate
GO:1901342,regulation of vasculature development,7/77,354/18870,6.010542277053902e-4,0.005935124826429271,0.0035170753688424277,TWIST1/SERPINF1/SFRP1/THBS1/RECK/ITGB1/CREB3L1,7,Multicellular non-vertebrate
GO:0007044,cell-substrate junction assembly,4/77,95/18870,6.159153677808532e-4,0.006045781332218143,0.0035826489300216546,SFRP1/THBS1/DLC1/ITGA2,4,Multicellular non-vertebrate
GO:0051960,regulation of nervous system development,8/77,466/18870,6.16916462471239e-4,0.006045781332218143,0.0035826489300216546,SKI/SERPINF1/TGFB1/BHLHE41/DCC/SEMA3F/CDH1/ITGB1,8,Multicellular non-vertebrate
GO:0035136,forelimb morphogenesis,3/77,41/18870,6.228721229795403e-4,0.006058422859093132,0.003590140129296621,TWIST1/TP63/RECK,3,Multicellular non-vertebrate
GO:0043388,positive regulation of DNA binding,3/77,41/18870,6.228721229795403e-4,0.006058422859093132,0.003590140129296621,TWIST1/SKI/TGFB1,3,Multicellular non-vertebrate
GO:0006935,chemotaxis,8/77,468/18870,6.344390299999667e-4,0.006147903585484752,0.003643165207619605,CXADR/LGALS9/TGFB1/BMP4/THBS1/SEMA3F/ITGA2/HGF,8,Multicellular non-vertebrate
GO:0070664,negative regulation of leukocyte proliferation,4/77,96/18870,6.407211842502803e-4,0.006185698570624454,0.003665562008898102,LGALS9/BMP4/CASP3/PLA2G2A,4,Multicellular non-vertebrate
GO:0042330,taxis,8/77,470/18870,6.523626022976241e-4,0.006274761770988629,0.0037183396668971796,CXADR/LGALS9/TGFB1/BMP4/THBS1/SEMA3F/ITGA2/HGF,8,Multicellular non-vertebrate
GO:0051153,regulation of striated muscle cell differentiation,4/77,97/18870,6.662276230820078e-4,0.006293245695513993,0.0037292929926601376,TGFB1/BMP4/BHLHE41/SMAD4,4,Multicellular non-vertebrate
GO:0021983,pituitary gland development,3/77,42/18870,6.688239553183913e-4,0.006293245695513993,0.0037292929926601376,BMP4/NKX2-1/CDH1,3,Multicellular non-vertebrate
GO:0030513,positive regulation of BMP signaling pathway,3/77,42/18870,6.688239553183913e-4,0.006293245695513993,0.0037292929926601376,BMP4/GPC3/SMAD4,3,Multicellular non-vertebrate
GO:0071402,cellular response to lipoprotein particle stimulus,3/77,42/18870,6.688239553183913e-4,0.006293245695513993,0.0037292929926601376,TGFB1/CD9/ITGB1,3,Multicellular non-vertebrate
GO:0071634,regulation of transforming growth factor beta production,3/77,42/18870,6.688239553183913e-4,0.006293245695513993,0.0037292929926601376,LGALS9/SMAD4/THBS1,3,Multicellular non-vertebrate
GO:1904706,negative regulation of vascular associated smooth muscle cell proliferation,3/77,42/18870,6.688239553183913e-4,0.006293245695513993,0.0037292929926601376,BMP4/NDRG2/PDCD4,3,Multicellular non-vertebrate
GO:0001657,ureteric bud development,4/77,98/18870,6.924457483642805e-4,0.006445453793914108,0.0038194894703209884,BMP4/GPC3/SFRP1/SMAD4,4,Multicellular non-vertebrate
GO:0048661,positive regulation of smooth muscle cell proliferation,4/77,98/18870,6.924457483642805e-4,0.006445453793914108,0.0038194894703209884,TGFB1/BMP4/THBS1/ITGA2,4,Multicellular non-vertebrate
GO:0060993,kidney morphogenesis,4/77,98/18870,6.924457483642805e-4,0.006445453793914108,0.0038194894703209884,BMP4/GPC3/SMAD4/PKD1,4,Multicellular non-vertebrate
GO:0051098,regulation of binding,6/77,262/18870,7.036048587032561e-4,0.006525935064472701,0.0038671815918201523,TWIST1/SKI/TGFB1/BMP4/PKD1/APP,6,Multicellular non-vertebrate
GO:0003176,aortic valve development,3/77,43/18870,7.168837437646915e-4,0.006601940009067035,0.003912221102590441,TWIST1/TGFB1/BMP4,3,Multicellular non-vertebrate
GO:1904037,positive regulation of epithelial cell apoptotic process,3/77,43/18870,7.168837437646915e-4,0.006601940009067035,0.003912221102590441,TGFB1/THBS1/PDCD4,3,Multicellular non-vertebrate
GO:0003253,cardiac neural crest cell migration involved in outflow tract morphogenesis,2/77,10/18870,7.240795520848789e-4,0.006621248580156445,0.003923663102846898,TWIST1/BMP4,2,Multicellular non-vertebrate
GO:2000271,positive regulation of fibroblast apoptotic process,2/77,10/18870,7.240795520848789e-4,0.006621248580156445,0.003923663102846898,TP63/SFRP1,2,Multicellular non-vertebrate
GO:0003007,heart morphogenesis,6/77,264/18870,7.320645930013832e-4,0.006670778063244183,0.003953013610223536,TWIST1/TGFB1/BMP4/SMAD4/DLC1/PDCD4,6,Multicellular non-vertebrate
GO:0032102,negative regulation of response to external stimulus,8/77,481/18870,7.584171894912193e-4,0.006886746297582855,0.004080993489275535,LGALS9/AHR/TGFB1/THBS1/SEMA3F/CD9/HGF/PLG,8,Multicellular non-vertebrate
GO:0008585,female gonad development,4/77,101/18870,7.754810900368129e-4,0.0069927930237000105,0.00414383535684876,ESR1/SFRP1/SMAD4/CASP3,4,Multicellular non-vertebrate
GO:0032755,positive regulation of interleukin-6 production,4/77,101/18870,7.754810900368129e-4,0.0069927930237000105,0.00414383535684876,TWIST1/LGALS9/TGFB1/APP,4,Multicellular non-vertebrate
GO:0032635,interleukin-6 production,5/77,177/18870,7.857682208756252e-4,0.007036689895220685,0.004169848054156676,TWIST1/LGALS9/TGFB1/HGF/APP,5,Multicellular non-vertebrate
GO:0032675,regulation of interleukin-6 production,5/77,177/18870,7.857682208756252e-4,0.007036689895220685,0.004169848054156676,TWIST1/LGALS9/TGFB1/HGF/APP,5,Multicellular non-vertebrate
GO:0150115,cell-substrate junction organization,4/77,102/18870,8.046568671455079e-4,0.0071569168599196435,0.00424109294092476,SFRP1/THBS1/DLC1/ITGA2,4,Multicellular non-vertebrate
GO:0010631,epithelial cell migration,7/77,372/18870,8.047053227171876e-4,0.0071569168599196435,0.00424109294092476,SERPINF1/TGFB1/SMAD4/THBS1/ITGA2/ITGB1/PLG,7,Multicellular non-vertebrate
GO:0071604,transforming growth factor beta production,3/77,45/18870,8.194798711342041e-4,0.0072634444550700615,0.004304219765037566,LGALS9/SMAD4/THBS1,3,Multicellular non-vertebrate
GO:0090132,epithelium migration,7/77,375/18870,8.434030063323442e-4,0.007450059889269041,0.004414805568413489,SERPINF1/TGFB1/SMAD4/THBS1/ITGA2/ITGB1/PLG,7,Multicellular non-vertebrate
GO:0032642,regulation of chemokine production,4/77,104/18870,8.65321130995114e-4,0.007590174654874245,0.004497835699258718,TWIST1/LGALS9/TGFB1/APP,4,Multicellular non-vertebrate
GO:1901861,regulation of muscle tissue development,3/77,46/18870,8.740911715096501e-4,0.007590174654874245,0.004497835699258718,TWIST1/TGFB1/BMP4,3,Multicellular non-vertebrate
GO:0032000,positive regulation of fatty acid beta-oxidation,2/77,11/18870,8.826464173169125e-4,0.007590174654874245,0.004497835699258718,IRS1/TWIST1,2,Multicellular non-vertebrate
GO:0060433,bronchus development,2/77,11/18870,8.826464173169125e-4,0.007590174654874245,0.004497835699258718,SPDEF/BMP4,2,Multicellular non-vertebrate
GO:0060601,lateral sprouting from an epithelium,2/77,11/18870,8.826464173169125e-4,0.007590174654874245,0.004497835699258718,TP63/BMP4,2,Multicellular non-vertebrate
GO:0061140,lung secretory cell differentiation,2/77,11/18870,8.826464173169125e-4,0.007590174654874245,0.004497835699258718,SPDEF/NKX2-1,2,Multicellular non-vertebrate
GO:0072178,nephric duct morphogenesis,2/77,11/18870,8.826464173169125e-4,0.007590174654874245,0.004497835699258718,BMP4/GPC3,2,Multicellular non-vertebrate
GO:2000727,positive regulation of cardiac muscle cell differentiation,2/77,11/18870,8.826464173169125e-4,0.007590174654874245,0.004497835699258718,TGFB1/BMP4,2,Multicellular non-vertebrate
GO:0032602,chemokine production,4/77,105/18870,8.96831881924795e-4,0.007661422359732541,0.004540056133566657,TWIST1/LGALS9/TGFB1/APP,4,Multicellular non-vertebrate
GO:0046545,development of primary female sexual characteristics,4/77,105/18870,8.96831881924795e-4,0.007661422359732541,0.004540056133566657,ESR1/SFRP1/SMAD4/CASP3,4,Multicellular non-vertebrate
GO:0090130,tissue migration,7/77,380/18870,9.11160728340572e-4,0.007758309545903166,0.004597470180617486,SERPINF1/TGFB1/SMAD4/THBS1/ITGA2/ITGB1/PLG,7,Multicellular non-vertebrate
GO:0048806,genitalia development,3/77,47/18870,9.309603599898126e-4,0.007875257507796558,0.004666771974301751,TP63/ESR1/PKD1,3,Multicellular non-vertebrate
GO:1905314,semi-lunar valve development,3/77,47/18870,9.309603599898126e-4,0.007875257507796558,0.004666771974301751,TWIST1/TGFB1/BMP4,3,Multicellular non-vertebrate
GO:0051402,neuron apoptotic process,6/77,278/18870,9.570975091749122e-4,0.008070072179633918,0.004782216535932063,TP63/THRB/CASP3/CASP8/MAP2K4/APP,6,Multicellular non-vertebrate
GO:0007565,female pregnancy,5/77,186/18870,9.81441668619854e-4,0.008221948430341164,0.0048722163651009395,LGALS9/TIMP1/ESR1/RECK/ITGA2,5,Multicellular non-vertebrate
GO:0032872,regulation of stress-activated MAPK cascade,5/77,186/18870,9.81441668619854e-4,0.008221948430341164,0.0048722163651009395,BMP4/MAP2K4/HGF/PDCD4/APP,5,Multicellular non-vertebrate
GO:0030195,negative regulation of blood coagulation,3/77,48/18870,9.901235580823163e-4,0.008268009261542687,0.004899511395892187,THBS1/CD9/PLG,3,Multicellular non-vertebrate
GO:1900047,negative regulation of hemostasis,3/77,49/18870,0.0010516163516867435,0.008654287918589779,0.005128414947197479,THBS1/CD9/PLG,3,Multicellular non-vertebrate
GO:0070302,regulation of stress-activated protein kinase signaling cascade,5/77,189/18870,0.0010540836672353294,0.008654287918589779,0.005128414947197479,BMP4/MAP2K4/HGF/PDCD4/APP,5,Multicellular non-vertebrate
GO:0010936,negative regulation of macrophage cytokine production,2/77,12/18870,0.0010563763073519292,0.008654287918589779,0.005128414947197479,TWIST1/TGFB1,2,Multicellular non-vertebrate
GO:0014004,microglia differentiation,2/77,12/18870,0.0010563763073519292,0.008654287918589779,0.005128414947197479,TGFB1/APP,2,Multicellular non-vertebrate
GO:0043589,skin morphogenesis,2/77,12/18870,0.0010563763073519292,0.008654287918589779,0.005128414947197479,TP63/ITGA2,2,Multicellular non-vertebrate
GO:0061309,cardiac neural crest cell development involved in outflow tract morphogenesis,2/77,12/18870,0.0010563763073519292,0.008654287918589779,0.005128414947197479,TWIST1/BMP4,2,Multicellular non-vertebrate
GO:0007229,integrin-mediated signaling pathway,4/77,111/18870,0.001103099003727776,0.008980401607150577,0.005321665545124595,TIMP1/CD63/ITGA2/ITGB1,4,Multicellular non-vertebrate
GO:0043280,positive regulation of cysteine-type endopeptidase activity involved in apoptotic process,4/77,111/18870,0.001103099003727776,0.008980401607150577,0.005321665545124595,TNFSF10/LGALS9/CASP8/DLC1,4,Multicellular non-vertebrate
GO:0050900,leukocyte migration,7/77,396/18870,0.0011573514878157622,0.009392630668304794,0.005565946957850804,CXADR/LGALS9/THBS1/CD9/ITGA2/ITGB1/APP,7,Multicellular non-vertebrate
GO:1904035,regulation of epithelial cell apoptotic process,4/77,113/18870,0.001178675559869239,0.009535889186854872,0.005650840034526406,TGFB1/ESR1/THBS1/PDCD4,4,Multicellular non-vertebrate
GO:0043491,phosphatidylinositol 3-kinase/protein kinase B signal transduction,6/77,290/18870,0.0011894690537895885,0.009593326499042116,0.005684876615365736,IRS1/TWIST1/TGFB1/THBS1/ITGB1/HGF,6,Multicellular non-vertebrate
GO:0036462,TRAIL-activated apoptotic signaling pathway,2/77,13/18870,0.001245146071302279,0.009961169694868438,0.00590285555961237,TIMP3/CASP8,2,Multicellular non-vertebrate
GO:0051918,negative regulation of fibrinolysis,2/77,13/18870,0.001245146071302279,0.009961169694868438,0.00590285555961237,THBS1/PLG,2,Multicellular non-vertebrate
GO:0003197,endocardial cushion development,3/77,52/18870,0.001250420223537586,0.009961169694868438,0.00590285555961237,TWIST1/BMP4/SMAD4,3,Multicellular non-vertebrate
GO:0050819,negative regulation of coagulation,3/77,52/18870,0.001250420223537586,0.009961169694868438,0.00590285555961237,THBS1/CD9/PLG,3,Multicellular non-vertebrate
GO:0060390,regulation of SMAD protein signal transduction,3/77,53/18870,0.0013215767009039751,0.010495824746934628,0.006219684972546634,TGFB1/BMP4/SMAD4,3,Multicellular non-vertebrate
GO:0030900,forebrain development,7/77,407/18870,0.0013549733153207341,0.010728249085024228,0.006357416517968272,SKI/BMP4/NKX2-1/CASP3/DLC1/CDH1/APP,7,Multicellular non-vertebrate
GO:0010761,fibroblast migration,3/77,54/18870,0.0013952328236316977,0.011013433565262975,0.006526413015995975,TGFB1/THBS1/ITGB1,3,Multicellular non-vertebrate
GO:0098814,spontaneous synaptic transmission,2/77,14/18870,0.0014488332881832818,0.01140187893761207,0.006756600533728734,ITGB1/APP,2,Multicellular non-vertebrate
GO:0034284,response to monosaccharide,5/77,206/18870,0.0015436544831696698,0.012074911725276001,0.007155430736823265,SERPINF1/SMAD4/CASP3/THBS1/ITGA2,5,Multicellular non-vertebrate
GO:0044703,multi-organism reproductive process,5/77,206/18870,0.0015436544831696698,0.012074911725276001,0.007155430736823265,LGALS9/TIMP1/ESR1/RECK/ITGA2,5,Multicellular non-vertebrate
GO:0043525,positive regulation of neuron apoptotic process,3/77,56/18870,0.0015501733581685534,0.012089490123614814,0.007164069700149914,CASP3/CASP8/MAP2K4,3,Multicellular non-vertebrate
GO:0021782,glial cell development,4/77,122/18870,0.001564095176545619,0.012161542435595725,0.007206766933847133,MAL/SKI/NDRG1/APP,4,Multicellular non-vertebrate
GO:0051216,cartilage development,5/77,207/18870,0.001576886976041871,0.012188022252323629,0.007222458518086515,TIMP1/TGFB1/BMP4/PKD1/RUNX3,5,Multicellular non-vertebrate
GO:2000241,regulation of reproductive process,5/77,207/18870,0.001576886976041871,0.012188022252323629,0.007222458518086515,TIMP1/SERPINF1/BMP4/ESR1/SFRP1,5,Multicellular non-vertebrate
GO:0031032,actomyosin structure organization,5/77,208/18870,0.001610643562444446,0.012336240271668106,0.007310290528414881,SFRP1/SMAD4/DLC1/EPB41L3/ITGB1,5,Multicellular non-vertebrate
GO:0002065,columnar/cuboidal epithelial cell differentiation,4/77,123/18870,0.0016117196614332553,0.012336240271668106,0.007310290528414881,SPDEF/TP63/TGFB1/BMP4,4,Multicellular non-vertebrate
GO:0038066,p38MAPK cascade,3/77,57/18870,0.0016315211879228163,0.012336240271668106,0.007310290528414881,LGALS9/BMP4/HGF,3,Multicellular non-vertebrate
GO:0042733,embryonic digit morphogenesis,3/77,57/18870,0.0016315211879228163,0.012336240271668106,0.007310290528414881,TWIST1/BMP4/SMAD4,3,Multicellular non-vertebrate
GO:0036446,myofibroblast differentiation,2/77,15/18870,0.001667316263132655,0.012336240271668106,0.007310290528414881,TGFB1/PDCD4,2,Multicellular non-vertebrate
GO:0046007,negative regulation of activated T cell proliferation,2/77,15/18870,0.001667316263132655,0.012336240271668106,0.007310290528414881,LGALS9/CASP3,2,Multicellular non-vertebrate
GO:0046321,positive regulation of fatty acid oxidation,2/77,15/18870,0.001667316263132655,0.012336240271668106,0.007310290528414881,IRS1/TWIST1,2,Multicellular non-vertebrate
GO:0060148,positive regulation of post-transcriptional gene silencing,2/77,15/18870,0.001667316263132655,0.012336240271668106,0.007310290528414881,TGFB1/BMP4,2,Multicellular non-vertebrate
GO:0060572,morphogenesis of an epithelial bud,2/77,15/18870,0.001667316263132655,0.012336240271668106,0.007310290528414881,TP63/BMP4,2,Multicellular non-vertebrate
GO:0061307,cardiac neural crest cell differentiation involved in heart development,2/77,15/18870,0.001667316263132655,0.012336240271668106,0.007310290528414881,TWIST1/BMP4,2,Multicellular non-vertebrate
GO:0061308,cardiac neural crest cell development involved in heart development,2/77,15/18870,0.001667316263132655,0.012336240271668106,0.007310290528414881,TWIST1/BMP4,2,Multicellular non-vertebrate
GO:0071639,positive regulation of monocyte chemotactic protein-1 production,2/77,15/18870,0.001667316263132655,0.012336240271668106,0.007310290528414881,TWIST1/LGALS9,2,Multicellular non-vertebrate
GO:1900370,positive regulation of post-transcriptional gene silencing by RNA,2/77,15/18870,0.001667316263132655,0.012336240271668106,0.007310290528414881,TGFB1/BMP4,2,Multicellular non-vertebrate
GO:2000052,positive regulation of non-canonical Wnt signaling pathway,2/77,15/18870,0.001667316263132655,0.012336240271668106,0.007310290528414881,GPC3/SFRP1,2,Multicellular non-vertebrate
GO:2000637,positive regulation of miRNA-mediated gene silencing,2/77,15/18870,0.001667316263132655,0.012336240271668106,0.007310290528414881,TGFB1/BMP4,2,Multicellular non-vertebrate
GO:0002698,negative regulation of immune effector process,4/77,125/18870,0.00170998121807401,0.01258514641998469,0.007457788973519088,TWIST1/LGALS9/AHR/TGFB1,4,Multicellular non-vertebrate
GO:0002707,negative regulation of lymphocyte mediated immunity,3/77,58/18870,0.0017154955073833578,0.01258514641998469,0.007457788973519088,LGALS9/AHR/TGFB1,3,Multicellular non-vertebrate
GO:0042306,regulation of protein import into nucleus,3/77,58/18870,0.0017154955073833578,0.01258514641998469,0.007457788973519088,TGFB1/BMP4/CDH1,3,Multicellular non-vertebrate
GO:2000027,regulation of animal organ morphogenesis,4/77,126/18870,0.0017606402757910982,0.012879951538674597,0.007632486532858669,BMP4/GPC3/SFRP1/HGF,4,Multicellular non-vertebrate
GO:1901888,regulation of cell junction assembly,5/77,213/18870,0.001787463566475712,0.013039446298138833,0.0077270009881356926,LZTS1/SFRP1/THBS1/DLC1/APP,5,Multicellular non-vertebrate
GO:0001755,neural crest cell migration,3/77,59/18870,0.001802126785943199,0.013094097608752502,0.007759386621809036,TWIST1/BMP4/SEMA3F,3,Multicellular non-vertebrate
GO:0009314,response to radiation,7/77,428/18870,0.0018050392544988049,0.013094097608752502,0.007759386621809036,CRYAB/TIMP1/SFRP1/CASP3/TRPM1/ITGB1/APP,7,Multicellular non-vertebrate
GO:0090288,negative regulation of cellular response to growth factor stimulus,4/77,127/18870,0.001812332812458051,0.013110385275636653,0.007769038474750537,SKI/SFRP1/THBS1/CREB3L1,4,Multicellular non-vertebrate
GO:0030098,lymphocyte differentiation,7/77,429/18870,0.0018290562479073536,0.013194608543931658,0.007818948053919741,IRF8/LGALS9/TGFB1/BMP4/SFRP1/RUNX3/ITGB1,7,Multicellular non-vertebrate
GO:0001704,formation of primary germ layer,4/77,128/18870,0.0018650697726503543,0.013267556557564184,0.007862176068402343,BMP4/ITGA2/ITGB1/MMP8,4,Multicellular non-vertebrate
GO:0010927,cellular component assembly involved in morphogenesis,4/77,128/18870,0.0018650697726503543,0.013267556557564184,0.007862176068402343,SMAD4/EPB41L3/CD9/ITGB1,4,Multicellular non-vertebrate
GO:0001658,branching involved in ureteric bud morphogenesis,3/77,60/18870,0.0018914450046750274,0.013267556557564184,0.007862176068402343,BMP4/GPC3/SMAD4,3,Multicellular non-vertebrate
GO:0045620,negative regulation of lymphocyte differentiation,3/77,60/18870,0.0018914450046750274,0.013267556557564184,0.007862176068402343,BMP4/SFRP1/RUNX3,3,Multicellular non-vertebrate
GO:0044706,multi-multicellular organism process,5/77,216/18870,0.0019001666884790104,0.013267556557564184,0.007862176068402343,LGALS9/TIMP1/ESR1/RECK/ITGA2,5,Multicellular non-vertebrate
GO:0003188,heart valve formation,2/77,16/18870,0.001900474023648008,0.013267556557564184,0.007862176068402343,TWIST1/SMAD4,2,Multicellular non-vertebrate
GO:0045651,positive regulation of macrophage differentiation,2/77,16/18870,0.001900474023648008,0.013267556557564184,0.007862176068402343,TGFB1/CASP8,2,Multicellular non-vertebrate
GO:0051895,negative regulation of focal adhesion assembly,2/77,16/18870,0.001900474023648008,0.013267556557564184,0.007862176068402343,THBS1/DLC1,2,Multicellular non-vertebrate
GO:0150118,negative regulation of cell-substrate junction organization,2/77,16/18870,0.001900474023648008,0.013267556557564184,0.007862176068402343,THBS1/DLC1,2,Multicellular non-vertebrate
GO:1903798,regulation of miRNA processing,2/77,16/18870,0.001900474023648008,0.013267556557564184,0.007862176068402343,TGFB1/BMP4,2,Multicellular non-vertebrate
GO:1904683,regulation of metalloendopeptidase activity,2/77,16/18870,0.001900474023648008,0.013267556557564184,0.007862176068402343,TIMP3/RECK,2,Multicellular non-vertebrate
GO:2000095,"regulation of Wnt signaling pathway, planar cell polarity pathway",2/77,16/18870,0.001900474023648008,0.013267556557564184,0.007862176068402343,GPC3/SFRP1,2,Multicellular non-vertebrate
GO:2001056,positive regulation of cysteine-type endopeptidase activity,4/77,129/18870,0.0019188620798356,0.01336001292582588,0.00791696447218752,TNFSF10/LGALS9/CASP8/DLC1,4,Multicellular non-vertebrate
GO:0014902,myotube differentiation,4/77,130/18870,0.00197372063542542,0.013627239889464729,0.008075319586728587,SKI/BHLHE41/CD9/ITGB1,4,Multicellular non-vertebrate
GO:0050864,regulation of B cell activation,4/77,130/18870,0.00197372063542542,0.013627239889464729,0.008075319586728587,AHR/TGFB1/SFRP1/CASP3,4,Multicellular non-vertebrate
GO:0032092,positive regulation of protein binding,3/77,61/18870,0.0019834796604611734,0.013627239889464729,0.008075319586728587,BMP4/PKD1/APP,3,Multicellular non-vertebrate
GO:0090497,mesenchymal cell migration,3/77,61/18870,0.0019834796604611734,0.013627239889464729,0.008075319586728587,TWIST1/BMP4/SEMA3F,3,Multicellular non-vertebrate
GO:2000351,regulation of endothelial cell apoptotic process,3/77,61/18870,0.0019834796604611734,0.013627239889464729,0.008075319586728587,TGFB1/THBS1/PDCD4,3,Multicellular non-vertebrate
GO:1902105,regulation of leukocyte differentiation,6/77,321/18870,0.001991010250000948,0.0136428855389247,0.008084590988755412,LGALS9/TGFB1/BMP4/SFRP1/CASP8/RUNX3,6,Multicellular non-vertebrate
GO:0010810,regulation of cell-substrate adhesion,5/77,220/18870,0.002058434187827749,0.014067772594180697,0.00833637335901432,OLFM4/SFRP1/THBS1/DLC1/PLG,5,Multicellular non-vertebrate
GO:0022617,extracellular matrix disassembly,3/77,62/18870,0.002078259770096177,0.014092012070338831,0.008350737347480037,TGFB1/PLG/MMP8,3,Multicellular non-vertebrate
GO:0032731,positive regulation of interleukin-1 beta production,3/77,62/18870,0.002078259770096177,0.014092012070338831,0.008350737347480037,LGALS9/CASP8/APP,3,Multicellular non-vertebrate
GO:0090303,positive regulation of wound healing,3/77,62/18870,0.002078259770096177,0.014092012070338831,0.008350737347480037,THBS1/ITGB1/PLG,3,Multicellular non-vertebrate
GO:0048593,camera-type eye morphogenesis,4/77,133/18870,0.002144802456369262,0.014341490648438609,0.0084985750067962,TWIST1/SKI/BMP4/THRB,4,Multicellular non-vertebrate
GO:0061041,regulation of wound healing,4/77,133/18870,0.002144802456369262,0.014341490648438609,0.0084985750067962,THBS1/CD9/ITGB1/PLG,4,Multicellular non-vertebrate
GO:0010421,hydrogen peroxide-mediated programmed cell death,2/77,17/18870,0.002148186315842364,0.014341490648438609,0.0084985750067962,MAP2K4/HGF,2,Multicellular non-vertebrate
GO:0070920,regulation of regulatory ncRNA processing,2/77,17/18870,0.002148186315842364,0.014341490648438609,0.0084985750067962,TGFB1/BMP4,2,Multicellular non-vertebrate
GO:0098712,L-glutamate import across plasma membrane,2/77,17/18870,0.002148186315842364,0.014341490648438609,0.0084985750067962,NTSR1/ITGB1,2,Multicellular non-vertebrate
GO:1905906,regulation of amyloid fibril formation,2/77,17/18870,0.002148186315842364,0.014341490648438609,0.0084985750067962,CRYAB/APP,2,Multicellular non-vertebrate
GO:0051893,regulation of focal adhesion assembly,3/77,63/18870,0.0021758138743620307,0.01445163332920254,0.008563844082157192,SFRP1/THBS1/DLC1,3,Multicellular non-vertebrate
GO:0090109,regulation of cell-substrate junction assembly,3/77,63/18870,0.0021758138743620307,0.01445163332920254,0.008563844082157192,SFRP1/THBS1/DLC1,3,Multicellular non-vertebrate
GO:0048565,digestive tract development,4/77,134/18870,0.0022040345461501825,0.014601728868244958,0.008652788685476817,SPDEF/TP63/SFRP1/PKD1,4,Multicellular non-vertebrate
GO:0010720,positive regulation of cell development,7/77,444/18870,0.002220086125539252,0.014670645465713582,0.008693627736811,LGALS9/SERPINF1/TGFB1/BMP4/CASP8/RUNX3/ITGB1,7,Multicellular non-vertebrate
GO:0007596,blood coagulation,5/77,224/18870,0.002226139559006553,0.014673310748071112,0.008695207147388674,THBS1/CD9/ITGA2/PLG/TFPI2,5,Multicellular non-vertebrate
GO:0032615,interleukin-12 production,3/77,64/18870,0.0022761700420763295,0.014927307068869262,0.00884572196043486,IRF8/LGALS9/THBS1,3,Multicellular non-vertebrate
GO:0032655,regulation of interleukin-12 production,3/77,64/18870,0.0022761700420763295,0.014927307068869262,0.00884572196043486,IRF8/LGALS9/THBS1,3,Multicellular non-vertebrate
GO:0010812,negative regulation of cell-substrate adhesion,3/77,65/18870,0.002379355874113421,0.01552559599264461,0.009200259952271413,THBS1/DLC1/PLG,3,Multicellular non-vertebrate
GO:0045668,negative regulation of osteoblast differentiation,3/77,65/18870,0.002379355874113421,0.01552559599264461,0.009200259952271413,TWIST1/SKI/SFRP1,3,Multicellular non-vertebrate
GO:0043217,myelin maintenance,2/77,18/18870,0.0024103336007175683,0.015571234729013743,0.009227304855326225,EPB41L3/NDRG1,2,Multicellular non-vertebrate
GO:0051917,regulation of fibrinolysis,2/77,18/18870,0.0024103336007175683,0.015571234729013743,0.009227304855326225,THBS1/PLG,2,Multicellular non-vertebrate
GO:0097094,craniofacial suture morphogenesis,2/77,18/18870,0.0024103336007175683,0.015571234729013743,0.009227304855326225,TWIST1/BMP4,2,Multicellular non-vertebrate
GO:1905209,positive regulation of cardiocyte differentiation,2/77,18/18870,0.0024103336007175683,0.015571234729013743,0.009227304855326225,TGFB1/BMP4,2,Multicellular non-vertebrate
GO:0050817,coagulation,5/77,229/18870,0.0024495421309717233,0.01578526281422721,0.009354135028028364,THBS1/CD9/ITGA2/PLG/TFPI2,5,Multicellular non-vertebrate
GO:0050771,negative regulation of axonogenesis,3/77,66/18870,0.002485398507398764,0.015966497310967758,0.009461532160036831,DCC/SEMA3F/CDH1,3,Multicellular non-vertebrate
GO:0002685,regulation of leukocyte migration,5/77,230/18870,0.0024961100917415906,0.015966497310967758,0.009461532160036831,LGALS9/THBS1/CD9/ITGA2/APP,5,Multicellular non-vertebrate
GO:0048705,skeletal system morphogenesis,5/77,230/18870,0.0024961100917415906,0.015966497310967758,0.009461532160036831,TWIST1/SKI/BMP4/SFRP1/PKD1,5,Multicellular non-vertebrate
GO:0035270,endocrine system development,4/77,139/18870,0.0025172154494570794,0.01606193740108117,0.009518088677372947,BMP4/NKX2-1/SMAD4/CDH1,4,Multicellular non-vertebrate
GO:0007599,hemostasis,5/77,231/18870,0.0025433192043128514,0.016188725425491362,0.009593221560127424,THBS1/CD9/ITGA2/PLG/TFPI2,5,Multicellular non-vertebrate
GO:0050920,regulation of chemotaxis,5/77,232/18870,0.002591174619503487,0.01631346497632572,0.009667140544915472,LGALS9/TGFB1/THBS1/SEMA3F/ITGA2,5,Multicellular non-vertebrate
GO:0015909,long-chain fatty acid transport,3/77,67/18870,0.002594324618876597,0.01631346497632572,0.009667140544915472,PLA2G2A/THBS1/NTSR1,3,Multicellular non-vertebrate
GO:0048857,neural nucleus development,3/77,67/18870,0.002594324618876597,0.01631346497632572,0.009667140544915472,NKX2-1/CASP5/NDRG2,3,Multicellular non-vertebrate
GO:0060675,ureteric bud morphogenesis,3/77,67/18870,0.002594324618876597,0.01631346497632572,0.009667140544915472,BMP4/GPC3/SMAD4,3,Multicellular non-vertebrate
GO:0072577,endothelial cell apoptotic process,3/77,67/18870,0.002594324618876597,0.01631346497632572,0.009667140544915472,TGFB1/THBS1/PDCD4,3,Multicellular non-vertebrate
GO:0030540,female genitalia development,2/77,19/18870,0.002686797050455558,0.016732882350199242,0.009915681655347787,TP63/ESR1,2,Multicellular non-vertebrate
GO:0060602,branch elongation of an epithelium,2/77,19/18870,0.002686797050455558,0.016732882350199242,0.009915681655347787,BMP4/ESR1,2,Multicellular non-vertebrate
GO:0071391,cellular response to estrogen stimulus,2/77,19/18870,0.002686797050455558,0.016732882350199242,0.009915681655347787,ESR1/SFRP1,2,Multicellular non-vertebrate
GO:0097468,programmed cell death in response to reactive oxygen species,2/77,19/18870,0.002686797050455558,0.016732882350199242,0.009915681655347787,MAP2K4/HGF,2,Multicellular non-vertebrate
GO:0030193,regulation of blood coagulation,3/77,68/18870,0.0027061604294511643,0.016733091988773034,0.009915805884354893,THBS1/CD9/PLG,3,Multicellular non-vertebrate
GO:0072171,mesonephric tubule morphogenesis,3/77,68/18870,0.0027061604294511643,0.016733091988773034,0.009915805884354893,BMP4/GPC3/SMAD4,3,Multicellular non-vertebrate
GO:0150116,regulation of cell-substrate junction organization,3/77,68/18870,0.0027061604294511643,0.016733091988773034,0.009915805884354893,SFRP1/THBS1/DLC1,3,Multicellular non-vertebrate
GO:0043010,camera-type eye development,6/77,344/18870,0.0028106720187592357,0.017197088369531086,0.010190763916362786,CRYAB/TWIST1/SKI/SERPINF1/BMP4/THRB,6,Multicellular non-vertebrate
GO:0002704,negative regulation of leukocyte mediated immunity,3/77,69/18870,0.002820931707901518,0.017197088369531086,0.010190763916362786,LGALS9/AHR/TGFB1,3,Multicellular non-vertebrate
GO:0035019,somatic stem cell population maintenance,3/77,69/18870,0.002820931707901518,0.017197088369531086,0.010190763916362786,SKI/TP63/SFRP1,3,Multicellular non-vertebrate
GO:0043627,response to estrogen,3/77,69/18870,0.002820931707901518,0.017197088369531086,0.010190763916362786,HOXA10/ESR1/SFRP1,3,Multicellular non-vertebrate
GO:0050918,positive chemotaxis,3/77,69/18870,0.002820931707901518,0.017197088369531086,0.010190763916362786,BMP4/ITGA2/HGF,3,Multicellular non-vertebrate
GO:1901224,positive regulation of non-canonical NF-kappaB signal transduction,3/77,69/18870,0.002820931707901518,0.017197088369531086,0.010190763916362786,LGALS9/PDCD4/APP,3,Multicellular non-vertebrate
GO:0050670,regulation of lymphocyte proliferation,5/77,238/18870,0.002892168237597567,0.017590072395880285,0.010423640979582505,LGALS9/AHR/BMP4/CASP3/PLA2G2A,5,Multicellular non-vertebrate
GO:0050921,positive regulation of chemotaxis,4/77,145/18870,0.0029318837409530413,0.01762519589625437,0.010444454694819484,LGALS9/TGFB1/THBS1/ITGA2,4,Multicellular non-vertebrate
GO:0001736,establishment of planar polarity,3/77,70/18870,0.002938663774770174,0.01762519589625437,0.010444454694819484,TP63/GPC3/SFRP1,3,Multicellular non-vertebrate
GO:0007164,establishment of tissue polarity,3/77,70/18870,0.002938663774770174,0.01762519589625437,0.010444454694819484,TP63/GPC3/SFRP1,3,Multicellular non-vertebrate
GO:0048662,negative regulation of smooth muscle cell proliferation,3/77,70/18870,0.002938663774770174,0.01762519589625437,0.010444454694819484,BMP4/NDRG2/PDCD4,3,Multicellular non-vertebrate
GO:0051148,negative regulation of muscle cell differentiation,3/77,70/18870,0.002938663774770174,0.01762519589625437,0.010444454694819484,BHLHE41/SMAD4/PDCD4,3,Multicellular non-vertebrate
GO:1900046,regulation of hemostasis,3/77,70/18870,0.002938663774770174,0.01762519589625437,0.010444454694819484,THBS1/CD9/PLG,3,Multicellular non-vertebrate
GO:0031053,primary miRNA processing,2/77,20/18870,0.00297745854472739,0.01765401790104345,0.010461534228289942,TGFB1/BMP4,2,Multicellular non-vertebrate
GO:0031998,regulation of fatty acid beta-oxidation,2/77,20/18870,0.00297745854472739,0.01765401790104345,0.010461534228289942,IRS1/TWIST1,2,Multicellular non-vertebrate
GO:0045953,negative regulation of natural killer cell mediated cytotoxicity,2/77,20/18870,0.00297745854472739,0.01765401790104345,0.010461534228289942,LGALS9/TGFB1,2,Multicellular non-vertebrate
GO:0097709,connective tissue replacement,2/77,20/18870,0.00297745854472739,0.01765401790104345,0.010461534228289942,TIMP1/TGFB1,2,Multicellular non-vertebrate
GO:2000269,regulation of fibroblast apoptotic process,2/77,20/18870,0.00297745854472739,0.01765401790104345,0.010461534228289942,TP63/SFRP1,2,Multicellular non-vertebrate
GO:0055123,digestive system development,4/77,146/18870,0.003005263397186822,0.017778289390647326,0.010535175846270553,SPDEF/TP63/SFRP1/PKD1,4,Multicellular non-vertebrate
GO:0051051,negative regulation of transport,7/77,469/18870,0.003012435569037889,0.01778021630179863,0.010536317707974625,IRS1/CRYAB/LGALS9/SFRP1/THBS1/PTGER3/NTSR1,7,Multicellular non-vertebrate
GO:0042698,ovulation cycle,3/77,71/18870,0.003059381506225724,0.01801635775888482,0.010676251968258764,SERPINF1/ESR1/CASP3,3,Multicellular non-vertebrate
GO:0062013,positive regulation of small molecule metabolic process,4/77,147/18870,0.0030798903967479115,0.018055249120438658,0.010699298467495419,IRS1/TWIST1/NTSR1/APP,4,Multicellular non-vertebrate
GO:0071456,cellular response to hypoxia,4/77,147/18870,0.0030798903967479115,0.018055249120438658,0.010699298467495419,TWIST1/TGFB1/SFRP1/NDRG1,4,Multicellular non-vertebrate
GO:0032944,regulation of mononuclear cell proliferation,5/77,242/18870,0.003106410294856421,0.018169701657076858,0.010767121505642694,LGALS9/AHR/BMP4/CASP3/PLA2G2A,5,Multicellular non-vertebrate
GO:1904888,cranial skeletal system development,3/77,72/18870,0.003183109337899523,0.018546587763389164,0.010990459157357664,TWIST1/TP63/BMP4,3,Multicellular non-vertebrate
GO:0030522,intracellular receptor signaling pathway,6/77,353/18870,0.003192269822963018,0.018546587763389164,0.010990459157357664,TWIST1/AHR/TP63/THRB/ESR1/SFRP1,6,Multicellular non-vertebrate
GO:1990778,protein localization to cell periphery,6/77,353/18870,0.003192269822963018,0.018546587763389164,0.010990459157357664,LGI1/MAL/TGFB1/EPB41L3/CDH1/ITGB1,6,Multicellular non-vertebrate
GO:0002687,positive regulation of leukocyte migration,4/77,149/18870,0.003232927817219132,0.01864584747246258,0.011049279129659847,LGALS9/THBS1/ITGA2/APP,4,Multicellular non-vertebrate
GO:0050768,negative regulation of neurogenesis,4/77,149/18870,0.003232927817219132,0.01864584747246258,0.011049279129659847,SKI/DCC/SEMA3F/CDH1,4,Multicellular non-vertebrate
GO:0002716,negative regulation of natural killer cell mediated immunity,2/77,21/18870,0.0032822006670199353,0.01864584747246258,0.011049279129659847,LGALS9/TGFB1,2,Multicellular non-vertebrate
GO:0035024,negative regulation of Rho protein signal transduction,2/77,21/18870,0.0032822006670199353,0.01864584747246258,0.011049279129659847,DLC1/ITGB1,2,Multicellular non-vertebrate
GO:0043552,positive regulation of phosphatidylinositol 3-kinase activity,2/77,21/18870,0.0032822006670199353,0.01864584747246258,0.011049279129659847,IRS1/TGFB1,2,Multicellular non-vertebrate
GO:0060973,cell migration involved in heart development,2/77,21/18870,0.0032822006670199353,0.01864584747246258,0.011049279129659847,TWIST1/BMP4,2,Multicellular non-vertebrate
GO:0071498,cellular response to fluid shear stress,2/77,21/18870,0.0032822006670199353,0.01864584747246258,0.011049279129659847,MTSS1/TFPI2,2,Multicellular non-vertebrate
GO:0071605,monocyte chemotactic protein-1 production,2/77,21/18870,0.0032822006670199353,0.01864584747246258,0.011049279129659847,TWIST1/LGALS9,2,Multicellular non-vertebrate
GO:0071637,regulation of monocyte chemotactic protein-1 production,2/77,21/18870,0.0032822006670199353,0.01864584747246258,0.011049279129659847,TWIST1/LGALS9,2,Multicellular non-vertebrate
GO:2001044,regulation of integrin-mediated signaling pathway,2/77,21/18870,0.0032822006670199353,0.01864584747246258,0.011049279129659847,TIMP1/CD63,2,Multicellular non-vertebrate
GO:0002067,glandular epithelial cell differentiation,3/77,73/18870,0.0033098712686966685,0.01864584747246258,0.011049279129659847,SPDEF/TP63/BMP4,3,Multicellular non-vertebrate
GO:0032732,positive regulation of interleukin-1 production,3/77,73/18870,0.0033098712686966685,0.01864584747246258,0.011049279129659847,LGALS9/CASP8/APP,3,Multicellular non-vertebrate
GO:0048663,neuron fate commitment,3/77,73/18870,0.0033098712686966685,0.01864584747246258,0.011049279129659847,BMP4/NKX2-1/SMAD4,3,Multicellular non-vertebrate
GO:0050818,regulation of coagulation,3/77,73/18870,0.0033098712686966685,0.01864584747246258,0.011049279129659847,THBS1/CD9/PLG,3,Multicellular non-vertebrate
GO:0031349,positive regulation of defense response,7/77,480/18870,0.0034230664073805045,0.019241782380881322,0.01140242216356869,TGFB1/ESR1/PLA2G2A/PTGER3/PDCD4/APP/MMP8,7,Multicellular non-vertebrate
GO:0045669,positive regulation of osteoblast differentiation,3/77,74/18870,0.00343969086458139,0.01929347122098892,0.01143305227695349,TP63/BMP4/HGF,3,Multicellular non-vertebrate
GO:0051896,regulation of phosphatidylinositol 3-kinase/protein kinase B signal transduction,5/77,248/18870,0.003448969475358906,0.01930382268859284,0.01143918641781924,TWIST1/TGFB1/THBS1/ITGB1/HGF,5,Multicellular non-vertebrate
GO:1903131,mononuclear cell differentiation,7/77,481/18870,0.00346241776713836,0.01932358256875843,0.011450895857781177,IRF8/LGALS9/TGFB1/BMP4/SFRP1/RUNX3/ITGB1,7,Multicellular non-vertebrate
GO:0010038,response to metal ion,6/77,359/18870,0.003467381392776831,0.01932358256875843,0.011450895857781177,SERPINF1/CASP3/CASP8/THBS1/CDH1/NDRG1,6,Multicellular non-vertebrate
GO:0001707,mesoderm formation,3/77,75/18870,0.003572591262336951,0.019770728757812814,0.011715868692184236,BMP4/ITGA2/ITGB1,3,Multicellular non-vertebrate
GO:0061045,negative regulation of wound healing,3/77,75/18870,0.003572591262336951,0.019770728757812814,0.011715868692184236,THBS1/CD9/PLG,3,Multicellular non-vertebrate
GO:0002089,lens morphogenesis in camera-type eye,2/77,22/18870,0.003600906700980154,0.019770728757812814,0.011715868692184236,SKI/BMP4,2,Multicellular non-vertebrate
GO:0002837,regulation of immune response to tumor cell,2/77,22/18870,0.003600906700980154,0.019770728757812814,0.011715868692184236,AHR/TGFB1,2,Multicellular non-vertebrate
GO:0048485,sympathetic nervous system development,2/77,22/18870,0.003600906700980154,0.019770728757812814,0.011715868692184236,TP63/SEMA3F,2,Multicellular non-vertebrate
GO:0072111,cell proliferation involved in kidney development,2/77,22/18870,0.003600906700980154,0.019770728757812814,0.011715868692184236,BMP4/GPC3,2,Multicellular non-vertebrate
GO:2000679,positive regulation of transcription regulatory region DNA binding,2/77,22/18870,0.003600906700980154,0.019770728757812814,0.011715868692184236,TWIST1/TGFB1,2,Multicellular non-vertebrate
GO:0043536,positive regulation of blood vessel endothelial cell migration,3/77,76/18870,0.003708595173300323,0.020276256136970396,0.012015437436820106,TGFB1/THBS1/PLG,3,Multicellular non-vertebrate
GO:2000242,negative regulation of reproductive process,3/77,76/18870,0.003708595173300323,0.020276256136970396,0.012015437436820106,TIMP1/SERPINF1/BMP4,3,Multicellular non-vertebrate
GO:0051961,negative regulation of nervous system development,4/77,155/18870,0.0037230455501362533,0.02031249851618456,0.012036914184651045,SKI/DCC/SEMA3F/CDH1,4,Multicellular non-vertebrate
GO:0010950,positive regulation of endopeptidase activity,4/77,156/18870,0.0038093600583769525,0.02068849178411012,0.012259722752312994,TNFSF10/LGALS9/CASP8/DLC1,4,Multicellular non-vertebrate
GO:0046718,viral entry into host cell,4/77,156/18870,0.0038093600583769525,0.02068849178411012,0.012259722752312994,CXADR/LGALS9/ITGA2/ITGB1,4,Multicellular non-vertebrate
GO:0097305,response to alcohol,5/77,254/18870,0.0038179556797225704,0.02068849178411012,0.012259722752312994,AHR/TGFB1/SFRP1/CASP8/CDH1,5,Multicellular non-vertebrate
GO:0032890,regulation of organic acid transport,3/77,77/18870,0.0038477248870716937,0.02068849178411012,0.012259722752312994,THBS1/NTSR1/ITGB1,3,Multicellular non-vertebrate
GO:0048332,mesoderm morphogenesis,3/77,77/18870,0.0038477248870716937,0.02068849178411012,0.012259722752312994,BMP4/ITGA2/ITGB1,3,Multicellular non-vertebrate
GO:0070373,negative regulation of ERK1 and ERK2 cascade,3/77,77/18870,0.0038477248870716937,0.02068849178411012,0.012259722752312994,TIMP3/SMAD4/NDRG2,3,Multicellular non-vertebrate
GO:1903036,positive regulation of response to wounding,3/77,77/18870,0.0038477248870716937,0.02068849178411012,0.012259722752312994,THBS1/ITGB1/PLG,3,Multicellular non-vertebrate
GO:0002834,regulation of response to tumor cell,2/77,23/18870,0.0039334606267769365,0.021062262366473614,0.012481214186322044,AHR/TGFB1,2,Multicellular non-vertebrate
GO:0071636,positive regulation of transforming growth factor beta production,2/77,23/18870,0.0039334606267769365,0.021062262366473614,0.012481214186322044,LGALS9/THBS1,2,Multicellular non-vertebrate
GO:0036294,cellular response to decreased oxygen levels,4/77,158/18870,0.003986046451355671,0.02129992311557752,0.012622048758678776,TWIST1/TGFB1/SFRP1/NDRG1,4,Multicellular non-vertebrate
GO:0021536,diencephalon development,3/77,79/18870,0.00413544879483728,0.022052896345364306,0.013068250595595165,BMP4/NKX2-1/CDH1,3,Multicellular non-vertebrate
GO:0034612,response to tumor necrosis factor,5/77,259/18870,0.00414643508897469,0.022066171979646047,0.013076117558414577,SFRP1/CASP3/CASP8/THBS1/MMP8,5,Multicellular non-vertebrate
GO:0003148,outflow tract septum morphogenesis,2/77,24/18870,0.00427974711748035,0.022408272709871915,0.013278841862810423,BMP4/SMAD4,2,Multicellular non-vertebrate
GO:0021871,forebrain regionalization,2/77,24/18870,0.00427974711748035,0.022408272709871915,0.013278841862810423,BMP4/NKX2-1,2,Multicellular non-vertebrate
GO:0032288,myelin assembly,2/77,24/18870,0.00427974711748035,0.022408272709871915,0.013278841862810423,EPB41L3/CD9,2,Multicellular non-vertebrate
GO:0040037,negative regulation of fibroblast growth factor receptor signaling pathway,2/77,24/18870,0.00427974711748035,0.022408272709871915,0.013278841862810423,THBS1/CREB3L1,2,Multicellular non-vertebrate
GO:0051957,positive regulation of amino acid transport,2/77,24/18870,0.00427974711748035,0.022408272709871915,0.013278841862810423,NTSR1/ITGB1,2,Multicellular non-vertebrate
GO:0060571,morphogenesis of an epithelial fold,2/77,24/18870,0.00427974711748035,0.022408272709871915,0.013278841862810423,TP63/BMP4,2,Multicellular non-vertebrate
GO:0072273,metanephric nephron morphogenesis,2/77,24/18870,0.00427974711748035,0.022408272709871915,0.013278841862810423,BMP4/PKD1,2,Multicellular non-vertebrate
GO:2000209,regulation of anoikis,2/77,24/18870,0.00427974711748035,0.022408272709871915,0.013278841862810423,BRMS1/ITGB1,2,Multicellular non-vertebrate
GO:0060828,regulation of canonical Wnt signaling pathway,5/77,262/18870,0.004352970399427817,0.02271554085965275,0.013460924847217367,TGFB1/GPC5/GPC3/SFRP1/RECK,5,Multicellular non-vertebrate
GO:0048592,eye morphogenesis,4/77,162/18870,0.004355925817522938,0.02271554085965275,0.013460924847217367,TWIST1/SKI/BMP4/THRB,4,Multicellular non-vertebrate
GO:0003151,outflow tract morphogenesis,3/77,81/18870,0.004435933007090062,0.022994247543738307,0.013626082690126422,TWIST1/BMP4/SMAD4,3,Multicellular non-vertebrate
GO:0007422,peripheral nervous system development,3/77,81/18870,0.004435933007090062,0.022994247543738307,0.013626082690126422,SKI/RUNX3/NDRG1,3,Multicellular non-vertebrate
GO:0045913,positive regulation of carbohydrate metabolic process,3/77,81/18870,0.004435933007090062,0.022994247543738307,0.013626082690126422,IRS1/NTSR1/APP,3,Multicellular non-vertebrate
GO:0044409,entry into host,4/77,163/18870,0.004451891727160476,0.02303100162437402,0.013647862665356713,CXADR/LGALS9/ITGA2/ITGB1,4,Multicellular non-vertebrate
GO:0014032,neural crest cell development,3/77,82/18870,0.004591011574643566,0.02365646241934393,0.014018502343627599,TWIST1/BMP4/SEMA3F,3,Multicellular non-vertebrate
GO:0150076,neuroinflammatory response,3/77,82/18870,0.004591011574643566,0.02365646241934393,0.014018502343627599,ITGB1/APP/MMP8,3,Multicellular non-vertebrate
GO:0045649,regulation of macrophage differentiation,2/77,25/18870,0.004639651535458201,0.023812598888507803,0.014111026721114812,TGFB1/CASP8,2,Multicellular non-vertebrate
GO:0045662,negative regulation of myoblast differentiation,2/77,25/18870,0.004639651535458201,0.023812598888507803,0.014111026721114812,TGFB1/BMP4,2,Multicellular non-vertebrate
GO:0070663,regulation of leukocyte proliferation,5/77,267/18870,0.004713386084226948,0.024143320829856776,0.014307008107837223,LGALS9/AHR/BMP4/CASP3/PLA2G2A,5,Multicellular non-vertebrate
GO:0001911,negative regulation of leukocyte mediated cytotoxicity,2/77,26/18870,0.005013059928790027,0.02537800513658421,0.015038665468125618,LGALS9/TGFB1,2,Multicellular non-vertebrate
GO:0003181,atrioventricular valve morphogenesis,2/77,26/18870,0.005013059928790027,0.02537800513658421,0.015038665468125618,TWIST1/SMAD4,2,Multicellular non-vertebrate
GO:0048641,regulation of skeletal muscle tissue development,2/77,26/18870,0.005013059928790027,0.02537800513658421,0.015038665468125618,TWIST1/TGFB1,2,Multicellular non-vertebrate
GO:0062149,detection of stimulus involved in sensory perception of pain,2/77,26/18870,0.005013059928790027,0.02537800513658421,0.015038665468125618,NTSR1/ITGA2,2,Multicellular non-vertebrate
GO:0090218,positive regulation of lipid kinase activity,2/77,26/18870,0.005013059928790027,0.02537800513658421,0.015038665468125618,IRS1/TGFB1,2,Multicellular non-vertebrate
GO:2000050,regulation of non-canonical Wnt signaling pathway,2/77,26/18870,0.005013059928790027,0.02537800513658421,0.015038665468125618,GPC3/SFRP1,2,Multicellular non-vertebrate
GO:0051101,regulation of DNA binding,3/77,85/18870,0.005075829972485171,0.025645779063315152,0.015197344705659062,TWIST1/SKI/TGFB1,3,Multicellular non-vertebrate
GO:1902903,regulation of supramolecular fiber organization,6/77,389/18870,0.005116090114108532,0.025799001992892926,0.015288142558664638,MTSS1/CRYAB/SFRP1/SMAD4/DLC1/APP,6,Multicellular non-vertebrate
GO:0007009,plasma membrane organization,4/77,170/18870,0.005163888896734285,0.02593930263988189,0.0153712828403248,MTSS1/EPB41L3/CD9/NDRG1,4,Multicellular non-vertebrate
GO:0010952,positive regulation of peptidase activity,4/77,170/18870,0.005163888896734285,0.02593930263988189,0.0153712828403248,TNFSF10/LGALS9/CASP8/DLC1,4,Multicellular non-vertebrate
GO:0001654,eye development,6/77,391/18870,0.005243433097513568,0.02623488340330458,0.015546440036329897,CRYAB/TWIST1/SKI/SERPINF1/BMP4/THRB,6,Multicellular non-vertebrate
GO:0008589,regulation of smoothened signaling pathway,3/77,86/18870,0.005244027161244281,0.02623488340330458,0.015546440036329897,GAS1/GPC3/SFRP1,3,Multicellular non-vertebrate
GO:0007611,learning or memory,5/77,274/18870,0.005253037878212701,0.02623488340330458,0.015546440036329897,SERPINF1/CASP3/NTSR1/ITGB1/APP,5,Multicellular non-vertebrate
GO:0051897,positive regulation of phosphatidylinositol 3-kinase/protein kinase B signal transduction,4/77,171/18870,0.005271464559580837,0.026276379004282983,0.01557102977292087,TGFB1/THBS1/ITGB1/HGF,4,Multicellular non-vertebrate
GO:0051048,negative regulation of secretion,4/77,172/18870,0.005380533746705308,0.026711302657012923,0.015828759696229617,IRS1/LGALS9/SFRP1/PTGER3,4,Multicellular non-vertebrate
GO:0042730,fibrinolysis,2/77,27/18870,0.00539985902769803,0.026711302657012923,0.015828759696229617,THBS1/PLG,2,Multicellular non-vertebrate
GO:0050996,positive regulation of lipid catabolic process,2/77,27/18870,0.00539985902769803,0.026711302657012923,0.015828759696229617,IRS1/TWIST1,2,Multicellular non-vertebrate
GO:0099170,postsynaptic modulation of chemical synaptic transmission,2/77,27/18870,0.00539985902769803,0.026711302657012923,0.015828759696229617,DCC/CDH1,2,Multicellular non-vertebrate
GO:0007204,positive regulation of cytosolic calcium ion concentration,4/77,173/18870,0.005491105690593629,0.027059585348143556,0.016035147347743705,ESR1/PKD1/PTGER1/PTGER3,4,Multicellular non-vertebrate
GO:1903034,regulation of response to wounding,4/77,173/18870,0.005491105690593629,0.027059585348143556,0.016035147347743705,THBS1/CD9/ITGB1/PLG,4,Multicellular non-vertebrate
GO:0150063,visual system development,6/77,395/18870,0.005505098529995095,0.027077160762116026,0.016045562302338178,CRYAB/TWIST1/SKI/SERPINF1/BMP4/THRB,6,Multicellular non-vertebrate
GO:0048864,stem cell development,3/77,88/18870,0.005590418332106479,0.027444832530208935,0.01626343966080922,TWIST1/BMP4/SEMA3F,3,Multicellular non-vertebrate
GO:0071453,cellular response to oxygen levels,4/77,174/18870,0.005603189571856389,0.02745562890209631,0.01626983744598618,TWIST1/TGFB1/SFRP1/NDRG1,4,Multicellular non-vertebrate
GO:0098742,cell-cell adhesion via plasma-membrane adhesion molecules,5/77,279/18870,0.005664414469471812,0.027703360409074004,0.01641663981438753,CXADR/SPARCL1/PKD1/CDH1/ITGB1,5,Multicellular non-vertebrate
GO:0031214,biomineral tissue development,4/77,175/18870,0.00571679451878553,0.02779046940565539,0.01646825943743517,TWIST1/TGFB1/BMP4/GPC3,4,Multicellular non-vertebrate
GO:0002088,lens development in camera-type eye,3/77,89/18870,0.005768647711631292,0.02779046940565539,0.01646825943743517,CRYAB/SKI/BMP4,3,Multicellular non-vertebrate
GO:0048145,regulation of fibroblast proliferation,3/77,89/18870,0.005768647711631292,0.02779046940565539,0.01646825943743517,SKI/ESR1/SFRP1,3,Multicellular non-vertebrate
GO:0022011,myelination in peripheral nervous system,2/77,28/18870,0.005799936240995464,0.02779046940565539,0.01646825943743517,SKI/NDRG1,2,Multicellular non-vertebrate
GO:0030194,positive regulation of blood coagulation,2/77,28/18870,0.005799936240995464,0.02779046940565539,0.01646825943743517,THBS1/PLG,2,Multicellular non-vertebrate
GO:0032292,peripheral nervous system axon ensheathment,2/77,28/18870,0.005799936240995464,0.02779046940565539,0.01646825943743517,SKI/NDRG1,2,Multicellular non-vertebrate
GO:0048668,collateral sprouting,2/77,28/18870,0.005799936240995464,0.02779046940565539,0.01646825943743517,DCC/APP,2,Multicellular non-vertebrate
GO:0060964,regulation of miRNA-mediated gene silencing,2/77,28/18870,0.005799936240995464,0.02779046940565539,0.01646825943743517,TGFB1/BMP4,2,Multicellular non-vertebrate
GO:0090594,inflammatory response to wounding,2/77,28/18870,0.005799936240995464,0.02779046940565539,0.01646825943743517,TIMP1/TGFB1,2,Multicellular non-vertebrate
GO:1900048,positive regulation of hemostasis,2/77,28/18870,0.005799936240995464,0.02779046940565539,0.01646825943743517,THBS1/PLG,2,Multicellular non-vertebrate
GO:1903671,negative regulation of sprouting angiogenesis,2/77,28/18870,0.005799936240995464,0.02779046940565539,0.01646825943743517,THBS1/CREB3L1,2,Multicellular non-vertebrate
GO:0010634,positive regulation of epithelial cell migration,4/77,176/18870,0.0058319296069200355,0.027841031597741418,0.016498221914313257,TGFB1/THBS1/ITGA2/PLG,4,Multicellular non-vertebrate
GO:0043409,negative regulation of MAPK cascade,4/77,176/18870,0.0058319296069200355,0.027841031597741418,0.016498221914313257,TIMP3/SMAD4/NDRG2/PDCD4,4,Multicellular non-vertebrate
GO:0048880,sensory system development,6/77,401/18870,0.00591541565570989,0.02818776964748364,0.016703694232057673,CRYAB/TWIST1/SKI/SERPINF1/BMP4/THRB,6,Multicellular non-vertebrate
GO:0010657,muscle cell apoptotic process,3/77,90/18870,0.005950255923676464,0.028250118160489536,0.016740641124631948,SMAD4/MAP2K4/PDCD4,3,Multicellular non-vertebrate
GO:0051262,protein tetramerization,3/77,90/18870,0.005950255923676464,0.028250118160489536,0.016740641124631948,TP63/TRPM1/PKD1,3,Multicellular non-vertebrate
GO:0043542,endothelial cell migration,5/77,284/18870,0.006098095334467408,0.02886516557723957,0.017105109974636424,SERPINF1/TGFB1/THBS1/ITGB1/PLG,5,Multicellular non-vertebrate
GO:0030901,midbrain development,3/77,91/18870,0.00613525972928842,0.02886516557723957,0.017105109974636424,SFRP1/CASP5/NDRG2,3,Multicellular non-vertebrate
GO:0060021,roof of mouth development,3/77,91/18870,0.00613525972928842,0.02886516557723957,0.017105109974636424,TWIST1/SKI/SMAD4,3,Multicellular non-vertebrate
GO:0090101,negative regulation of transmembrane receptor protein serine/threonine kinase signaling pathway,4/77,179/18870,0.006186605673778175,0.02886516557723957,0.017105109974636424,SKI/NKX2-1/SFRP1/BRMS1,4,Multicellular non-vertebrate
GO:0061448,connective tissue development,5/77,285/18870,0.006187562863260643,0.02886516557723957,0.017105109974636424,TIMP1/TGFB1/BMP4/PKD1/RUNX3,5,Multicellular non-vertebrate
GO:0002418,immune response to tumor cell,2/77,29/18870,0.006213179652551759,0.02886516557723957,0.017105109974636424,AHR/TGFB1,2,Multicellular non-vertebrate
GO:0003171,atrioventricular valve development,2/77,29/18870,0.006213179652551759,0.02886516557723957,0.017105109974636424,TWIST1/SMAD4,2,Multicellular non-vertebrate
GO:0010165,response to X-ray,2/77,29/18870,0.006213179652551759,0.02886516557723957,0.017105109974636424,SFRP1/CASP3,2,Multicellular non-vertebrate
GO:0010800,positive regulation of peptidyl-threonine phosphorylation,2/77,29/18870,0.006213179652551759,0.02886516557723957,0.017105109974636424,TGFB1/APP,2,Multicellular non-vertebrate
GO:0015813,L-glutamate transmembrane transport,2/77,29/18870,0.006213179652551759,0.02886516557723957,0.017105109974636424,NTSR1/ITGB1,2,Multicellular non-vertebrate
GO:0031342,negative regulation of cell killing,2/77,29/18870,0.006213179652551759,0.02886516557723957,0.017105109974636424,LGALS9/TGFB1,2,Multicellular non-vertebrate
GO:1900368,regulation of post-transcriptional gene silencing by regulatory ncRNA,2/77,29/18870,0.006213179652551759,0.02886516557723957,0.017105109974636424,TGFB1/BMP4,2,Multicellular non-vertebrate
GO:0051090,regulation of DNA-binding transcription factor activity,6/77,406/18870,0.006274104762013464,0.02909616083383744,0.017241994665533243,LGALS9/TGFB1/ESR1/BRMS1/PKD1/APP,6,Multicellular non-vertebrate
GO:0001738,morphogenesis of a polarized epithelium,3/77,92/18870,0.00632367552049998,0.02927377063589741,0.017347243852089262,TP63/GPC3/SFRP1,3,Multicellular non-vertebrate
GO:0045786,negative regulation of cell cycle,6/77,407/18870,0.006347707726303134,0.02933273481353957,0.01738218523291849,GAS1/MTBP/TGFB1/BMP4/CASP3/RUNX3,6,Multicellular non-vertebrate
GO:0043534,blood vessel endothelial cell migration,4/77,181/18870,0.006430871063958368,0.029559242748849343,0.017516410797405,TGFB1/THBS1/ITGB1/PLG,4,Multicellular non-vertebrate
GO:0071478,cellular response to radiation,4/77,181/18870,0.006430871063958368,0.029559242748849343,0.017516410797405,CRYAB/TIMP1/SFRP1/TRPM1,4,Multicellular non-vertebrate
GO:1905475,regulation of protein localization to membrane,4/77,181/18870,0.006430871063958368,0.029559242748849343,0.017516410797405,TGFB1/GPC5/GPC3/ITGB1,4,Multicellular non-vertebrate
GO:1900182,positive regulation of protein localization to nucleus,3/77,93/18870,0.006515519323657057,0.029842687272552692,0.017684376220526533,TGFB1/BMP4/CDH1,3,Multicellular non-vertebrate
GO:1904705,regulation of vascular associated smooth muscle cell proliferation,3/77,93/18870,0.006515519323657057,0.029842687272552692,0.017684376220526533,BMP4/NDRG2/PDCD4,3,Multicellular non-vertebrate
GO:0042129,regulation of T cell proliferation,4/77,182/18870,0.006555374578970668,0.029972372854906382,0.01776122615725559,LGALS9/BMP4/CASP3/PLA2G2A,4,Multicellular non-vertebrate
GO:0010955,negative regulation of protein processing,2/77,30/18870,0.006639478017774833,0.030039589568225156,0.017801057880041823,GAS1/THBS1,2,Multicellular non-vertebrate
GO:0043032,positive regulation of macrophage activation,2/77,30/18870,0.006639478017774833,0.030039589568225156,0.017801057880041823,THBS1/MMP8,2,Multicellular non-vertebrate
GO:0050820,positive regulation of coagulation,2/77,30/18870,0.006639478017774833,0.030039589568225156,0.017801057880041823,THBS1/PLG,2,Multicellular non-vertebrate
GO:0060147,regulation of post-transcriptional gene silencing,2/77,30/18870,0.006639478017774833,0.030039589568225156,0.017801057880041823,TGFB1/BMP4,2,Multicellular non-vertebrate
GO:0060441,epithelial tube branching involved in lung morphogenesis,2/77,30/18870,0.006639478017774833,0.030039589568225156,0.017801057880041823,BMP4/NKX2-1,2,Multicellular non-vertebrate
GO:1903318,negative regulation of protein maturation,2/77,30/18870,0.006639478017774833,0.030039589568225156,0.017801057880041823,GAS1/THBS1,2,Multicellular non-vertebrate
GO:0019827,stem cell population maintenance,4/77,183/18870,0.006681470252236219,0.030177005643578194,0.01788248880323909,SKI/TP63/SFRP1/BRMS1,4,Multicellular non-vertebrate
GO:0048771,tissue remodeling,4/77,184/18870,0.0068091667226809665,0.03070035760208762,0.018192620154531384,TIMP1/TGFB1/SFRP1/PLG,4,Multicellular non-vertebrate
GO:1990874,vascular associated smooth muscle cell proliferation,3/77,95/18870,0.006909553262557612,0.031098977162672646,0.018428836759754135,BMP4/NDRG2/PDCD4,3,Multicellular non-vertebrate
GO:1902107,positive regulation of leukocyte differentiation,4/77,185/18870,0.006938472572957804,0.031121266445546487,0.01844204508983603,LGALS9/TGFB1/CASP8/RUNX3,4,Multicellular non-vertebrate
GO:1903708,positive regulation of hemopoiesis,4/77,185/18870,0.006938472572957804,0.031121266445546487,0.01844204508983603,LGALS9/TGFB1/CASP8/RUNX3,4,Multicellular non-vertebrate
GO:0003338,metanephros morphogenesis,2/77,31/18870,0.007078720760110133,0.03137105429011265,0.01859006601631222,BMP4/PKD1,2,Multicellular non-vertebrate
GO:0014044,Schwann cell development,2/77,31/18870,0.007078720760110133,0.03137105429011265,0.01859006601631222,SKI/NDRG1,2,Multicellular non-vertebrate
GO:0031646,positive regulation of nervous system process,2/77,31/18870,0.007078720760110133,0.03137105429011265,0.01859006601631222,NTSR1/ITGA2,2,Multicellular non-vertebrate
GO:0050482,arachidonic acid secretion,2/77,31/18870,0.007078720760110133,0.03137105429011265,0.01859006601631222,PLA2G2A/NTSR1,2,Multicellular non-vertebrate
GO:0060966,regulation of gene silencing by regulatory ncRNA,2/77,31/18870,0.007078720760110133,0.03137105429011265,0.01859006601631222,TGFB1/BMP4,2,Multicellular non-vertebrate
GO:1903963,arachidonate transport,2/77,31/18870,0.007078720760110133,0.03137105429011265,0.01859006601631222,PLA2G2A/NTSR1,2,Multicellular non-vertebrate
GO:2000191,regulation of fatty acid transport,2/77,31/18870,0.007078720760110133,0.03137105429011265,0.01859006601631222,THBS1/NTSR1,2,Multicellular non-vertebrate
GO:1903706,regulation of hemopoiesis,6/77,417/18870,0.007118833675152509,0.03149507845719091,0.018663561074281302,LGALS9/TGFB1/BMP4/SFRP1/CASP8/RUNX3,6,Multicellular non-vertebrate
GO:0010632,regulation of epithelial cell migration,5/77,295/18870,0.007133760502232528,0.03150744221819367,0.018670887673225844,SERPINF1/TGFB1/THBS1/ITGA2/PLG,5,Multicellular non-vertebrate
GO:0098727,maintenance of cell number,4/77,187/18870,0.007201946460165253,0.03175459245678975,0.018817345589780356,SKI/TP63/SFRP1/BRMS1,4,Multicellular non-vertebrate
GO:0007159,leukocyte cell-cell adhesion,6/77,419/18870,0.007280875760673328,0.03204819381435362,0.01899132981642178,LGALS9/BMP4/CASP3/PLA2G2A/RUNX3/ITGB1,6,Multicellular non-vertebrate
GO:0009953,dorsal/ventral pattern formation,3/77,97/18870,0.007317482568002724,0.0320739615967801,0.019006599458684114,BMP4/NKX2-1/SFRP1,3,Multicellular non-vertebrate
GO:1903035,negative regulation of response to wounding,3/77,97/18870,0.007317482568002724,0.0320739615967801,0.019006599458684114,THBS1/CD9/PLG,3,Multicellular non-vertebrate
GO:0006109,regulation of carbohydrate metabolic process,4/77,188/18870,0.007336131377931221,0.0320739615967801,0.019006599458684114,IRS1/TGFB1/NTSR1/APP,4,Multicellular non-vertebrate
GO:0044000,movement in host,4/77,188/18870,0.007336131377931221,0.0320739615967801,0.019006599458684114,CXADR/LGALS9/ITGA2/ITGB1,4,Multicellular non-vertebrate
GO:0007435,salivary gland morphogenesis,2/77,32/18870,0.007530797967556719,0.03281456765393423,0.019445472674969842,TGFB1/HGF,2,Multicellular non-vertebrate
GO:1901889,negative regulation of cell junction assembly,2/77,32/18870,0.007530797967556719,0.03281456765393423,0.019445472674969842,THBS1/DLC1,2,Multicellular non-vertebrate
GO:0010596,negative regulation of endothelial cell migration,3/77,99/18870,0.007739422620123413,0.03361083703087041,0.019917331227988784,SERPINF1/TGFB1/THBS1,3,Multicellular non-vertebrate
GO:2001237,negative regulation of extrinsic apoptotic signaling pathway,3/77,99/18870,0.007739422620123413,0.03361083703087041,0.019917331227988784,BMP4/THBS1/HGF,3,Multicellular non-vertebrate
GO:0060349,bone morphogenesis,3/77,100/18870,0.00795568121503057,0.03443544645232447,0.020405983711285644,TWIST1/SKI/BMP4,3,Multicellular non-vertebrate
GO:0030511,positive regulation of transforming growth factor beta receptor signaling pathway,2/77,33/18870,0.007995600389199714,0.03443544645232447,0.020405983711285644,SMAD4/THBS1,2,Multicellular non-vertebrate
GO:0034390,smooth muscle cell apoptotic process,2/77,33/18870,0.007995600389199714,0.03443544645232447,0.020405983711285644,MAP2K4/PDCD4,2,Multicellular non-vertebrate
GO:0050869,negative regulation of B cell activation,2/77,33/18870,0.007995600389199714,0.03443544645232447,0.020405983711285644,SFRP1/CASP3,2,Multicellular non-vertebrate
GO:1903846,positive regulation of cellular response to transforming growth factor beta stimulus,2/77,33/18870,0.007995600389199714,0.03443544645232447,0.020405983711285644,SMAD4/THBS1,2,Multicellular non-vertebrate
GO:0009749,response to glucose,4/77,193/18870,0.008031868127942354,0.034477291782258335,0.02043078069256498,SERPINF1/SMAD4/CASP3/THBS1,4,Multicellular non-vertebrate
GO:0009755,hormone-mediated signaling pathway,4/77,193/18870,0.008031868127942354,0.034477291782258335,0.02043078069256498,TP63/THRB/ESR1/SFRP1,4,Multicellular non-vertebrate
GO:0046651,lymphocyte proliferation,5/77,307/18870,0.008397766703730434,0.03589629928920128,0.021271665509114676,LGALS9/AHR/BMP4/CASP3/PLA2G2A,5,Multicellular non-vertebrate
GO:0070167,regulation of biomineral tissue development,3/77,102/18870,0.008398841635204376,0.03589629928920128,0.021271665509114676,TWIST1/TGFB1/BMP4,3,Multicellular non-vertebrate
GO:0007431,salivary gland development,2/77,34/18870,0.008473019431759871,0.03589629928920128,0.021271665509114676,TGFB1/HGF,2,Multicellular non-vertebrate
GO:0009954,proximal/distal pattern formation,2/77,34/18870,0.008473019431759871,0.03589629928920128,0.021271665509114676,HOXA10/TP63,2,Multicellular non-vertebrate
GO:0010661,positive regulation of muscle cell apoptotic process,2/77,34/18870,0.008473019431759871,0.03589629928920128,0.021271665509114676,SMAD4/PDCD4,2,Multicellular non-vertebrate
GO:0031128,developmental induction,2/77,34/18870,0.008473019431759871,0.03589629928920128,0.021271665509114676,BMP4/NKX2-1,2,Multicellular non-vertebrate
GO:0043276,anoikis,2/77,34/18870,0.008473019431759871,0.03589629928920128,0.021271665509114676,BRMS1/ITGB1,2,Multicellular non-vertebrate
GO:0046320,regulation of fatty acid oxidation,2/77,34/18870,0.008473019431759871,0.03589629928920128,0.021271665509114676,IRS1/TWIST1,2,Multicellular non-vertebrate
GO:0009410,response to xenobiotic stimulus,6/77,434/18870,0.008582748061766263,0.03630194904952278,0.02151204811641056,AHR/SFRP1/CASP3/THBS1/CDH1/ITGA2,6,Multicellular non-vertebrate
GO:0035282,segmentation,3/77,103/18870,0.008625768889127153,0.03630651832263082,0.02151475580637021,SFRP1/SMAD4/SEMA3F,3,Multicellular non-vertebrate
GO:0097306,cellular response to alcohol,3/77,103/18870,0.008625768889127153,0.03630651832263082,0.02151475580637021,AHR/SFRP1/CDH1,3,Multicellular non-vertebrate
GO:1901655,cellular response to ketone,3/77,103/18870,0.008625768889127153,0.03630651832263082,0.02151475580637021,AHR/SERPINF1/SFRP1,3,Multicellular non-vertebrate
GO:0009746,response to hexose,4/77,198/18870,0.00876970281668311,0.03679308273816808,0.02180308735310043,SERPINF1/SMAD4/CASP3/THBS1,4,Multicellular non-vertebrate
GO:0045664,regulation of neuron differentiation,4/77,198/18870,0.00876970281668311,0.03679308273816808,0.02180308735310043,BMP4/SFRP1/ITGB1/APP,4,Multicellular non-vertebrate
GO:0002719,negative regulation of cytokine production involved in immune response,2/77,35/18870,0.008962947156159327,0.037422465859398346,0.022176051349306034,TWIST1/TGFB1,2,Multicellular non-vertebrate
GO:0048147,negative regulation of fibroblast proliferation,2/77,35/18870,0.008962947156159327,0.037422465859398346,0.022176051349306034,SKI/SFRP1,2,Multicellular non-vertebrate
GO:2000515,"negative regulation of CD4-positive, alpha-beta T cell activation",2/77,35/18870,0.008962947156159327,0.037422465859398346,0.022176051349306034,LGALS9/RUNX3,2,Multicellular non-vertebrate
GO:0043255,regulation of carbohydrate biosynthetic process,3/77,105/18870,0.009090378572391943,0.037832873641829926,0.022419253496688635,IRS1/TGFB1/NTSR1,3,Multicellular non-vertebrate
GO:0110020,regulation of actomyosin structure organization,3/77,105/18870,0.009090378572391943,0.037832873641829926,0.022419253496688635,SFRP1/SMAD4/DLC1,3,Multicellular non-vertebrate
GO:0032943,mononuclear cell proliferation,5/77,314/18870,0.009202937500712039,0.03824004590295866,0.022660538317542743,LGALS9/AHR/BMP4/CASP3/PLA2G2A,5,Multicellular non-vertebrate
GO:0060070,canonical Wnt signaling pathway,5/77,316/18870,0.009442460281298113,0.039142233254535884,0.023195162441737013,TGFB1/GPC5/GPC3/SFRP1/RECK,5,Multicellular non-vertebrate
GO:0002068,glandular epithelial cell development,2/77,36/18870,0.009465276274104173,0.039142233254535884,0.023195162441737013,SPDEF/BMP4,2,Multicellular non-vertebrate
GO:0007617,mating behavior,2/77,36/18870,0.009465276274104173,0.039142233254535884,0.023195162441737013,THRB/APP,2,Multicellular non-vertebrate
GO:0043588,skin development,5/77,317/18870,0.009563823552527556,0.03932238564521452,0.02330191833220665,TP63/SMAD4/CASP3/PKD1/ITGA2,5,Multicellular non-vertebrate
GO:0050890,cognition,5/77,317/18870,0.009563823552527556,0.03932238564521452,0.02330191833220665,SERPINF1/CASP3/NTSR1/ITGB1/APP,5,Multicellular non-vertebrate
GO:0032231,regulation of actin filament bundle assembly,3/77,107/18870,0.009569406133144234,0.03932238564521452,0.02330191833220665,MTSS1/SFRP1/DLC1,3,Multicellular non-vertebrate
GO:0048144,fibroblast proliferation,3/77,107/18870,0.009569406133144234,0.03932238564521452,0.02330191833220665,SKI/ESR1/SFRP1,3,Multicellular non-vertebrate
GO:0009416,response to light stimulus,5/77,318/18870,0.009686260789694484,0.039739682892316865,0.023549203083950008,TIMP1/CASP3/TRPM1/ITGB1/APP,5,Multicellular non-vertebrate
GO:0000302,response to reactive oxygen species,4/77,205/18870,0.00987526453020295,0.04043338638961342,0.02396028247233238,CRYAB/CASP3/MAP2K4/HGF,4,Multicellular non-vertebrate
GO:0003161,cardiac conduction system development,2/77,37/18870,0.009979900144683175,0.04043338638961342,0.02396028247233238,BMP4/SMAD4,2,Multicellular non-vertebrate
GO:0010934,macrophage cytokine production,2/77,37/18870,0.009979900144683175,0.04043338638961342,0.02396028247233238,TWIST1/TGFB1,2,Multicellular non-vertebrate
GO:0010935,regulation of macrophage cytokine production,2/77,37/18870,0.009979900144683175,0.04043338638961342,0.02396028247233238,TWIST1/TGFB1,2,Multicellular non-vertebrate
GO:0033144,negative regulation of intracellular steroid hormone receptor signaling pathway,2/77,37/18870,0.009979900144683175,0.04043338638961342,0.02396028247233238,TP63/SFRP1,2,Multicellular non-vertebrate
GO:0045880,positive regulation of smoothened signaling pathway,2/77,37/18870,0.009979900144683175,0.04043338638961342,0.02396028247233238,GPC3/SFRP1,2,Multicellular non-vertebrate
GO:0046326,positive regulation of glucose import,2/77,37/18870,0.009979900144683175,0.04043338638961342,0.02396028247233238,IRS1/GPC3,2,Multicellular non-vertebrate
GO:0070269,pyroptosis,2/77,37/18870,0.009979900144683175,0.04043338638961342,0.02396028247233238,CASP3/CASP8,2,Multicellular non-vertebrate
GO:0046822,regulation of nucleocytoplasmic transport,3/77,109/18870,0.01006294025181261,0.04064301062823849,0.024084502984611667,TGFB1/BMP4/CDH1,3,Multicellular non-vertebrate
GO:0061387,regulation of extent of cell growth,3/77,109/18870,0.01006294025181261,0.04064301062823849,0.024084502984611667,DCC/SEMA3F/CDH1,3,Multicellular non-vertebrate
GO:0044403,biological process involved in symbiotic interaction,5/77,322/18870,0.010186839434770167,0.04107953728586665,0.024343182827123222,CXADR/LGALS9/ITGA2/ITGB1/PLG,5,Multicellular non-vertebrate
GO:0042116,macrophage activation,3/77,110/18870,0.010315173600206545,0.04140418213251375,0.024535563009032733,THBS1/APP/MMP8,3,Multicellular non-vertebrate
GO:0045445,myoblast differentiation,3/77,110/18870,0.010315173600206545,0.04140418213251375,0.024535563009032733,TGFB1/BMP4/ITGB1,3,Multicellular non-vertebrate
GO:0090398,cellular senescence,3/77,110/18870,0.010315173600206545,0.04140418213251375,0.024535563009032733,TWIST1/TP63/MAP2K4,3,Multicellular non-vertebrate
GO:0071383,cellular response to steroid hormone stimulus,4/77,208/18870,0.010375568876341008,0.04158233390718765,0.0246411333612907,TP63/SERPINF1/ESR1/SFRP1,4,Multicellular non-vertebrate
GO:0010975,regulation of neuron projection development,6/77,453/18870,0.010462754751370889,0.041867140353328496,0.024809905841382273,LZTS1/SERPINF1/DCC/SFRP1/SEMA3F/CDH1,6,Multicellular non-vertebrate
GO:0040036,regulation of fibroblast growth factor receptor signaling pathway,2/77,38/18870,0.010506712770983164,0.04197714780655648,0.02487509478271916,THBS1/CREB3L1,2,Multicellular non-vertebrate
GO:0030512,negative regulation of transforming growth factor beta receptor signaling pathway,3/77,111/18870,0.010571064561219845,0.04197714780655648,0.02487509478271916,SKI/NKX2-1/BRMS1,3,Multicellular non-vertebrate
GO:0032611,interleukin-1 beta production,3/77,111/18870,0.010571064561219845,0.04197714780655648,0.02487509478271916,LGALS9/CASP8/APP,3,Multicellular non-vertebrate
GO:0032651,regulation of interleukin-1 beta production,3/77,111/18870,0.010571064561219845,0.04197714780655648,0.02487509478271916,LGALS9/CASP8/APP,3,Multicellular non-vertebrate
GO:1902106,negative regulation of leukocyte differentiation,3/77,111/18870,0.010571064561219845,0.04197714780655648,0.02487509478271916,BMP4/SFRP1/RUNX3,3,Multicellular non-vertebrate
GO:0051701,biological process involved in interaction with host,4/77,211/18870,0.010892052036402868,0.04318573914280649,0.025591289798667725,CXADR/LGALS9/ITGA2/ITGB1,4,Multicellular non-vertebrate
GO:0014037,Schwann cell differentiation,2/77,39/18870,0.011045608796720455,0.04348439306132819,0.025768268105166615,SKI/NDRG1,2,Multicellular non-vertebrate
GO:0032885,regulation of polysaccharide biosynthetic process,2/77,39/18870,0.011045608796720455,0.04348439306132819,0.025768268105166615,IRS1/TGFB1,2,Multicellular non-vertebrate
GO:0043550,regulation of lipid kinase activity,2/77,39/18870,0.011045608796720455,0.04348439306132819,0.025768268105166615,IRS1/TGFB1,2,Multicellular non-vertebrate
GO:0051938,L-glutamate import,2/77,39/18870,0.011045608796720455,0.04348439306132819,0.025768268105166615,NTSR1/ITGB1,2,Multicellular non-vertebrate
GO:0045619,regulation of lymphocyte differentiation,4/77,212/18870,0.011067841283611064,0.04348439306132819,0.025768268105166615,LGALS9/BMP4/SFRP1/RUNX3,4,Multicellular non-vertebrate
GO:0098739,import across plasma membrane,4/77,212/18870,0.011067841283611064,0.04348439306132819,0.025768268105166615,THBS1/TRPM1/NTSR1/ITGB1,4,Multicellular non-vertebrate
GO:1901222,regulation of non-canonical NF-kappaB signal transduction,3/77,113/18870,0.0110938577409011,0.04352076820713015,0.025789823528696788,LGALS9/PDCD4/APP,3,Multicellular non-vertebrate
GO:0042098,T cell proliferation,4/77,213/18870,0.011245456168149546,0.04404894369333992,0.02610281323781001,LGALS9/BMP4/CASP3/PLA2G2A,4,Multicellular non-vertebrate
GO:0002064,epithelial cell development,4/77,214/18870,0.011424903519210947,0.0446844494569139,0.02647940542975017,SPDEF/TP63/BMP4/ESR1,4,Multicellular non-vertebrate
GO:0001953,negative regulation of cell-matrix adhesion,2/77,40/18870,0.011596483502888657,0.04488236610581497,0.02659668818138398,THBS1/DLC1,2,Multicellular non-vertebrate
GO:0010742,macrophage derived foam cell differentiation,2/77,40/18870,0.011596483502888657,0.04488236610581497,0.02659668818138398,TGFB1/PLA2G2A,2,Multicellular non-vertebrate
GO:0032570,response to progesterone,2/77,40/18870,0.011596483502888657,0.04488236610581497,0.02659668818138398,TGFB1/THBS1,2,Multicellular non-vertebrate
GO:0042307,positive regulation of protein import into nucleus,2/77,40/18870,0.011596483502888657,0.04488236610581497,0.02659668818138398,TGFB1/CDH1,2,Multicellular non-vertebrate
GO:0046676,negative regulation of insulin secretion,2/77,40/18870,0.011596483502888657,0.04488236610581497,0.02659668818138398,IRS1/SFRP1,2,Multicellular non-vertebrate
GO:0070232,regulation of T cell apoptotic process,2/77,40/18870,0.011596483502888657,0.04488236610581497,0.02659668818138398,LGALS9/BMP4,2,Multicellular non-vertebrate
GO:2000677,regulation of transcription regulatory region DNA binding,2/77,40/18870,0.011596483502888657,0.04488236610581497,0.02659668818138398,TWIST1/TGFB1,2,Multicellular non-vertebrate
GO:0044344,cellular response to fibroblast growth factor stimulus,3/77,115/18870,0.01163139361011368,0.044883698670825006,0.026597477841536248,SFRP1/THBS1/CREB3L1,3,Multicellular non-vertebrate
GO:0048640,negative regulation of developmental growth,3/77,115/18870,0.01163139361011368,0.044883698670825006,0.026597477841536248,DCC/SEMA3F/CDH1,3,Multicellular non-vertebrate
GO:0002062,chondrocyte differentiation,3/77,116/18870,0.011905711815427189,0.04573836329092368,0.027103940632442463,TGFB1/BMP4/RUNX3,3,Multicellular non-vertebrate
GO:0010633,negative regulation of epithelial cell migration,3/77,116/18870,0.011905711815427189,0.04573836329092368,0.027103940632442463,SERPINF1/TGFB1/THBS1,3,Multicellular non-vertebrate
GO:0015908,fatty acid transport,3/77,116/18870,0.011905711815427189,0.04573836329092368,0.027103940632442463,PLA2G2A/THBS1/NTSR1,3,Multicellular non-vertebrate
GO:0034764,positive regulation of transmembrane transport,4/77,217/18870,0.011974307708992956,0.04593393961632896,0.02721983653976165,IRS1/GPC3/NTSR1/ITGB1,4,Multicellular non-vertebrate
GO:0032386,regulation of intracellular transport,5/77,336/18870,0.01207884445858531,0.0460386466469967,0.02728188452177986,GAS1/CRYAB/TGFB1/BMP4/CDH1,5,Multicellular non-vertebrate
GO:0003203,endocardial cushion morphogenesis,2/77,41/18870,0.012159232804422456,0.0460386466469967,0.02728188452177986,TWIST1/SMAD4,2,Multicellular non-vertebrate
GO:0045066,regulatory T cell differentiation,2/77,41/18870,0.012159232804422456,0.0460386466469967,0.02728188452177986,LGALS9/TGFB1,2,Multicellular non-vertebrate
GO:0045923,positive regulation of fatty acid metabolic process,2/77,41/18870,0.012159232804422456,0.0460386466469967,0.02728188452177986,IRS1/TWIST1,2,Multicellular non-vertebrate
GO:0051154,negative regulation of striated muscle cell differentiation,2/77,41/18870,0.012159232804422456,0.0460386466469967,0.02728188452177986,BHLHE41/SMAD4,2,Multicellular non-vertebrate
GO:0051954,positive regulation of amine transport,2/77,41/18870,0.012159232804422456,0.0460386466469967,0.02728188452177986,NTSR1/ITGB1,2,Multicellular non-vertebrate
GO:0072210,metanephric nephron development,2/77,41/18870,0.012159232804422456,0.0460386466469967,0.02728188452177986,BMP4/PKD1,2,Multicellular non-vertebrate
GO:0090077,foam cell differentiation,2/77,41/18870,0.012159232804422456,0.0460386466469967,0.02728188452177986,TGFB1/PLA2G2A,2,Multicellular non-vertebrate
GO:0050679,positive regulation of epithelial cell proliferation,4/77,218/18870,0.012161151944489695,0.0460386466469967,0.02728188452177986,TWIST1/TP63/BMP4/SFRP1,4,Multicellular non-vertebrate
GO:1903707,negative regulation of hemopoiesis,3/77,118/18870,0.012465489723581807,0.04712209142960983,0.027923919368538427,BMP4/SFRP1/RUNX3,3,Multicellular non-vertebrate
GO:0032733,positive regulation of interleukin-10 production,2/77,42/18870,0.012733753246877672,0.04792222279862446,0.028398066486265108,LGALS9/HGF,2,Multicellular non-vertebrate
GO:0035307,positive regulation of protein dephosphorylation,2/77,42/18870,0.012733753246877672,0.04792222279862446,0.028398066486265108,TGFB1/DLC1,2,Multicellular non-vertebrate
GO:1990000,amyloid fibril formation,2/77,42/18870,0.012733753246877672,0.04792222279862446,0.028398066486265108,CRYAB/APP,2,Multicellular non-vertebrate
GO:0031644,regulation of nervous system process,3/77,119/18870,0.012750964941798035,0.04792222279862446,0.028398066486265108,NTSR1/ITGA2/APP,3,Multicellular non-vertebrate
GO:0010453,regulation of cell fate commitment,2/77,43/18870,0.013319942003127076,0.04932496365179388,0.029229311901960826,SPDEF/BMP4,2,Multicellular non-vertebrate
GO:0010719,negative regulation of epithelial to mesenchymal transition,2/77,43/18870,0.013319942003127076,0.04932496365179388,0.029229311901960826,NKX2-1/SFRP1,2,Multicellular non-vertebrate
GO:0019098,reproductive behavior,2/77,43/18870,0.013319942003127076,0.04932496365179388,0.029229311901960826,THRB/APP,2,Multicellular non-vertebrate
GO:0032735,positive regulation of interleukin-12 production,2/77,43/18870,0.013319942003127076,0.04932496365179388,0.029229311901960826,IRF8/LGALS9,2,Multicellular non-vertebrate
GO:0046717,acid secretion,2/77,43/18870,0.013319942003127076,0.04932496365179388,0.029229311901960826,PTGER3/NTSR1,2,Multicellular non-vertebrate
GO:0051955,regulation of amino acid transport,2/77,43/18870,0.013319942003127076,0.04932496365179388,0.029229311901960826,NTSR1/ITGB1,2,Multicellular non-vertebrate
GO:0060412,ventricular septum morphogenesis,2/77,43/18870,0.013319942003127076,0.04932496365179388,0.029229311901960826,BMP4/SMAD4,2,Multicellular non-vertebrate
GO:0060443,mammary gland morphogenesis,2/77,43/18870,0.013319942003127076,0.04932496365179388,0.029229311901960826,BMP4/ESR1,2,Multicellular non-vertebrate
GO:0030278,regulation of ossification,3/77,121/18870,0.013333124560477206,0.04932496365179388,0.029229311901960826,TWIST1/BMP4/SFRP1,3,Multicellular non-vertebrate
GO:0048675,axon extension,3/77,121/18870,0.013333124560477206,0.04932496365179388,0.029229311901960826,SEMA3F/CDH1/ITGB1,3,Multicellular non-vertebrate
GO:0071887,leukocyte apoptotic process,3/77,121/18870,0.013333124560477206,0.04932496365179388,0.029229311901960826,LGALS9/BMP4/CASP3,3,Multicellular non-vertebrate
GO:0071260,cellular response to mechanical stimulus,3/16,72/18870,2.8783017107030557e-5,0.009834109295250276,0.005835747613156846,TNFRSF10A/TNFRSF10B/ENG,3,Vertebrates
GO:0035907,dorsal aorta development,2/16,10/18870,3.021231734331882e-5,0.009834109295250276,0.005835747613156846,NGFR/ENG,2,Vertebrates
GO:0036462,TRAIL-activated apoptotic signaling pathway,2/16,13/18870,5.22903568365438e-5,0.011347007433530005,0.006733530161056693,TNFRSF10A/TNFRSF10B,2,Vertebrates
GO:0007250,activation of NF-kappaB-inducing kinase activity,2/16,16/18870,8.032741121553877e-5,0.013073286175328935,0.007757936820027034,TNFRSF10A/TNFRSF10B,2,Vertebrates
GO:0071214,cellular response to abiotic stimulus,4/16,334/18870,1.4827285032022338e-4,0.016087604259744235,0.00954669053816175,TNFRSF10A/TNFRSF10B/GPR68/ENG,4,Vertebrates
GO:0104004,cellular response to environmental stimulus,4/16,334/18870,1.4827285032022338e-4,0.016087604259744235,0.00954669053816175,TNFRSF10A/TNFRSF10B/GPR68/ENG,4,Vertebrates
GO:1902230,negative regulation of intrinsic apoptotic signaling pathway in response to DNA damage,2/16,30/18870,2.891776933887434e-4,0.026893525485153134,0.015959129845664485,CLU/CD44,2,Vertebrates
GO:1902229,regulation of intrinsic apoptotic signaling pathway in response to DNA damage,2/16,38/18870,4.6549283573548816e-4,0.03787947950797535,0.02247840404143739,CLU/CD44,2,Vertebrates
GO:0043410,positive regulation of MAPK cascade,4/16,474/18870,5.627104901662173e-4,0.04070272545535638,0.02415377191707623,KISS1/AKAP12/IGFBP3/CD44,4,Vertebrates
GO:0009612,response to mechanical stimulus,3/16,213/18870,7.124588767845362e-4,0.0463810728786733,0.02752341134525524,TNFRSF10A/TNFRSF10B/ENG,3,Vertebrates
