ID,Description,GeneRatio,BgRatio,RichFactor,FoldEnrichment,zScore,pvalue,p.adjust,qvalue,geneID,Count,evolutionary_group
GO:0040013,negative regulation of locomotion,22/139,424/18860,0.05188679245283019,7.040179177412788,10.83930930200744,6.16216479493172e-13,2.1296441531284026e-9,1.3238924575216466e-9,TIMP1/SERPINF1/TGFB1/BMP4/NKX2-1/SFRP1/THBS1/BRMS1/CD63/RECK/SEMA3F/DLC1/CDH1/GATA3/DPYSL3/LIMA1/PTEN/CERS2/KLF4/JUP/SLIT2/ARHGDIB,22,Multicellular non-vertebrate
GO:2000146,negative regulation of cell motility,21/139,406/18860,0.05172413793103448,7.0181096502108655,10.562824491127449,2.306780800442617e-12,3.986117223164842e-9,2.4779682177386216e-9,TIMP1/SERPINF1/TGFB1/BMP4/NKX2-1/SFRP1/THBS1/BRMS1/CD63/RECK/DLC1/CDH1/GATA3/DPYSL3/LIMA1/PTEN/CERS2/KLF4/JUP/SLIT2/ARHGDIB,21,Multicellular non-vertebrate
GO:0030336,negative regulation of cell migration,20/139,391/18860,0.05115089514066496,6.94033008887008,10.227735191206735,9.871920461471254e-12,1.1372452371614885e-8,7.069680583109765e-9,TIMP1/SERPINF1/TGFB1/BMP4/NKX2-1/SFRP1/THBS1/BRMS1/CD63/RECK/DLC1/CDH1/DPYSL3/LIMA1/PTEN/CERS2/KLF4/JUP/SLIT2/ARHGDIB,20,Multicellular non-vertebrate
GO:0060562,epithelial tube morphogenesis,18/139,344/18860,0.05232558139534884,7.099715576376108,9.838240361252886,8.039680975506931e-11,6.946284362837988e-8,4.3181549660551697e-8,MTSS1/TWIST1/SKI/GPC3/TGFB1/BMP4/SMAD4/NKX2-1/CASP3/SFRP1/ESR1/DLC1/PKD1/MAGED1/PFN1/GATA3/KDM5B/SLIT2,18,Multicellular non-vertebrate
GO:0001667,ameboidal-type cell migration,15/139,256/18860,0.05859375,7.950202338129497,9.647537473937938,7.085840328687263e-10,4.897732835188636e-7,3.0446737075475163e-7,TWIST1/TIMP1/GPC3/TGFB1/BMP4/SMAD4/THBS1/CD63/ITGA2/ITGB1/SEMA3F/PFN1/TNS1/PTEN/ARHGDIB,15,Multicellular non-vertebrate
GO:0048732,gland development,19/139,454/18860,0.04185022026431718,5.678382404208792,8.694530671246959,1.0099823585521293e-9,5.817498385260265e-7,3.6164456031664836e-7,HOXA10/TP63/SERPINF1/SERPINB5/TGFB1/BMP4/SMAD4/NKX2-1/SFRP1/ESR1/ITGA2/PKD1/HGF/CDH1/GATA3/KDM5B/EPHB3/NME1/CDKN2A,19,Multicellular non-vertebrate
GO:0048608,reproductive structure development,16/139,318/18860,0.050314465408805034,6.826840414460884,9.029643498350914,1.7088653467697777e-9,8.436912340623359e-7,5.244803267303935e-7,HOXA10/TP63/SERPINF1/SERPINB5/BMP4/SMAD4/NKX2-1/CASP3/SFRP1/ESR1/PKD1/GATA3/IDH1/RRM1/KDM5B/SLIT2,16,Multicellular non-vertebrate
GO:0061458,reproductive system development,16/139,323/18860,0.04953560371517028,6.7211617702741835,8.936510560049411,2.1391836102469926e-9,9.241273196267008e-7,5.744833879623831e-7,HOXA10/TP63/SERPINF1/SERPINB5/BMP4/SMAD4/NKX2-1/CASP3/SFRP1/ESR1/PKD1/GATA3/IDH1/RRM1/KDM5B/SLIT2,16,Multicellular non-vertebrate
GO:0061138,morphogenesis of a branching epithelium,13/139,199/18860,0.06532663316582915,8.863743176313221,9.609274769247305,2.7588772407879206e-9,1.0594088604625614e-6,6.585811050816545e-7,TP63/GPC3/TGFB1/BMP4/SMAD4/NKX2-1/SFRP1/ESR1/PKD1/HGF/MAGED1/KDM5B/SLIT2,13,Multicellular non-vertebrate
GO:0090287,regulation of cellular response to growth factor stimulus,17/139,385/18860,0.04415584415584416,5.9912174156778475,8.52602963723846,3.6970260253482922e-9,1.2776921943603699e-6,7.94276854498512e-7,SKI/GPC3/BMP4/SMAD4/NKX2-1/SFRP1/THBS1/BRMS1/CD63/ITGB1/CREB3L1/SOX11/GATA3/DMD/HTRA1/EP300/SLIT2,17,Multicellular non-vertebrate
GO:0050673,epithelial cell proliferation,19/139,496/18860,0.038306451612903226,5.197551636110466,8.163106306252624,4.3275970986206496e-9,1.359652324802997e-6,8.45227337634904e-7,MTSS1/TP63/SERPINF1/SERPINB5/GPC3/TGFB1/BMP4/SFRP1/THBS1/ESR1/RUNX3/HGF/SOX11/MAGED1/GATA3/KDM5B/NME1/NME2/CDKN2A,19,Multicellular non-vertebrate
GO:0001763,morphogenesis of a branching structure,13/139,214/18860,0.06074766355140187,8.242452766758555,9.181252407541074,6.649310070489291e-9,1.915001300300916e-6,1.1904598117428637e-6,TP63/GPC3/TGFB1/BMP4/SMAD4/NKX2-1/SFRP1/ESR1/PKD1/HGF/MAGED1/KDM5B/SLIT2,13,Multicellular non-vertebrate
GO:0050678,regulation of epithelial cell proliferation,17/139,416/18860,0.040865384615384616,5.544756502490316,8.076662529872173,1.1691709237458492e-8,3.1081959326658884e-6,1.932208789769456e-6,MTSS1/TP63/SERPINF1/SERPINB5/GPC3/TGFB1/BMP4/SFRP1/THBS1/RUNX3/SOX11/MAGED1/GATA3/KDM5B/NME1/NME2/CDKN2A,17,Multicellular non-vertebrate
GO:0007162,negative regulation of cell adhesion,15/139,326/18860,0.046012269938650305,6.243103676567948,8.228390136701417,1.8851362878184027e-8,4.653593579071714e-6,2.8929046341634286e-6,LGALS9/TGFB1/BMP4/CASP3/THBS1/PLA2G2A/CD9/RUNX3/DLC1/PLG/CDH1/POSTN/PTEN/KLF4/CDKN2A,15,Multicellular non-vertebrate
GO:0016331,morphogenesis of embryonic epithelium,11/139,155/18860,0.07096774193548387,9.629148294267813,9.295165656586603,2.0479476292444263e-8,4.718471337779158e-6,2.933235867570438e-6,TWIST1/SKI/TP63/TGFB1/BMP4/CASP3/SFRP1/DLC1/SOX11/PFN1/GATA3,11,Multicellular non-vertebrate
GO:0001655,urogenital system development,8/139,68/18860,0.11764705882352941,15.962759204401186,10.65079069298753,3.620695479511223e-8,7.820702235744241e-6,4.861736495843688e-6,HOXA10/TP63/SERPINF1/SERPINB5/BMP4/SFRP1/ESR1/EPHB3,8,Multicellular non-vertebrate
GO:0072163,mesonephric epithelium development,9/139,99/18860,0.09090909090909091,12.334859385219097,9.7433420948169,4.879591050527838e-8,9.368814817013448e-6,5.824120078437028e-6,GPC3/TGFB1/BMP4/SMAD4/SFRP1/PKD1/MAGED1/GATA3/SLIT2,9,Multicellular non-vertebrate
GO:0072164,mesonephric tubule development,9/139,99/18860,0.09090909090909091,12.334859385219097,9.7433420948169,4.879591050527838e-8,9.368814817013448e-6,5.824120078437028e-6,GPC3/TGFB1/BMP4/SMAD4/SFRP1/PKD1/MAGED1/GATA3/SLIT2,9,Multicellular non-vertebrate
GO:0048511,rhythmic process,14/139,302/18860,0.046357615894039736,6.289961408356759,7.985325042574058,5.256006732583888e-8,9.560399614636798e-6,5.943218693187653e-6,TWIST1/AHR/SERPINF1/NKX2-1/CASP3/BHLHE41/ESR1/MAGED1/KDM5B/EP300/PTEN/KLF10/NOS2/SLIT2,14,Multicellular non-vertebrate
GO:0001823,mesonephros development,9/139,103/18860,0.08737864077669903,11.855835719773696,9.51924258704382,6.900884224879702e-8,1.1924727940592126e-5,7.413002475252353e-6,GPC3/TGFB1/BMP4/SMAD4/SFRP1/PKD1/MAGED1/GATA3/SLIT2,9,Multicellular non-vertebrate
GO:0050680,negative regulation of epithelial cell proliferation,11/139,176/18860,0.0625,8.48021582733813,8.59088176856679,7.595440645963717e-8,1.2431568949396244e-5,7.728079990776602e-6,MTSS1/SERPINF1/GPC3/TGFB1/BMP4/SFRP1/THBS1/RUNX3/MAGED1/GATA3/CDKN2A,11,Multicellular non-vertebrate
GO:1902893,regulation of miRNA transcription,8/139,75/18860,0.10666666666666667,14.472901678657076,10.073685339972034,7.913614493249924e-8,1.2431568949396244e-5,7.728079990776602e-6,TWIST1/TGFB1/BMP4/SMAD4/ESR1/APP/GATA3/KLF4,8,Multicellular non-vertebrate
GO:0061614,miRNA transcription,8/139,76/18860,0.10526315789473684,14.282468761832638,9.99755422377883,8.790117995239613e-8,1.2906777251817261e-5,8.023493046710233e-6,TWIST1/TGFB1/BMP4/SMAD4/ESR1/APP/GATA3/KLF4,8,Multicellular non-vertebrate
GO:0030850,prostate gland development,7/139,51/18860,0.13725490196078433,18.623219071801383,10.858996258322868,8.963039758206431e-8,1.2906777251817261e-5,8.023493046710233e-6,HOXA10/TP63/SERPINF1/SERPINB5/BMP4/SFRP1/ESR1,7,Multicellular non-vertebrate
GO:0031589,cell-substrate adhesion,15/139,369/18860,0.04065040650406504,5.515587529976019,7.548305303045441,9.612445688310968e-8,1.3288244919521083e-5,8.260632273617972e-6,OLFM4/TMEM8B/SFRP1/THBS1/CD63/ITGA2/ITGB1/DLC1/PKD1/PLG/POSTN/EPHB3/PTEN/CDKN2A/JUP,15,Multicellular non-vertebrate
GO:0010586,miRNA metabolic process,9/139,108/18860,0.08333333333333333,11.306954436450837,9.25594244640253,1.0425994217405243e-7,1.3858552313597123e-5,8.61516364280328e-6,TWIST1/TGFB1/BMP4/SMAD4/ESR1/APP/GATA3/DICER1/KLF4,9,Multicellular non-vertebrate
GO:0009612,response to mechanical stimulus,12/139,228/18860,0.05263157894736842,7.141234380916319,8.038880393892484,1.2594132355599466e-7,1.6120489415167316e-5,1.0021295960147568e-5,TGFB1/CASP8/CASP5/THBS1/ITGA2/MAP2K4/PKD1/POSTN/TXNIP/GSN/DMD/JUP,12,Multicellular non-vertebrate
GO:0061333,renal tubule morphogenesis,8/139,81/18860,0.09876543209876543,13.400834887645438,9.637389515883617,1.453779204294773e-7,1.7943789035866915e-5,1.1154749458517414e-5,MTSS1/GPC3/TGFB1/BMP4/SMAD4/PKD1/MAGED1/GATA3,8,Multicellular non-vertebrate
GO:0032355,response to estradiol,9/139,113/18860,0.07964601769911504,10.806646718023812,9.009404187192004,1.5426594087053687e-7,1.838424453960605e-5,1.1428558450699304e-5,CRYAB/TGFB1/CASP3/CASP8/SFRP1/ESR1/ITGA2/POSTN/TXNIP,9,Multicellular non-vertebrate
GO:0072073,kidney epithelium development,10/139,151/18860,0.06622516556291391,8.985659154795371,8.489383727731854,1.7686346810111503e-7,2.037467152524845e-5,1.2665906610328975e-5,MTSS1/GPC3/TGFB1/BMP4/SMAD4/SFRP1/PKD1/MAGED1/GATA3/SLIT2,10,Multicellular non-vertebrate
GO:0010975,regulation of neuron projection development,16/139,448/18860,0.03571428571428571,4.845837615621789,7.098746630187584,2.0514662534013677e-7,2.2660728956345197e-5,1.4087033321119807e-5,LZTS1/SERPINF1/DCC/SFRP1/SEMA3F/CDH1/GATA3/CRMP1/DPYSL3/DMD/EP300/EPHB3/PTEN/CERS2/KLF4/SLIT2,16,Multicellular non-vertebrate
GO:0097191,extrinsic apoptotic signaling pathway,12/139,239/18860,0.0502092050209205,6.812558321543602,7.79232365429172,2.0982156441060369e-7,2.2660728956345197e-5,1.4087033321119807e-5,TNFSF10/MAL/TGFB1/BMP4/SMAD4/CASP8/SFRP1/THBS1/APP/HGF/KLF4/DAPK1,12,Multicellular non-vertebrate
GO:0010721,negative regulation of cell development,13/139,288/18860,0.04513888888888889,6.1246003197442045,7.551428496568478,2.1918826947060795e-7,2.2954989675467308e-5,1.4269960382440537e-5,SKI/TGFB1/BMP4/DCC/SFRP1/SEMA3F/RUNX3/CDH1/SOX11/DICER1/PTEN/CERS2/CDKN2A,13,Multicellular non-vertebrate
GO:0007160,cell-matrix adhesion,12/139,246/18860,0.04878048780487805,6.618705035971223,7.643392135389396,2.862990332529485e-7,2.8269984540634003e-5,1.757402486824866e-5,TMEM8B/SFRP1/THBS1/CD63/ITGA2/ITGB1/DLC1/PKD1/POSTN/PTEN/CDKN2A/JUP,12,Multicellular non-vertebrate
GO:0060560,developmental growth involved in morphogenesis,12/139,246/18860,0.04878048780487805,6.618705035971223,7.643392135389396,2.862990332529485e-7,2.8269984540634003e-5,1.757402486824866e-5,TGFB1/BMP4/DCC/SFRP1/ESR1/ITGB1/SEMA3F/APP/CDH1/POSTN/KDM5B/SLIT2,12,Multicellular non-vertebrate
GO:2000628,regulation of miRNA metabolic process,8/139,89/18860,0.0898876404494382,12.196265459542479,9.122769335814626,3.038181030486949e-7,2.916653789267471e-5,1.8131366910011298e-5,TWIST1/TGFB1/BMP4/SMAD4/ESR1/APP/GATA3/KLF4,8,Multicellular non-vertebrate
GO:0001843,neural tube closure,8/139,90/18860,0.08888888888888889,12.060751398880896,9.063083023098166,3.314048371770796e-7,3.0955003169837484e-5,1.924316565230212e-5,TWIST1/SKI/TGFB1/BMP4/CASP3/SFRP1/DLC1/PFN1,8,Multicellular non-vertebrate
GO:0060606,tube closure,8/139,91/18860,0.08791208791208792,11.928215669222864,9.00433397902793,3.6110939159145843e-7,3.2841948877370536e-5,2.041618471573869e-5,TWIST1/SKI/TGFB1/BMP4/CASP3/SFRP1/DLC1/PFN1,8,Multicellular non-vertebrate
GO:0071404,cellular response to low-density lipoprotein particle stimulus,6/139,39/18860,0.15384615384615385,20.874377421140014,10.70549364165314,3.8410457563560985e-7,3.3910035304511754e-5,2.108016022676306e-5,TGFB1/CD9/ITGB1/APP/TXNIP/SYK,6,Multicellular non-vertebrate
GO:0001838,embryonic epithelial tube formation,9/139,126/18860,0.07142857142857142,9.691675231243577,8.434817951948093,3.92477260468886e-7,3.3910035304511754e-5,2.108016022676306e-5,TWIST1/SKI/TGFB1/BMP4/CASP3/SFRP1/DLC1/PFN1/GATA3,9,Multicellular non-vertebrate
GO:0048754,branching morphogenesis of an epithelial tube,10/139,166/18860,0.060240963855421686,8.17370200225362,7.99923518388615,4.2709780343472254e-7,3.600121972366832e-5,2.2380144205655168e-5,GPC3/TGFB1/BMP4/SMAD4/NKX2-1/ESR1/PKD1/MAGED1/KDM5B/SLIT2,10,Multicellular non-vertebrate
GO:0055094,response to lipoprotein particle,6/139,40/18860,0.15,20.35251798561151,10.557470452173913,4.4916290875491467e-7,3.695969077754727e-5,2.2975977362626086e-5,TGFB1/CD9/ITGB1/APP/TXNIP/SYK,6,Multicellular non-vertebrate
GO:0022612,gland morphogenesis,9/139,129/18860,0.06976744186046512,9.466287435168145,8.313991782040695,4.794182038935434e-7,3.853184448037409e-5,2.3953306099062963e-5,TP63/SERPINB5/TGFB1/BMP4/SFRP1/ESR1/HGF/KDM5B/CDKN2A,9,Multicellular non-vertebrate
GO:0014020,primary neural tube formation,8/139,97/18860,0.08247422680412371,11.190387895868872,8.670170784813864,5.917215658231235e-7,4.647703935192534e-5,2.8892433393420937e-5,TWIST1/SKI/TGFB1/BMP4/CASP3/SFRP1/DLC1/PFN1,8,Multicellular non-vertebrate
GO:0001657,ureteric bud development,8/139,98/18860,0.08163265306122448,11.076200264278372,8.617324974912103,6.403513484272402e-7,4.9178983559212044e-5,3.0572095956491164e-5,GPC3/TGFB1/BMP4/SMAD4/SFRP1/MAGED1/GATA3/SLIT2,8,Multicellular non-vertebrate
GO:0072080,nephron tubule development,8/139,99/18860,0.08080808080808081,10.964319453528088,8.565238427603704,6.9235622209071e-7,5.2017023990119434e-5,3.233636268391623e-5,MTSS1/GPC3/TGFB1/BMP4/SMAD4/PKD1/MAGED1/GATA3,8,Multicellular non-vertebrate
GO:0022408,negative regulation of cell-cell adhesion,11/139,220/18860,0.05,6.784172661870503,7.435870944602157,7.167665139365334e-7,5.270521430137574e-5,3.27641759226084e-5,LGALS9/TGFB1/BMP4/CASP3/PLA2G2A/CD9/RUNX3/PLG/CDH1/KLF4/CDKN2A,11,Multicellular non-vertebrate
GO:1905330,regulation of morphogenesis of an epithelium,7/139,69/18860,0.10144927536231885,13.764988009592328,9.153184553733315,7.480284843726374e-7,5.287761122124692e-5,3.287134640063504e-5,TGFB1/BMP4/SFRP1/ESR1/HGF/MAGED1/GATA3,7,Multicellular non-vertebrate
GO:0021782,glial cell development,9/139,136/18860,0.0661764705882353,8.979052052475666,8.046808110310671,7.497115016901329e-7,5.287761122124692e-5,3.287134640063504e-5,MAL/SKI/TGFB1/CD9/APP/NDRG1/SOX11/DICER1/PTEN,9,Multicellular non-vertebrate
GO:0050767,regulation of neurogenesis,14/139,378/18860,0.037037037037037035,5.025313082867039,6.811978844082501,8.0598774412716e-7,5.57098728740693e-5,3.463202075291649e-5,SKI/SERPINF1/TGFB1/DCC/BHLHE41/ITGB1/SEMA3F/CDH1/SOX11/BIN1/DICER1/PTEN/CERS2/SLIT2,14,Multicellular non-vertebrate
GO:0072175,epithelial tube formation,9/139,139/18860,0.06474820143884892,8.785259562134465,7.938129578290707,9.008954725678528e-7,6.104891672930391e-5,3.795103528402451e-5,TWIST1/SKI/TGFB1/BMP4/CASP3/SFRP1/DLC1/PFN1/GATA3,9,Multicellular non-vertebrate
GO:0061326,renal tubule development,8/139,104/18860,0.07692307692307693,10.437188710570007,8.31555816858923,1.0099902075474927e-6,6.71255030246949e-5,4.1728542785514835e-5,MTSS1/GPC3/TGFB1/BMP4/SMAD4/PKD1/MAGED1/GATA3,8,Multicellular non-vertebrate
GO:0030198,extracellular matrix organization,13/139,331/18860,0.03927492447129909,5.328957377904323,6.846577441692383,1.060348238121112e-6,6.768093840217524e-5,4.207382897138148e-5,DPT/TIMP3/SERPINB5/TGFB1/SMAD4/RECK/ITGA2/ITGB1/CREB3L1/APP/PLG/MMP8/POSTN,13,Multicellular non-vertebrate
GO:0045926,negative regulation of growth,11/139,229/18860,0.048034934497816595,6.5175457886965535,7.238487236356523,1.0639364642470946e-6,6.768093840217524e-5,4.207382897138148e-5,CRYAB/GPC3/TGFB1/SMAD4/DCC/SFRP1/SEMA3F/CDH1/PTEN/CDKN2A/SLIT2,11,Multicellular non-vertebrate
GO:0001841,neural tube formation,8/139,105/18860,0.0761904761904762,10.337786913326484,8.267653810392336,1.086557789896275e-6,6.768093840217524e-5,4.207382897138148e-5,TWIST1/SKI/TGFB1/BMP4/CASP3/SFRP1/DLC1/PFN1,8,Multicellular non-vertebrate
GO:0043062,extracellular structure organization,13/139,332/18860,0.0391566265060241,5.312906301464852,6.8316719328798206,1.0966818722574691e-6,6.768093840217524e-5,4.207382897138148e-5,DPT/TIMP3/SERPINB5/TGFB1/SMAD4/RECK/ITGA2/ITGB1/CREB3L1/APP/PLG/MMP8/POSTN,13,Multicellular non-vertebrate
GO:0045229,external encapsulating structure organization,13/139,333/18860,0.03903903903903904,5.29695162788688,6.816826482283391,1.1341216643534307e-6,6.87635872281659e-5,4.2746857191973266e-5,DPT/TIMP3/SERPINB5/TGFB1/SMAD4/RECK/ITGA2/ITGB1/CREB3L1/APP/PLG/MMP8/POSTN,13,Multicellular non-vertebrate
GO:0071402,cellular response to lipoprotein particle stimulus,6/139,47/18860,0.1276595744680851,17.321291902648092,9.653318646974064,1.2044305323439145e-6,7.097587327752102e-5,4.412212395206518e-5,TGFB1/CD9/ITGB1/APP/TXNIP/SYK,6,Multicellular non-vertebrate
GO:0050768,negative regulation of neurogenesis,9/139,144/18860,0.0625,8.48021582733813,7.764099015683524,1.2116830218095313e-6,7.097587327752102e-5,4.412212395206518e-5,SKI/TGFB1/DCC/SEMA3F/CDH1/SOX11/DICER1/PTEN/CERS2,9,Multicellular non-vertebrate
GO:0010720,positive regulation of cell development,15/139,451/18860,0.03325942350332594,4.5127534336167425,6.506134659788469,1.2327442949480588e-6,7.10060713890082e-5,4.4140896596298034e-5,LGALS9/SERPINF1/TGFB1/BMP4/CASP8/ITGB1/RUNX3/SOX11/BIN1/GATA3/DICER1/EP300/SYK/KLF10/SLIT2,15,Multicellular non-vertebrate
GO:1902894,negative regulation of miRNA transcription,5/139,27/18860,0.18518518518518517,25.1265654143352,10.809854267392565,1.4333950915388012e-6,8.094553418146545e-5,5.031975976619486e-5,TWIST1/TGFB1/BMP4/ESR1/APP,5,Multicellular non-vertebrate
GO:0072078,nephron tubule morphogenesis,7/139,76/18860,0.09210526315789473,12.497160166603559,8.653773951675372,1.4521478933017528e-6,8.094553418146545e-5,5.031975976619486e-5,GPC3/TGFB1/BMP4/SMAD4/PKD1/MAGED1/GATA3,7,Multicellular non-vertebrate
GO:0050727,regulation of inflammatory response,15/139,460/18860,0.03260869565217391,4.424460431654676,6.407142240209753,1.5747241635683642e-6,8.638486840146455e-5,5.370111976345917e-5,AHR/TGFB1/CASP3/CASP8/CASP5/ESR1/PLA2G2A/PTGER3/APP/HGF/MMP8/PDCD4/GATA3/SYK/KLF4,15,Multicellular non-vertebrate
GO:0032970,regulation of actin filament-based process,14/139,402/18860,0.03482587064676617,4.72529439135259,6.505542419231946,1.6666956994993022e-6,8.947930042445565e-5,5.562477222414534e-5,MTSS1/TGFB1/SMAD4/SFRP1/DLC1/BIN1/GSN/PFN1/LIMA1/JUP/SLIT2/RND3/RHOBTB2/RNH1,14,Multicellular non-vertebrate
GO:0072088,nephron epithelium morphogenesis,7/139,78/18860,0.08974358974358974,12.176720162331673,8.52300943844863,1.733495226659729e-6,8.947930042445565e-5,5.562477222414534e-5,GPC3/TGFB1/BMP4/SMAD4/PKD1/MAGED1/GATA3,7,Multicellular non-vertebrate
GO:0051043,regulation of membrane protein ectodomain proteolysis,5/139,28/18860,0.17857142857142858,24.229188078108944,10.59905222292728,1.734697085775037e-6,8.947930042445565e-5,5.562477222414534e-5,TIMP1/TIMP2/TIMP3/TIMP4/APP,5,Multicellular non-vertebrate
GO:0060065,uterus development,5/139,28/18860,0.17857142857142858,24.229188078108944,10.59905222292728,1.734697085775037e-6,8.947930042445565e-5,5.562477222414534e-5,HOXA10/SMAD4/ESR1/GATA3/KDM5B,5,Multicellular non-vertebrate
GO:0051961,negative regulation of nervous system development,9/139,151/18860,0.059602649006622516,8.087093239315832,7.534137490283102,1.800030538941887e-6,9.148390503798766e-5,5.687093390062525e-5,SKI/TGFB1/DCC/SEMA3F/CDH1/SOX11/DICER1/PTEN/CERS2,9,Multicellular non-vertebrate
GO:0051960,regulation of nervous system development,15/139,466/18860,0.032188841201716736,4.367493129959552,6.342548464222157,1.847799558237739e-6,9.181962781961685e-5,5.707963583693895e-5,SKI/SERPINF1/TGFB1/DCC/BHLHE41/ITGB1/SEMA3F/CDH1/SOX11/BIN1/DICER1/EPHB3/PTEN/CERS2/SLIT2,15,Multicellular non-vertebrate
GO:0001837,epithelial to mesenchymal transition,10/139,195/18860,0.05128205128205128,6.95812580704667,7.2063472663565555,1.8597725542167762e-6,9.181962781961685e-5,5.707963583693895e-5,TWIST1/TGFB1/BMP4/SMAD4/NKX2-1/SFRP1/HGF/PDCD4/GATA3/PTEN,10,Multicellular non-vertebrate
GO:0007411,axon guidance,11/139,243/18860,0.04526748971193416,6.14204932350416,6.951631369659677,1.8994291695753124e-6,9.245672126834196e-5,5.7475684730959413e-5,LGI1/SMAD4/NKX2-1/DCC/SEMA3F/APP/LMX1A/GATA3/EPHB3/EPHB6/SLIT2,11,Multicellular non-vertebrate
GO:0097485,neuron projection guidance,11/139,244/18860,0.045081967213114756,6.11687699021111,6.932005736361139,1.976720777533136e-6,9.488259732159054e-5,5.8983729633700735e-5,LGI1/SMAD4/NKX2-1/DCC/SEMA3F/APP/LMX1A/GATA3/EPHB3/EPHB6/SLIT2,11,Multicellular non-vertebrate
GO:0035148,tube formation,9/139,153/18860,0.058823529411764705,7.981379602200593,7.471143942413079,2.007817449779697e-6,9.505502885532373e-5,5.9090921629421216e-5,TWIST1/SKI/TGFB1/BMP4/CASP3/SFRP1/DLC1/PFN1/GATA3,9,Multicellular non-vertebrate
GO:0072028,nephron morphogenesis,7/139,80/18860,0.0875,11.872302158273381,8.39693752378219,2.0590546533963683e-6,9.518905864651833e-5,5.917424119686401e-5,GPC3/TGFB1/BMP4/SMAD4/PKD1/MAGED1/GATA3,7,Multicellular non-vertebrate
GO:2000629,negative regulation of miRNA metabolic process,5/139,29/18860,0.1724137931034483,23.393698834036222,10.398970572700934,2.0837148287798938e-6,9.518905864651833e-5,5.917424119686401e-5,TWIST1/TGFB1/BMP4/ESR1/APP,5,Multicellular non-vertebrate
GO:0007548,sex differentiation,12/139,297/18860,0.04040404040404041,5.482159726764044,6.708782004402803,2.0932779100507505e-6,9.518905864651833e-5,5.917424119686401e-5,HOXA10/TP63/SMAD4/NKX2-1/CASP3/SFRP1/ESR1/PKD1/GATA3/IDH1/RRM1/SLIT2,12,Multicellular non-vertebrate
GO:0071214,cellular response to abiotic stimulus,13/139,355/18860,0.036619718309859155,4.968689836862904,6.504576107738258,2.3044860289504843e-6,1.0210645789811377e-4,6.34744397447765e-5,CRYAB/TIMP1/TGFB1/CASP3/CASP8/CASP5/SFRP1/ITGA2/MAP2K4/TRPM1/GATA3/EP300/PTEN,13,Multicellular non-vertebrate
GO:0104004,cellular response to environmental stimulus,13/139,355/18860,0.036619718309859155,4.968689836862904,6.504576107738258,2.3044860289504843e-6,1.0210645789811377e-4,6.34744397447765e-5,CRYAB/TIMP1/TGFB1/CASP3/CASP8/CASP5/SFRP1/ITGA2/MAP2K4/TRPM1/GATA3/EP300/PTEN,13,Multicellular non-vertebrate
GO:0032956,regulation of actin cytoskeleton organization,13/139,357/18860,0.036414565826330535,4.940854039457509,6.477472714342501,2.451367245632457e-6,1.0723955950513635e-4,6.666543035757289e-5,MTSS1/TGFB1/SMAD4/SFRP1/DLC1/BIN1/GSN/PFN1/LIMA1/SLIT2/RND3/RHOBTB2/RNH1,13,Multicellular non-vertebrate
GO:0060512,prostate gland morphogenesis,5/139,30/18860,0.16666666666666666,22.613908872901675,10.208712944245772,2.485694452778392e-6,1.0738200036002654e-4,6.675397865948287e-5,TP63/SERPINB5/BMP4/SFRP1/ESR1,5,Multicellular non-vertebrate
GO:1900180,regulation of protein localization to nucleus,9/139,158/18860,0.056962025316455694,7.728804298333484,7.318542905956461,2.619948150138804e-6,1.1178445440592231e-4,6.949076250075763e-5,TGFB1/BMP4/APP/CDH1/MAGED1/EP300/TYK2/CDKN2A/JUP,9,Multicellular non-vertebrate
GO:0033002,muscle cell proliferation,11/139,252/18860,0.04365079365079365,5.922690419093296,6.778836433106268,2.701274722158997e-6,1.1384884682660358e-4,7.077409124424278e-5,SKI/TGFB1/BMP4/THBS1/ITGA2/HGF/NDRG2/PDCD4/GNAI2/PTEN/KLF4,11,Multicellular non-vertebrate
GO:0060688,regulation of morphogenesis of a branching structure,6/139,55/18860,0.10909090909090909,14.801831262262917,8.83249902448133,3.098323635568053e-6,1.290097166810023e-4,8.019884007855924e-5,TGFB1/BMP4/SFRP1/ESR1/HGF/MAGED1,6,Multicellular non-vertebrate
GO:0016055,Wnt signaling pathway,15/139,487/18860,0.030800821355236138,4.179161804027005,6.124762938462762,3.170556805257635e-6,1.3044576570202842e-4,8.109155939261696e-5,SKI/GPC5/GPC3/TGFB1/SMAD4/SFRP1/RECK/APP/PKD1/NDRG2/GATA3/SENP2/EP300/KLF4/JUP,15,Multicellular non-vertebrate
GO:0008625,extrinsic apoptotic signaling pathway via death domain receptors,7/139,86/18860,0.08139534883720931,11.04400200769617,8.044143667691609,3.357197458798511e-6,1.3577093222338286e-4,8.440194708452862e-5,TNFSF10/MAL/CASP8/SFRP1/THBS1/HGF/DAPK1,7,Multicellular non-vertebrate
GO:0072009,nephron epithelium development,8/139,122/18860,0.06557377049180328,8.897275622125251,7.540459337562381,3.378559077317976e-6,1.3577093222338286e-4,8.440194708452862e-5,MTSS1/GPC3/TGFB1/BMP4/SMAD4/PKD1/MAGED1/GATA3,8,Multicellular non-vertebrate
GO:0090322,regulation of superoxide metabolic process,5/139,32/18860,0.15625,21.200539568345324,9.854578944331106,3.4712008788662326e-6,1.3789046249841033e-4,8.571955225367188e-5,TGFB1/APP/SHC1/GNAI2/SYK,5,Multicellular non-vertebrate
GO:0072176,nephric duct development,4/139,15/18860,0.26666666666666666,36.18225419664268,11.74555193457014,3.6211261825371094e-6,1.4221150098691195e-4,8.840572414543351e-5,GPC3/BMP4/PKD1/GATA3,4,Multicellular non-vertebrate
GO:0021915,neural tube development,9/139,165/18860,0.05454545454545454,7.400915631131459,7.115796983809165,3.742985224618664e-6,1.453455835537315e-4,9.035402535123234e-5,TWIST1/SKI/TGFB1/BMP4/CASP3/SFRP1/DLC1/PKD1/PFN1,9,Multicellular non-vertebrate
GO:0010001,glial cell differentiation,11/139,263/18860,0.04182509505703422,5.674973329321333,6.578665049819339,4.073109570156491e-6,1.5557661121410517e-4,9.671413970759887e-5,MAL/SKI/TGFB1/NKX2-1/CD9/APP/NDRG1/SOX11/BIN1/DICER1/PTEN,11,Multicellular non-vertebrate
GO:0001666,response to hypoxia,12/139,317/18860,0.03785488958990536,5.136282141479246,6.3995877088402535,4.096490630926959e-6,1.5557661121410517e-4,9.671413970759887e-5,CRYAB/TWIST1/TGFB1/SMAD4/CASP3/SFRP1/THBS1/ITGA2/NDRG1/POSTN/EP300/NOS2,12,Multicellular non-vertebrate
GO:1901342,regulation of vasculature development,13/139,375/18860,0.034666666666666665,4.703693045563549,6.2422779303037155,4.196664777178197e-6,1.5721491352127496e-4,9.773258969813664e-5,TWIST1/SERPINF1/TGFB1/SFRP1/THBS1/RECK/ITGB1/CREB3L1/SHC1/FOXO4/KLF4/JUP/RNH1,13,Multicellular non-vertebrate
GO:0071559,response to transforming growth factor beta,12/139,318/18860,0.03773584905660377,5.1201303108456635,6.384816680641532,4.2306096520481975e-6,1.5721491352127496e-4,9.773258969813664e-5,SKI/TGFB1/SMAD4/NKX2-1/SFRP1/THBS1/BRMS1/RUNX3/SOX11/POSTN/HTRA1/EP300,12,Multicellular non-vertebrate
GO:0010717,regulation of epithelial to mesenchymal transition,8/139,128/18860,0.0625,8.48021582733813,7.316935855917168,4.834178844486226e-6,1.7728646247699794e-4,1.1021006028129655e-4,TWIST1/TGFB1/BMP4/SMAD4/NKX2-1/SFRP1/GATA3/PTEN,8,Multicellular non-vertebrate
GO:0042692,muscle cell differentiation,14/139,441/18860,0.031746031746031744,4.307411213886033,6.055871818356252,4.873325791468404e-6,1.7728646247699794e-4,1.1021006028129655e-4,CXADR/SKI/TGFB1/BMP4/SMAD4/CASP3/BHLHE41/CD9/ITGB1/PDCD4/BIN1/DMD/FOXO4/MYO18B,14,Multicellular non-vertebrate
GO:0001822,kidney development,12/139,323/18860,0.03715170278637771,5.040871327705638,6.311880478448995,4.960939181293722e-6,1.78593810526574e-4,1.1102277268662815e-4,MTSS1/SERPINF1/GPC3/TGFB1/BMP4/SMAD4/SFRP1/PKD1/SOX11/MAGED1/GATA3/SLIT2,12,Multicellular non-vertebrate
GO:0030326,embryonic limb morphogenesis,8/139,129/18860,0.06201550387596899,8.414477720149462,7.281102526401782,5.122096903368407e-6,1.806323152861348e-4,1.1229000837567045e-4,HOXA10/TWIST1/SKI/TP63/GPC3/BMP4/SMAD4/RECK,8,Multicellular non-vertebrate
GO:0035113,embryonic appendage morphogenesis,8/139,129/18860,0.06201550387596899,8.414477720149462,7.281102526401782,5.122096903368407e-6,1.806323152861348e-4,1.1229000837567045e-4,HOXA10/TWIST1/SKI/TP63/GPC3/BMP4/SMAD4/RECK,8,Multicellular non-vertebrate
GO:0048660,regulation of smooth muscle cell proliferation,9/139,172/18860,0.05232558139534884,7.099715576376108,6.924598610277788,5.257092890578319e-6,1.8352033363473402e-4,1.1408534385614407e-4,TGFB1/BMP4/THBS1/ITGA2/NDRG2/PDCD4/GNAI2/PTEN/KLF4,9,Multicellular non-vertebrate
GO:0002088,lens development in camera-type eye,7/139,93/18860,0.07526881720430108,10.212733039374951,7.674228791568142,5.6710579042993495e-6,1.9599176117258553e-4,1.2183820192289446e-4,CRYAB/SKI/TGFB1/BMP4/SOX11/GATA3/KDM5B,7,Multicellular non-vertebrate
GO:0030308,negative regulation of cell growth,9/139,174/18860,0.05172413793103448,7.0181096502108655,6.871930474830572,5.775959311849661e-6,1.9764074635398446e-4,1.228632929180319e-4,CRYAB/TGFB1/SMAD4/DCC/SFRP1/SEMA3F/CDH1/CDKN2A/SLIT2,9,Multicellular non-vertebrate
GO:0010977,negative regulation of neuron projection development,8/139,132/18860,0.06060606060606061,8.223239590146065,7.175885400448507,6.0745293569641685e-6,2.058193476241977e-4,1.2794751720912145e-4,DCC/SEMA3F/CDH1/CRMP1/DPYSL3/PTEN/CERS2/SLIT2,8,Multicellular non-vertebrate
GO:0036293,response to decreased oxygen levels,12/139,330/18860,0.03636363636363636,4.933943754087639,6.212259877630255,6.169158674287292e-6,2.0699623668288234e-4,1.286791298336266e-4,CRYAB/TWIST1/TGFB1/SMAD4/CASP3/SFRP1/THBS1/ITGA2/NDRG1/POSTN/EP300/NOS2,12,Multicellular non-vertebrate
GO:0048659,smooth muscle cell proliferation,9/139,176/18860,0.05113636363636364,6.938358404185743,6.820088634780591,6.338135205710318e-6,2.093789501447422e-4,1.3016034272825868e-4,TGFB1/BMP4/THBS1/ITGA2/NDRG2/PDCD4/GNAI2/PTEN/KLF4,9,Multicellular non-vertebrate
GO:0090092,regulation of transmembrane receptor protein serine/threonine kinase signaling pathway,12/139,331/18860,0.03625377643504532,4.919037579603991,6.198257904458958,6.361339631133662e-6,2.093789501447422e-4,1.3016034272825868e-4,SKI/GPC3/TGFB1/BMP4/SMAD4/NKX2-1/SFRP1/THBS1/BRMS1/SOX11/HTRA1/EP300,12,Multicellular non-vertebrate
GO:0032102,negative regulation of response to external stimulus,14/139,452/18860,0.030973451327433628,4.202584834787038,5.938390682468287,6.456171853892489e-6,2.1049556534955135e-4,1.308544861350007e-4,LGALS9/AHR/TGFB1/THBS1/CD9/SEMA3F/HGF/PLG/GATA3/SYK/PTEN/CERS2/KLF4/SLIT2,14,Multicellular non-vertebrate
GO:0050672,negative regulation of lymphocyte proliferation,7/139,95/18860,0.07368421052631578,9.997728133282846,7.575696959125805,6.534344320437405e-6,2.110532146862773e-4,1.3120114862776925e-4,LGALS9/TGFB1/BMP4/CASP3/PLA2G2A/SOX11/CDKN2A,7,Multicellular non-vertebrate
GO:0048762,mesenchymal cell differentiation,11/139,278/18860,0.039568345323741004,5.368769732415506,6.323208953274144,6.906683509467471e-6,2.170067573557651e-4,1.3490216610718706e-4,TWIST1/TGFB1/BMP4/SMAD4/NKX2-1/SFRP1/SEMA3F/HGF/PDCD4/GATA3/PTEN,11,Multicellular non-vertebrate
GO:0003179,heart valve morphogenesis,6/139,63/18860,0.09523809523809523,12.922233641658101,8.167437903873324,6.919378425269236e-6,2.170067573557651e-4,1.3490216610718706e-4,TWIST1/TGFB1/BMP4/SMAD4/GATA3/SLIT2,6,Multicellular non-vertebrate
GO:0001503,ossification,14/139,455/18860,0.03076923076923077,4.174875484228003,5.906996227618834,6.960440659139782e-6,2.170067573557651e-4,1.3490216610718706e-4,TWIST1/SKI/TP63/GPC3/TGFB1/BMP4/SMAD4/SFRP1/CREB3L1/RUNX3/HGF/SOX11/PTEN/KLF10,14,Multicellular non-vertebrate
GO:0072001,renal system development,12/139,334/18860,0.03592814371257485,4.874854607332098,6.156587040355725,6.969835088683428e-6,2.170067573557651e-4,1.3490216610718706e-4,MTSS1/SERPINF1/GPC3/TGFB1/BMP4/SMAD4/SFRP1/PKD1/SOX11/MAGED1/GATA3/SLIT2,12,Multicellular non-vertebrate
GO:0050729,positive regulation of inflammatory response,9/139,179/18860,0.05027932960893855,6.822073067802742,6.743825367089723,7.269094021605197e-6,2.2430347266667465e-4,1.3943816633549069e-4,TGFB1/CASP3/CASP8/CASP5/PLA2G2A/PTGER3/APP/MMP8/PDCD4,9,Multicellular non-vertebrate
GO:1902903,regulation of supramolecular fiber organization,13/139,395/18860,0.03291139240506329,4.465531372370458,5.997854626445843,7.355526100545863e-6,2.2496193100430534e-4,1.3984749670436987e-4,MTSS1/CRYAB/SMAD4/SFRP1/DLC1/APP/BIN1/GSN/PFN1/LIMA1/DRG1/SLIT2/RNH1,13,Multicellular non-vertebrate
GO:0032945,negative regulation of mononuclear cell proliferation,7/139,97/18860,0.07216494845360824,9.791589408885262,7.480047121257969,7.5041504370431154e-6,2.2749424482825445e-4,1.4142170860577098e-4,LGALS9/TGFB1/BMP4/CASP3/PLA2G2A/SOX11/CDKN2A,7,Multicellular non-vertebrate
GO:0033619,membrane protein proteolysis,6/139,64/18860,0.09375,12.720323741007194,8.092805178686023,7.589234689681368e-6,2.28073000761207e-4,1.4178149200585511e-4,TIMP1/TIMP2/TIMP3/TIMP4/TGFB1/APP,6,Multicellular non-vertebrate
GO:0050900,leukocyte migration,13/139,397/18860,0.0327455919395466,4.443034992660784,5.974310137480568,7.764920328750955e-6,2.313410746220974e-4,1.4381308884737476e-4,CXADR/LGALS9/TGFB1/THBS1/CD9/ITGA2/ITGB1/APP/PLG/MED23/GATA3/SYK/SLIT2,13,Multicellular non-vertebrate
GO:0060253,negative regulation of glial cell proliferation,4/139,18/18860,0.2222222222222222,30.15187849720224,10.662069442081549,7.979329065222751e-6,2.3524625846527313e-4,1.4624074486099613e-4,SKI/SOX11/DICER1/CERS2,4,Multicellular non-vertebrate
GO:0060993,kidney morphogenesis,7/139,98/18860,0.07142857142857142,9.691675231243577,7.4332573866706735,8.032134982321246e-6,2.3524625846527313e-4,1.4624074486099613e-4,GPC3/TGFB1/BMP4/SMAD4/PKD1/MAGED1/GATA3,7,Multicellular non-vertebrate
GO:0060541,respiratory system development,10/139,231/18860,0.04329004329004329,5.873742564390046,6.4220844609982555,8.393721467451296e-6,2.4377059992866957e-4,1.5153989840838654e-4,SPDEF/SKI/GPC3/TGFB1/BMP4/NKX2-1/THRB/PKD1/SOX11/EP300,10,Multicellular non-vertebrate
GO:0051250,negative regulation of lymphocyte activation,9/139,183/18860,0.04918032786885246,6.672956716593938,6.644826782461789,8.69076890852649e-6,2.489853005823942e-4,1.5478161503675275e-4,LGALS9/TGFB1/BMP4/CASP3/SFRP1/PLA2G2A/RUNX3/SOX11/CDKN2A,9,Multicellular non-vertebrate
GO:1901654,response to ketone,10/139,232/18860,0.04310344827586207,5.8484247085090555,6.4027086841059475,8.717367294696093e-6,2.489853005823942e-4,1.5478161503675275e-4,HOXA10/AHR/SERPINF1/TGFB1/SFRP1/THBS1/PTGER1/POSTN/TXNIP/SLIT2,10,Multicellular non-vertebrate
GO:1900182,positive regulation of protein localization to nucleus,7/139,100/18860,0.07,9.497841726618706,7.341662734590535,9.180904842511195e-6,2.6007546832556303e-4,1.616758134906415e-4,TGFB1/BMP4/CDH1/EP300/TYK2/CDKN2A/JUP,7,Multicellular non-vertebrate
GO:0003180,aortic valve morphogenesis,5/139,39/18860,0.1282051282051282,17.395314517616676,8.83146835757237,9.521887319205812e-6,2.675418095542706e-4,1.663172616046133e-4,TWIST1/TGFB1/BMP4/GATA3/SLIT2,5,Multicellular non-vertebrate
GO:0050866,negative regulation of cell activation,10/139,235/18860,0.0425531914893617,5.773763967549365,6.345252972957784,9.753875663348213e-6,2.718499539720276e-4,1.6899541790232347e-4,LGALS9/TGFB1/BMP4/CASP3/SFRP1/PLA2G2A/CD9/RUNX3/SOX11/CDKN2A,10,Multicellular non-vertebrate
GO:2001233,regulation of apoptotic signaling pathway,13/139,406/18860,0.03201970443349754,4.344544069178156,5.870253959951069,9.866976128736433e-6,2.7210615380429757e-4,1.691546844281711e-4,TNFSF10/MAL/TP63/BMP4/SFRP1/THBS1/CREB3L1/APP/HGF/GNAI2/MAGED1/IVNS1ABP/KLF4,13,Multicellular non-vertebrate
GO:0060675,ureteric bud morphogenesis,6/139,67/18860,0.08955223880597014,12.150757006335228,7.878542917544329,9.92053685744835e-6,2.7210615380429757e-4,1.691546844281711e-4,GPC3/TGFB1/BMP4/SMAD4/MAGED1/GATA3,6,Multicellular non-vertebrate
GO:0030879,mammary gland development,8/139,142/18860,0.056338028169014086,7.644138210558315,6.847867010161201,1.0403508777448987e-5,2.8310650657372994e-4,1.7599304943865217e-4,TGFB1/BMP4/ESR1/ITGA2/GATA3/KDM5B/NME1/CDKN2A,8,Multicellular non-vertebrate
GO:0007409,axonogenesis,14/139,472/18860,0.029661016949152543,4.024509206194367,5.734042021310194,1.0536091391307905e-5,2.844744675653134e-4,1.768434418557519e-4,LGI1/SMAD4/NKX2-1/DCC/ITGB1/SEMA3F/APP/CDH1/LMX1A/GATA3/EPHB3/EPHB6/PTEN/SLIT2,14,Multicellular non-vertebrate
GO:0042113,B cell activation,11/139,291/18860,0.037800687285223365,5.128927785606566,6.116341591362004,1.0624157605143626e-5,2.8462859444477806e-4,1.7693925477028265e-4,IRF8/AHR/TGFB1/CASP3/CASP8/SFRP1/ITGB1/PAX5/EP300/SYK/CDKN2A,11,Multicellular non-vertebrate
GO:0072171,mesonephric tubule morphogenesis,6/139,68/18860,0.08823529411764706,11.972069403300889,7.810138029162193,1.0815143248190213e-5,2.875164235826568e-4,1.7873447262798566e-4,GPC3/TGFB1/BMP4/SMAD4/MAGED1/GATA3,6,Multicellular non-vertebrate
GO:0141091,transforming growth factor beta receptor superfamily signaling pathway,13/139,411/18860,0.031630170316301706,4.291690735003239,5.813741657696356,1.123941813125259e-5,2.965147256611371e-4,1.8432826360696293e-4,SKI/GPC3/TGFB1/BMP4/SMAD4/NKX2-1/SFRP1/THBS1/BRMS1/PDCD4/SOX11/HTRA1/EP300,13,Multicellular non-vertebrate
GO:0090288,negative regulation of cellular response to growth factor stimulus,8/139,144/18860,0.05555555555555555,7.53796962430056,6.786093435844679,1.1525254169909153e-5,3.017521091758033e-4,1.875840810269903e-4,SKI/BMP4/SFRP1/THBS1/CREB3L1/GATA3/HTRA1/SLIT2,8,Multicellular non-vertebrate
GO:0010812,negative regulation of cell-substrate adhesion,6/139,69/18860,0.08695652173913043,11.798561151079136,7.743150487593672,1.1773916082839512e-5,3.04372418313703e-4,1.892129951810026e-4,THBS1/DLC1/PLG/POSTN/PTEN/CDKN2A,6,Multicellular non-vertebrate
GO:0032602,chemokine production,7/139,104/18860,0.0673076923076923,9.132540121748754,7.165969921216387,1.1889547590379022e-5,3.04372418313703e-4,1.892129951810026e-4,TWIST1/LGALS9/TGFB1/APP/POSTN/SYK/KLF4,7,Multicellular non-vertebrate
GO:0032642,regulation of chemokine production,7/139,104/18860,0.0673076923076923,9.132540121748754,7.165969921216387,1.1889547590379022e-5,3.04372418313703e-4,1.892129951810026e-4,TWIST1/LGALS9/TGFB1/APP/POSTN/SYK/KLF4,7,Multicellular non-vertebrate
GO:0032930,positive regulation of superoxide anion generation,4/139,20/18860,0.2,27.136690647482013,10.076909424516492,1.2490041001673953e-5,3.15532747955275e-4,1.9615080975168012e-4,TGFB1/APP/GNAI2/SYK,4,Multicellular non-vertebrate
GO:0070664,negative regulation of leukocyte proliferation,7/139,105/18860,0.06666666666666667,9.04556354916067,7.123522388269582,1.2661189718984935e-5,3.15532747955275e-4,1.9615080975168012e-4,LGALS9/TGFB1/BMP4/CASP3/PLA2G2A/SOX11/CDKN2A,7,Multicellular non-vertebrate
GO:0031345,negative regulation of cell projection organization,9/139,192/18860,0.046875,6.360161870503597,6.432530173450069,1.2781997891706741e-5,3.15532747955275e-4,1.9615080975168012e-4,DCC/SEMA3F/CDH1/CRMP1/DPYSL3/LIMA1/PTEN/CERS2/SLIT2,9,Multicellular non-vertebrate
GO:0071772,response to BMP,9/139,192/18860,0.046875,6.360161870503597,6.432530173450069,1.2781997891706741e-5,3.15532747955275e-4,1.9615080975168012e-4,SKI/GPC3/BMP4/SMAD4/SFRP1/PDCD4/SOX11/GATA3/HTRA1,9,Multicellular non-vertebrate
GO:0071773,cellular response to BMP stimulus,9/139,192/18860,0.046875,6.360161870503597,6.432530173450069,1.2781997891706741e-5,3.15532747955275e-4,1.9615080975168012e-4,SKI/GPC3/BMP4/SMAD4/SFRP1/PDCD4/SOX11/GATA3/HTRA1,9,Multicellular non-vertebrate
GO:0008406,gonad development,10/139,243/18860,0.0411522633744856,5.583681203185599,6.196763203910689,1.3053986265317632e-5,3.199615356945939e-4,1.9890396392320482e-4,HOXA10/SMAD4/NKX2-1/CASP3/SFRP1/ESR1/GATA3/IDH1/RRM1/SLIT2,10,Multicellular non-vertebrate
GO:0042063,gliogenesis,12/139,357/18860,0.03361344537815126,4.560788344114624,5.852769249917809,1.3598866431804913e-5,3.286551215966278e-4,2.0430832820989199e-4,MAL/SKI/TGFB1/NKX2-1/CD9/APP/NDRG1/SOX11/BIN1/DICER1/PTEN/CERS2,12,Multicellular non-vertebrate
GO:0070482,response to oxygen levels,12/139,357/18860,0.03361344537815126,4.560788344114624,5.852769249917809,1.3598866431804913e-5,3.286551215966278e-4,2.0430832820989199e-4,CRYAB/TWIST1/TGFB1/SMAD4/CASP3/SFRP1/THBS1/ITGA2/NDRG1/POSTN/EP300/NOS2,12,Multicellular non-vertebrate
GO:0070372,regulation of ERK1 and ERK2 cascade,11/139,303/18860,0.036303630363036306,4.9258019327112565,5.936056468050454,1.5493299482290047e-5,3.686082006070081e-4,2.2914514420044576e-4,LGALS9/TGFB1/BMP4/SMAD4/PLA2G2A/APP/SHC1/NDRG2/GNAI2/SYK/KLF4,11,Multicellular non-vertebrate
GO:0001953,negative regulation of cell-matrix adhesion,5/139,43/18860,0.11627906976744186,15.777145725280239,8.35895140071406,1.554738409866702e-5,3.686082006070081e-4,2.2914514420044576e-4,THBS1/DLC1/POSTN/PTEN/CDKN2A,5,Multicellular non-vertebrate
GO:0045137,development of primary sexual characteristics,10/139,248/18860,0.04032258064516129,5.471106985379438,6.107262528340813,1.5571989956198837e-5,3.686082006070081e-4,2.2914514420044576e-4,HOXA10/SMAD4/NKX2-1/CASP3/SFRP1/ESR1/GATA3/IDH1/RRM1/SLIT2,10,Multicellular non-vertebrate
GO:0045165,cell fate commitment,11/139,304/18860,0.03618421052631579,4.90959863687997,5.9214626355672015,1.5974951081560797e-5,3.7557436012159264e-4,2.334756545468356e-4,GAS1/SPDEF/BMP4/SMAD4/NKX2-1/CASP3/SFRP1/ITGB1/GATA3/EP300/KLF4,11,Multicellular non-vertebrate
GO:0032722,positive regulation of chemokine production,6/139,73/18860,0.0821917808219178,11.152064649650141,7.488404504772845,1.6320877492805526e-5,3.8111454469686416e-4,2.3691970812813711e-4,TWIST1/LGALS9/TGFB1/APP/POSTN/SYK,6,Multicellular non-vertebrate
GO:0045765,regulation of angiogenesis,12/139,365/18860,0.03287671232876712,4.460825859860057,5.753090692751502,1.6946523434016806e-5,3.9187588999630866e-4,2.4360949423808052e-4,TWIST1/SERPINF1/SFRP1/THBS1/RECK/ITGB1/CREB3L1/SHC1/FOXO4/KLF4/JUP/RNH1,12,Multicellular non-vertebrate
GO:0045664,regulation of neuron differentiation,9/139,199/18860,0.04522613065326633,6.13643758360146,6.276583424619862,1.7008502169978676e-5,3.9187588999630866e-4,2.4360949423808052e-4,BMP4/SFRP1/RAB37/ITGB1/APP/SOX11/BIN1/LMX1A/DMD,9,Multicellular non-vertebrate
GO:0090100,positive regulation of transmembrane receptor protein serine/threonine kinase signaling pathway,7/139,111/18860,0.06306306306306306,8.556614168124959,6.880213132073906,1.8213027335448087e-5,4.1684915543912973e-4,2.591341149644443e-4,GPC3/TGFB1/BMP4/SMAD4/THBS1/SOX11/EP300,7,Multicellular non-vertebrate
GO:0032928,regulation of superoxide anion generation,4/139,22/18860,0.18181818181818182,24.669718770438195,9.571703801421947,1.864281797901683e-5,4.21108359055439e-4,2.617818472320148e-4,TGFB1/APP/GNAI2/SYK,4,Multicellular non-vertebrate
GO:0048485,sympathetic nervous system development,4/139,22/18860,0.18181818181818182,24.669718770438195,9.571703801421947,1.864281797901683e-5,4.21108359055439e-4,2.617818472320148e-4,TP63/SEMA3F/SOX11/GATA3,4,Multicellular non-vertebrate
GO:0001654,eye development,13/139,432/18860,0.03009259259259259,4.08306687982947,5.585832726706866,1.9016512573518202e-5,4.2667465289118343e-4,2.6524213162491025e-4,CRYAB/TWIST1/SKI/SERPINF1/TGFB1/BMP4/RAB37/THRB/SOX11/GATA3/RRM1/KDM5B/KLF4,13,Multicellular non-vertebrate
GO:0050670,regulation of lymphocyte proliferation,10/139,254/18860,0.03937007874015748,5.34186823769331,6.00301182108433,1.9136160647608054e-5,4.2667465289118343e-4,2.6524213162491025e-4,LGALS9/AHR/TGFB1/BMP4/CASP3/PLA2G2A/SOX11/SYK/TYK2/CDKN2A,10,Multicellular non-vertebrate
GO:0003176,aortic valve development,5/139,45/18860,0.1111111111111111,15.07593924860112,8.145799910275327,1.9501332008221224e-5,4.275868886145357e-4,2.658092226066847e-4,TWIST1/TGFB1/BMP4/GATA3/SLIT2,5,Multicellular non-vertebrate
GO:0016049,cell growth,14/139,499/18860,0.028056112224448898,3.8067501910295416,5.475301983305264,1.9595830089856523e-5,4.275868886145357e-4,2.658092226066847e-4,LGI1/CRYAB/TGFB1/SMAD4/DCC/SFRP1/ITGB1/SEMA3F/APP/CDH1/POSTN/LMX1A/CDKN2A/SLIT2,14,Multicellular non-vertebrate
GO:0051896,regulation of phosphatidylinositol 3-kinase/protein kinase B signal transduction,11/139,311/18860,0.03536977491961415,4.799093201323186,5.8210603339806,1.972570912094272e-5,4.275868886145357e-4,2.658092226066847e-4,IRS1/TWIST1/TGFB1/THBS1/ITGB1/APP/HGF/GATA3/EP300/PTEN/KLF4,11,Multicellular non-vertebrate
GO:0071560,cellular response to transforming growth factor beta stimulus,11/139,311/18860,0.03536977491961415,4.799093201323186,5.8210603339806,1.972570912094272e-5,4.275868886145357e-4,2.658092226066847e-4,SKI/TGFB1/SMAD4/NKX2-1/SFRP1/THBS1/BRMS1/SOX11/POSTN/HTRA1/EP300,11,Multicellular non-vertebrate
GO:0007369,gastrulation,9/139,203/18860,0.04433497536945813,6.0155225573235995,6.190781982009328,1.9919412345758172e-5,4.275868886145357e-4,2.658092226066847e-4,GPC3/BMP4/SMAD4/SFRP1/ITGA2/ITGB1/MMP8/EP300/KLF4,9,Multicellular non-vertebrate
GO:0030324,lung development,9/139,203/18860,0.04433497536945813,6.0155225573235995,6.190781982009328,1.9919412345758172e-5,4.275868886145357e-4,2.658092226066847e-4,SPDEF/GPC3/TGFB1/BMP4/NKX2-1/THRB/PKD1/SOX11/EP300,9,Multicellular non-vertebrate
GO:0032760,positive regulation of tumor necrosis factor production,7/139,113/18860,0.061946902654867256,8.405169669574075,6.80315795462572,2.045869550731967e-5,4.364403421873296e-4,2.713129685685733e-4,TWIST1/LGALS9/TGFB1/THBS1/APP/MMP8/SYK,7,Multicellular non-vertebrate
GO:0006801,superoxide metabolic process,6/139,76/18860,0.07894736842105263,10.711851571374478,7.309993679571915,2.0584425861265836e-5,4.364403421873296e-4,2.713129685685733e-4,TGFB1/APP/SHC1/GNAI2/SYK/NOS2,6,Multicellular non-vertebrate
GO:0150063,visual system development,13/139,436/18860,0.02981651376146789,4.045607550656722,5.544053740685362,2.0942756364565354e-5,4.3971040684531997e-4,2.7334580298833395e-4,CRYAB/TWIST1/SKI/SERPINF1/TGFB1/BMP4/RAB37/THRB/SOX11/GATA3/RRM1/KDM5B/KLF4,13,Multicellular non-vertebrate
GO:0007517,muscle organ development,12/139,373/18860,0.032171581769437,4.365151310586919,5.656242238961844,2.0993118382372048e-5,4.3971040684531997e-4,2.7334580298833395e-4,CRYAB/TWIST1/SKI/TGFB1/BMP4/SMAD4/ITGB1/PAX5/SOX11/DMD/FOXO4/EP300,12,Multicellular non-vertebrate
GO:0035107,appendage morphogenesis,8/139,157/18860,0.050955414012738856,6.913806534390322,6.411557047994247,2.1596574273029847e-5,4.4427238504518546e-4,2.7618175495773133e-4,HOXA10/TWIST1/SKI/TP63/GPC3/BMP4/SMAD4/RECK,8,Multicellular non-vertebrate
GO:0035108,limb morphogenesis,8/139,157/18860,0.050955414012738856,6.913806534390322,6.411557047994247,2.1596574273029847e-5,4.4427238504518546e-4,2.7618175495773133e-4,HOXA10/TWIST1/SKI/TP63/GPC3/BMP4/SMAD4/RECK,8,Multicellular non-vertebrate
GO:0042552,myelination,8/139,157/18860,0.050955414012738856,6.913806534390322,6.411557047994247,2.1596574273029847e-5,4.4427238504518546e-4,2.7618175495773133e-4,MAL/SKI/TGFB1/CD9/EPB41L3/NDRG1/DICER1/PTEN,8,Multicellular non-vertebrate
GO:0032944,regulation of mononuclear cell proliferation,10/139,258/18860,0.03875968992248062,5.259048575093414,5.935329516031145,2.1883963962359713e-5,4.4752058848470516e-4,2.7820099935955267e-4,LGALS9/AHR/TGFB1/BMP4/CASP3/PLA2G2A/SOX11/SYK/TYK2/CDKN2A,10,Multicellular non-vertebrate
GO:0007159,leukocyte cell-cell adhesion,13/139,439/18860,0.029612756264236904,4.017961029809411,5.513044463327058,2.249778723454439e-5,4.573667804857965e-4,2.843218807783598e-4,LGALS9/TGFB1/BMP4/CASP3/PLA2G2A/ITGB1/RUNX3/GATA3/EP300/SYK/TYK2/KLF4/CDKN2A,13,Multicellular non-vertebrate
GO:0030323,respiratory tube development,9/139,207/18860,0.043478260869565216,5.899280575539568,6.107245075808177,2.3243844564019598e-5,4.6977033224123815e-4,2.920325438914374e-4,SPDEF/GPC3/TGFB1/BMP4/NKX2-1/THRB/PKD1/SOX11/EP300,9,Multicellular non-vertebrate
GO:0007272,ensheathment of neurons,8/139,159/18860,0.050314465408805034,6.826840414460884,6.3577212052358565,2.3660247751511476e-5,4.718818747884359e-4,2.933451834926894e-4,MAL/SKI/TGFB1/CD9/EPB41L3/NDRG1/DICER1/PTEN,8,Multicellular non-vertebrate
GO:0008366,axon ensheathment,8/139,159/18860,0.050314465408805034,6.826840414460884,6.3577212052358565,2.3660247751511476e-5,4.718818747884359e-4,2.933451834926894e-4,MAL/SKI/TGFB1/CD9/EPB41L3/NDRG1/DICER1/PTEN,8,Multicellular non-vertebrate
GO:0003170,heart valve development,6/139,78/18860,0.07692307692307693,10.437188710570007,7.196498372008012,2.3894481506937585e-5,4.718818747884359e-4,2.933451834926894e-4,TWIST1/TGFB1/BMP4/SMAD4/GATA3/SLIT2,6,Multicellular non-vertebrate
GO:0035019,somatic stem cell population maintenance,6/139,78/18860,0.07692307692307693,10.437188710570007,7.196498372008012,2.3894481506937585e-5,4.718818747884359e-4,2.933451834926894e-4,SKI/TP63/SFRP1/KLF10/KLF4/CDKN2A,6,Multicellular non-vertebrate
GO:0043010,camera-type eye development,12/139,379/18860,0.0316622691292876,4.296046012793987,5.585375118715393,2.4558243025077582e-5,4.805889770045815e-4,2.987579501907745e-4,CRYAB/TWIST1/SKI/SERPINF1/TGFB1/BMP4/THRB/SOX11/GATA3/RRM1/KDM5B/KLF4,12,Multicellular non-vertebrate
GO:0048880,sensory system development,13/139,443/18860,0.029345372460496615,3.981681471978174,5.472123299231283,2.472824553997102e-5,4.805889770045815e-4,2.987579501907745e-4,CRYAB/TWIST1/SKI/SERPINF1/TGFB1/BMP4/RAB37/THRB/SOX11/GATA3/RRM1/KDM5B/KLF4,13,Multicellular non-vertebrate
GO:0072006,nephron development,8/139,160/18860,0.05,6.784172661870503,6.33115061501062,2.475255726470356e-5,4.805889770045815e-4,2.987579501907745e-4,MTSS1/GPC3/TGFB1/BMP4/SMAD4/PKD1/MAGED1/GATA3,8,Multicellular non-vertebrate
GO:1903557,positive regulation of tumor necrosis factor superfamily cytokine production,7/139,117/18860,0.05982905982905983,8.117813441554448,6.654603559104871,2.5638277324057694e-5,4.934982583361767e-4,3.067829998977024e-4,TWIST1/LGALS9/TGFB1/THBS1/APP/MMP8/SYK,7,Multicellular non-vertebrate
GO:0042130,negative regulation of T cell proliferation,6/139,79/18860,0.0759493670886076,10.30507239777798,7.141281529702978,2.5703034288342535e-5,4.934982583361767e-4,3.067829998977024e-4,LGALS9/TGFB1/BMP4/CASP3/PLA2G2A/CDKN2A,6,Multicellular non-vertebrate
GO:0045667,regulation of osteoblast differentiation,8/139,161/18860,0.049689440993788817,6.742034943473792,6.3048068601745655,2.588683962326294e-5,4.942813134695952e-4,3.072697858161074e-4,TWIST1/SKI/TP63/BMP4/SFRP1/HGF/SOX11/PTEN,8,Multicellular non-vertebrate
GO:0007178,cell surface receptor protein serine/threonine kinase signaling pathway,13/139,446/18860,0.02914798206278027,3.9548988611801144,5.441745030748874,2.6526038561278834e-5,5.03703237735053e-4,3.1312692136246446e-4,SKI/GPC3/TGFB1/BMP4/SMAD4/NKX2-1/SFRP1/THBS1/BRMS1/PDCD4/SOX11/HTRA1/EP300,13,Multicellular non-vertebrate
GO:0010712,regulation of collagen metabolic process,5/139,48/18860,0.10416666666666667,14.13369304556355,7.850407565006522,2.6851079084748367e-5,5.04333311504839e-4,3.13518606475809e-4,TGFB1/BMP4/ITGA2/ITGB1/CREB3L1,5,Multicellular non-vertebrate
GO:0060428,lung epithelium development,5/139,48/18860,0.10416666666666667,14.13369304556355,7.850407565006522,2.6851079084748367e-5,5.04333311504839e-4,3.13518606475809e-4,SPDEF/BMP4/NKX2-1/THRB/PKD1,5,Multicellular non-vertebrate
GO:0001649,osteoblast differentiation,10/139,265/18860,0.03773584905660377,5.1201303108456635,5.8202013108496375,2.7511832648706746e-5,5.139507763996244e-4,3.1949729977815344e-4,TWIST1/SKI/TP63/BMP4/SMAD4/SFRP1/CREB3L1/HGF/SOX11/PTEN,10,Multicellular non-vertebrate
GO:0002695,negative regulation of leukocyte activation,9/139,212/18860,0.04245283018867924,5.760146599701371,6.005848005439433,2.8052428782540146e-5,5.21232225120746e-4,3.240238095368673e-4,LGALS9/TGFB1/BMP4/CASP3/SFRP1/PLA2G2A/RUNX3/SOX11/CDKN2A,9,Multicellular non-vertebrate
GO:0006509,membrane protein ectodomain proteolysis,5/139,49/18860,0.10204081632653061,13.845250330347968,7.757769637557438,2.9726234074552557e-5,5.407045524297559e-4,3.361287742169628e-4,TIMP1/TIMP2/TIMP3/TIMP4/APP,5,Multicellular non-vertebrate
GO:0014003,oligodendrocyte development,5/139,49/18860,0.10204081632653061,13.845250330347968,7.757769637557438,2.9726234074552557e-5,5.407045524297559e-4,3.361287742169628e-4,MAL/TGFB1/CD9/SOX11/PTEN,5,Multicellular non-vertebrate
GO:0060443,mammary gland morphogenesis,5/139,49/18860,0.10204081632653061,13.845250330347968,7.757769637557438,2.9726234074552557e-5,5.407045524297559e-4,3.361287742169628e-4,TGFB1/BMP4/ESR1/KDM5B/CDKN2A,5,Multicellular non-vertebrate
GO:1905314,semi-lunar valve development,5/139,49/18860,0.10204081632653061,13.845250330347968,7.757769637557438,2.9726234074552557e-5,5.407045524297559e-4,3.361287742169628e-4,TWIST1/TGFB1/BMP4/GATA3/SLIT2,5,Multicellular non-vertebrate
GO:1903038,negative regulation of leukocyte cell-cell adhesion,8/139,165/18860,0.048484848484848485,6.578591672116851,6.201632404165141,3.0869675459038005e-5,5.585633423373579e-4,3.4723068400053223e-4,LGALS9/TGFB1/BMP4/CASP3/PLA2G2A/RUNX3/KLF4/CDKN2A,8,Multicellular non-vertebrate
GO:0032967,positive regulation of collagen biosynthetic process,4/139,25/18860,0.16,21.70935251798561,8.928035770526376,3.1690731418567825e-5,5.704331655342208e-4,3.5460955496325073e-4,TGFB1/BMP4/ITGA2/CREB3L1,4,Multicellular non-vertebrate
GO:2001236,regulation of extrinsic apoptotic signaling pathway,8/139,167/18860,0.04790419161676647,6.499806143109465,6.1513200411850955,3.364749988045062e-5,6.025168890509707e-4,3.74554389179164e-4,TNFSF10/MAL/BMP4/SFRP1/THBS1/APP/HGF/KLF4,8,Multicellular non-vertebrate
GO:0070371,ERK1 and ERK2 cascade,11/139,331/18860,0.03323262839879154,4.509117781303658,5.5499383672255345,3.4940102408736365e-5,6.224381130133654e-4,3.869384102888276e-4,LGALS9/TGFB1/BMP4/SMAD4/PLA2G2A/APP/SHC1/NDRG2/GNAI2/SYK/KLF4,11,Multicellular non-vertebrate
GO:0009895,negative regulation of catabolic process,12/139,394/18860,0.030456852791878174,4.132490961545485,5.414442308361369,3.58678652858844e-5,6.356889355282897e-4,3.951757789392176e-4,LZTS1/TIMP1/TIMP2/TIMP3/TIMP4/SMAD4/HGF/EP300/SYK/NOS2/CDKN2A/RNH1,12,Multicellular non-vertebrate
GO:2000027,regulation of animal organ morphogenesis,6/139,84/18860,0.07142857142857142,9.691675231243577,6.879292947255299,3.647163205887e-5,6.430916346706874e-4,3.9977766397504663e-4,TGFB1/BMP4/SFRP1/HGF/MAGED1/GATA3,6,Multicellular non-vertebrate
GO:0060070,canonical Wnt signaling pathway,11/139,333/18860,0.03303303303303303,4.48203599282736,5.524017308950345,3.690851723766423e-5,6.474915511338456e-4,4.025128703290019e-4,GPC5/GPC3/TGFB1/SMAD4/SFRP1/RECK/APP/GATA3/EP300/KLF4/JUP,11,Multicellular non-vertebrate
GO:0010714,positive regulation of collagen metabolic process,4/139,26/18860,0.15384615384615385,20.874377421140014,8.737981736647848,3.723906601647032e-5,6.499909704693001e-4,4.0406663338445466e-4,TGFB1/BMP4/ITGA2/CREB3L1,4,Multicellular non-vertebrate
GO:0030162,regulation of proteolysis,12/139,398/18860,0.03015075376884422,4.09095838906764,5.370287421146451,3.955823046143269e-5,6.870012285161376e-4,4.2707404587032067e-4,GAS1/TIMP1/TIMP2/TIMP3/TIMP4/CASP8/THBS1/APP/PKD1/GSN/PTEN/CDKN2A,12,Multicellular non-vertebrate
GO:0002347,response to tumor cell,5/139,52/18860,0.09615384615384616,13.046485888212509,7.495367800774501,3.9803526918056386e-5,6.878049451440144e-4,4.275736759987005e-4,AHR/TGFB1/TXNIP/KLF4/DAPK1,5,Multicellular non-vertebrate
GO:0045786,negative regulation of cell cycle,12/139,399/18860,0.03007518796992481,4.080705360523611,5.359338764282822,4.053075508441471e-5,6.968870127947126e-4,4.3321953981299e-4,GAS1/MTBP/TGFB1/BMP4/CASP3/RUNX3/GATA3/FOXO4/PTEN/KLF4/CDKN2A/NAA10,12,Multicellular non-vertebrate
GO:0046660,female sex differentiation,7/139,126/18860,0.05555555555555555,7.53796962430056,6.344758874343202,4.131396074835421e-5,7.068368730015453e-4,4.394048665314796e-4,TP63/SMAD4/CASP3/SFRP1/ESR1/IDH1/SLIT2,7,Multicellular non-vertebrate
GO:0035051,cardiocyte differentiation,8/139,172/18860,0.046511627906976744,6.310858290112096,6.02906176109627,4.152007233775457e-5,7.06863891622068e-4,4.3942166264639403e-4,CXADR/TWIST1/TGFB1/BMP4/SMAD4/ITGB1/PDCD4/MYO18B,8,Multicellular non-vertebrate
GO:1903037,regulation of leukocyte cell-cell adhesion,12/139,401/18860,0.029925187032418952,4.060352715333967,5.337547996522403,4.253824693315463e-5,7.206479480440313e-4,4.4799051594720634e-4,LGALS9/TGFB1/BMP4/CASP3/PLA2G2A/RUNX3/GATA3/EP300/SYK/TYK2/KLF4/CDKN2A,12,Multicellular non-vertebrate
GO:0006228,UTP biosynthetic process,3/139,10/18860,0.3,40.70503597122302,10.821616153331062,4.526545776407099e-5,7.594049613234434e-4,4.7208379814240616e-4,NME3/NME1/NME2,3,Multicellular non-vertebrate
GO:0032025,response to cobalt ion,3/139,10/18860,0.3,40.70503597122302,10.821616153331062,4.526545776407099e-5,7.594049613234434e-4,4.7208379814240616e-4,SERPINF1/CASP3/CASP8,3,Multicellular non-vertebrate
GO:0045619,regulation of lymphocyte differentiation,9/139,227/18860,0.039647577092511016,5.379520172408329,5.720055945085764,4.784335641010884e-5,7.978944496093972e-4,4.960107735297208e-4,LGALS9/TGFB1/BMP4/SFRP1/RUNX3/GATA3/EP300/SYK/CDKN2A,9,Multicellular non-vertebrate
GO:0048545,response to steroid hormone,11/139,343/18860,0.03206997084548105,4.351364389537932,5.397412445997879,4.825229744454977e-5,7.978944496093972e-4,4.960107735297208e-4,TP63/SERPINF1/TGFB1/CASP3/SFRP1/THBS1/ESR1/TXNIP/IDH1/EP300/SLIT2,11,Multicellular non-vertebrate
GO:1902105,regulation of leukocyte differentiation,11/139,343/18860,0.03206997084548105,4.351364389537932,5.397412445997879,4.825229744454977e-5,7.978944496093972e-4,4.960107735297208e-4,LGALS9/TGFB1/BMP4/CASP8/SFRP1/RUNX3/GATA3/EP300/SYK/KLF10/CDKN2A,11,Multicellular non-vertebrate
GO:1902905,positive regulation of supramolecular fiber organization,8/139,176/18860,0.045454545454545456,6.167429692609549,5.934692067887491,4.887549703566812e-5,8.043510369298524e-4,5.000245085202939e-4,MTSS1/SFRP1/APP/BIN1/GSN/PFN1/LIMA1/DRG1,8,Multicellular non-vertebrate
GO:0070663,regulation of leukocyte proliferation,10/139,284/18860,0.035211267605633804,4.7775863815989466,5.527130027963582,4.942622198579642e-5,8.09559351577784e-4,5.032622552906485e-4,LGALS9/AHR/TGFB1/BMP4/CASP3/PLA2G2A/SOX11/SYK/TYK2/CDKN2A,10,Multicellular non-vertebrate
GO:0033598,mammary gland epithelial cell proliferation,4/139,28/18860,0.14285714285714285,19.383350462487154,8.38798544869924,5.042137957664474e-5,8.18104637637954e-4,5.085744290384577e-4,ESR1/GATA3/KDM5B/CDKN2A,4,Multicellular non-vertebrate
GO:0060740,prostate gland epithelium morphogenesis,4/139,28/18860,0.14285714285714285,19.383350462487154,8.38798544869924,5.042137957664474e-5,8.18104637637954e-4,5.085744290384577e-4,TP63/BMP4/SFRP1/ESR1,4,Multicellular non-vertebrate
GO:0034504,protein localization to nucleus,11/139,345/18860,0.03188405797101449,4.3261390887290165,5.372671707525381,5.084949501467921e-5,8.211955830408006e-4,5.104959140430904e-4,TGFB1/BMP4/APP/CDH1/TXNIP/MAGED1/EP300/SYK/TYK2/CDKN2A/JUP,11,Multicellular non-vertebrate
GO:0010810,regulation of cell-substrate adhesion,9/139,230/18860,0.0391304347826087,5.309352517985612,5.665936741489335,5.296521602938858e-5,8.474857041148678e-4,5.268391575592243e-4,OLFM4/SFRP1/THBS1/DLC1/PLG/POSTN/PTEN/CDKN2A/JUP,9,Multicellular non-vertebrate
GO:0001952,regulation of cell-matrix adhesion,7/139,131/18860,0.05343511450381679,7.250260860014278,6.185555459515228,5.296785650717924e-5,8.474857041148678e-4,5.268391575592243e-4,SFRP1/THBS1/DLC1/POSTN/PTEN/CDKN2A/JUP,7,Multicellular non-vertebrate
GO:0060485,mesenchyme development,11/139,347/18860,0.03170028818443804,4.3012045694856225,5.348118027818485,5.356610673311804e-5,8.531081330398892e-4,5.303343383084838e-4,TWIST1/TGFB1/BMP4/SMAD4/NKX2-1/SFRP1/SEMA3F/HGF/PDCD4/GATA3/PTEN,11,Multicellular non-vertebrate
GO:0007492,endoderm development,6/139,90/18860,0.06666666666666667,9.04556354916067,6.592464452372844,5.388174601666782e-5,8.541986891449724e-4,5.310122820860407e-4,TGFB1/BMP4/SMAD4/NKX2-1/MMP8/EP300,6,Multicellular non-vertebrate
GO:0030509,BMP signaling pathway,8/139,179/18860,0.0446927374301676,6.064064949157992,5.865809182915373,5.5078954923710754e-5,8.691911790700656e-4,5.403323576029496e-4,SKI/GPC3/BMP4/SMAD4/SFRP1/PDCD4/SOX11/HTRA1,8,Multicellular non-vertebrate
GO:0035116,embryonic hindlimb morphogenesis,4/139,29/18860,0.13793103448275862,18.714959067228975,8.226302380950282,5.8155405936303236e-5,9.135685587084726e-4,5.679195383540426e-4,TWIST1/TP63/GPC3/BMP4,4,Multicellular non-vertebrate
GO:0017015,regulation of transforming growth factor beta receptor signaling pathway,8/139,181/18860,0.04419889502762431,5.997058706625859,5.820752546099562,5.956843051246781e-5,9.315316554347906e-4,5.790862904308016e-4,SKI/SMAD4/NKX2-1/THBS1/BRMS1/SOX11/HTRA1/EP300,8,Multicellular non-vertebrate
GO:0006183,GTP biosynthetic process,3/139,11/18860,0.2727272727272727,37.004578155657285,10.292292522584395,6.190409828909576e-5,9.383358056452409e-4,5.833160877564379e-4,NME3/NME1/NME2,3,Multicellular non-vertebrate
GO:0010624,regulation of Schwann cell proliferation,3/139,11/18860,0.2727272727272727,37.004578155657285,10.292292522584395,6.190409828909576e-5,9.383358056452409e-4,5.833160877564379e-4,SKI/DICER1/CERS2,3,Multicellular non-vertebrate
GO:0010716,negative regulation of extracellular matrix disassembly,3/139,11/18860,0.2727272727272727,37.004578155657285,10.292292522584395,6.190409828909576e-5,9.383358056452409e-4,5.833160877564379e-4,TIMP3/TGFB1/RECK,3,Multicellular non-vertebrate
GO:0014010,Schwann cell proliferation,3/139,11/18860,0.2727272727272727,37.004578155657285,10.292292522584395,6.190409828909576e-5,9.383358056452409e-4,5.833160877564379e-4,SKI/DICER1/CERS2,3,Multicellular non-vertebrate
GO:0045843,negative regulation of striated muscle tissue development,3/139,11/18860,0.2727272727272727,37.004578155657285,10.292292522584395,6.190409828909576e-5,9.383358056452409e-4,5.833160877564379e-4,TWIST1/TGFB1/BMP4,3,Multicellular non-vertebrate
GO:0060525,prostate glandular acinus development,3/139,11/18860,0.2727272727272727,37.004578155657285,10.292292522584395,6.190409828909576e-5,9.383358056452409e-4,5.833160877564379e-4,TP63/SFRP1/ESR1,3,Multicellular non-vertebrate
GO:0072178,nephric duct morphogenesis,3/139,11/18860,0.2727272727272727,37.004578155657285,10.292292522584395,6.190409828909576e-5,9.383358056452409e-4,5.833160877564379e-4,GPC3/BMP4/GATA3,3,Multicellular non-vertebrate
GO:0071674,mononuclear cell migration,9/139,235/18860,0.03829787234042553,5.196387570794428,5.577808389830303,6.252955654715576e-5,9.43677499681093e-4,5.866367497712934e-4,LGALS9/TGFB1/THBS1/CD9/APP/PLG/MED23/GATA3/SLIT2,9,Multicellular non-vertebrate
GO:0006979,response to oxidative stress,12/139,418/18860,0.028708133971291867,3.8952187532270837,5.157838314546518,6.338526864066445e-5,9.524325583571145e-4,5.92079328583964e-4,CRYAB/CASP3/KCMF1/MAP2K4/HGF/TXNIP/IDH1/FOXO4/KLF4/MSRA/DAPK1/CDKN2A,12,Multicellular non-vertebrate
GO:0043491,phosphatidylinositol 3-kinase/protein kinase B signal transduction,11/139,354/18860,0.031073446327683617,4.216152501727432,5.263615953310207,6.408090749559839e-5,9.58716953700381e-4,5.95986020499049e-4,IRS1/TWIST1/TGFB1/THBS1/ITGB1/APP/HGF/GATA3/EP300/PTEN/KLF4,11,Multicellular non-vertebrate
GO:0030900,forebrain development,12/139,419/18860,0.028639618138424822,3.885922288422246,5.147562384328667,6.484763722254883e-5,9.660061820738308e-4,6.005173664755997e-4,SKI/BMP4/NKX2-1/CASP3/DLC1/CDH1/PAX5/LMX1A/RRM1/EPHB3/PTEN/SLIT2,12,Multicellular non-vertebrate
GO:1903844,regulation of cellular response to transforming growth factor beta stimulus,8/139,184/18860,0.043478260869565216,5.899280575539568,5.754419238857422,6.687108470847928e-5,9.918732564485166e-4,6.165976231759936e-4,SKI/SMAD4/NKX2-1/THBS1/BRMS1/SOX11/HTRA1/EP300,8,Multicellular non-vertebrate
GO:0007009,plasma membrane organization,8/139,185/18860,0.043243243243243246,5.867392572428544,5.732633044542104,6.946473467709512e-5,0.001025940696769405,6.377756341698208e-4,MTSS1/CD9/EPB41L3/NDRG1/BIN1/GSN/PTEN/VMP1,8,Multicellular non-vertebrate
GO:2001238,positive regulation of extrinsic apoptotic signaling pathway,5/139,59/18860,0.0847457627118644,11.498597731983903,6.95935571608833,7.35710203554291e-5,0.0010819636014823956,6.72602251043363e-4,TNFSF10/MAL/SFRP1/THBS1/APP,5,Multicellular non-vertebrate
GO:0003401,axis elongation,4/139,31/18860,0.12903225806451613,17.507542353214202,7.9259594873219035,7.61679414583224e-5,0.0011154084986439077,6.933932583248708e-4,TGFB1/BMP4/SFRP1/ESR1,4,Multicellular non-vertebrate
GO:0046051,UTP metabolic process,3/139,12/18860,0.25,33.92086330935252,9.829499631876933,8.2093484590713e-5,0.0011821461781062674,7.348807107440582e-4,NME3/NME1/NME2,3,Multicellular non-vertebrate
GO:0048635,negative regulation of muscle organ development,3/139,12/18860,0.25,33.92086330935252,9.829499631876933,8.2093484590713e-5,0.0011821461781062674,7.348807107440582e-4,TWIST1/TGFB1/BMP4,3,Multicellular non-vertebrate
GO:1901862,negative regulation of muscle tissue development,3/139,12/18860,0.25,33.92086330935252,9.829499631876933,8.2093484590713e-5,0.0011821461781062674,7.348807107440582e-4,TWIST1/TGFB1/BMP4,3,Multicellular non-vertebrate
GO:1902043,positive regulation of extrinsic apoptotic signaling pathway via death domain receptors,3/139,12/18860,0.25,33.92086330935252,9.829499631876933,8.2093484590713e-5,0.0011821461781062674,7.348807107440582e-4,MAL/SFRP1/THBS1,3,Multicellular non-vertebrate
GO:0014706,striated muscle tissue development,12/139,430/18860,0.027906976744186046,3.786514974067258,5.0365731986667965,8.296196561816282e-5,0.001189695241395729,7.395735829948473e-4,CXADR/TWIST1/SKI/TGFB1/BMP4/SMAD4/ITGB1/PAX5/SOX11/DMD/MYO18B/EP300,12,Multicellular non-vertebrate
GO:0034612,response to tumor necrosis factor,9/139,244/18860,0.036885245901639344,5.004717537445453,5.425325837456296,8.342489256490197e-5,0.001191390201257443,7.406272541320789e-4,CASP3/CASP8/SFRP1/THBS1/MMP8/POSTN/GATA3/DICER1/SYK,9,Multicellular non-vertebrate
GO:0048565,digestive tract development,7/139,141/18860,0.04964539007092199,6.736057962140926,5.890931518043119,8.438459066730474e-5,0.0012001364006016674,7.460643255445916e-4,SPDEF/TP63/TGFB1/SFRP1/PKD1/SOX11/EPHB3,7,Multicellular non-vertebrate
GO:0001658,branching involved in ureteric bud morphogenesis,5/139,61/18860,0.08196721311475409,11.121594527656562,6.822580800136281,8.640020525743368e-5,0.0012237668416790605,7.607541800277056e-4,GPC3/TGFB1/BMP4/SMAD4/MAGED1,5,Multicellular non-vertebrate
GO:0042129,regulation of T cell proliferation,8/139,192/18860,0.041666666666666664,5.653477218225419,5.584464301800121,9.006558992933955e-5,0.001270476239982847,7.897910592729626e-4,LGALS9/TGFB1/BMP4/CASP3/PLA2G2A/SYK/TYK2/CDKN2A,8,Multicellular non-vertebrate
GO:0007044,cell-substrate junction assembly,6/139,99/18860,0.06060606060606061,8.223239590146065,6.209031093177318,9.185959270601414e-5,0.0012905152536259548,8.022483042917196e-4,SFRP1/THBS1/ITGA2/DLC1/TNS1/PTEN,6,Multicellular non-vertebrate
GO:0042306,regulation of protein import into nucleus,5/139,62/18860,0.08064516129032258,10.942213970758877,6.75655531162196,9.342668898260046e-5,0.0013072171543476404,8.126310343638932e-4,TGFB1/BMP4/CDH1/EP300/JUP,5,Multicellular non-vertebrate
GO:0045580,regulation of T cell differentiation,8/139,194/18860,0.041237113402061855,5.595193947934436,5.543464736500937,9.68033986065452e-5,0.001349002199936372,8.38606691663662e-4,LGALS9/TGFB1/BMP4/RUNX3/GATA3/EP300/SYK/CDKN2A,8,Multicellular non-vertebrate
GO:0032640,tumor necrosis factor production,8/139,196/18860,0.04081632653061224,5.538100132139186,5.503030955432011,1.0395364112606923e-4,0.001425649935443235,8.862547265593455e-4,TWIST1/LGALS9/TGFB1/THBS1/APP/MMP8/DICER1/SYK,8,Multicellular non-vertebrate
GO:0032680,regulation of tumor necrosis factor production,8/139,196/18860,0.04081632653061224,5.538100132139186,5.503030955432011,1.0395364112606923e-4,0.001425649935443235,8.862547265593455e-4,TWIST1/LGALS9/TGFB1/THBS1/APP/MMP8/DICER1/SYK,8,Multicellular non-vertebrate
GO:0048736,appendage development,8/139,196/18860,0.04081632653061224,5.538100132139186,5.503030955432011,1.0395364112606923e-4,0.001425649935443235,8.862547265593455e-4,HOXA10/TWIST1/SKI/TP63/GPC3/BMP4/SMAD4/RECK,8,Multicellular non-vertebrate
GO:0060173,limb development,8/139,196/18860,0.04081632653061224,5.538100132139186,5.503030955432011,1.0395364112606923e-4,0.001425649935443235,8.862547265593455e-4,HOXA10/TWIST1/SKI/TP63/GPC3/BMP4/SMAD4/RECK,8,Multicellular non-vertebrate
GO:0050868,negative regulation of T cell activation,7/139,146/18860,0.04794520547945205,6.50537104562925,5.7541597988261195,1.0501423297284447e-4,0.0014325337420674428,8.905340422635389e-4,LGALS9/TGFB1/BMP4/CASP3/PLA2G2A/RUNX3/CDKN2A,7,Multicellular non-vertebrate
GO:0030098,lymphocyte differentiation,12/139,441/18860,0.027210884353741496,3.6920667547594572,4.929175762854909,1.0528459794129933e-4,0.0014325337420674428,8.905340422635389e-4,IRF8/LGALS9/TGFB1/BMP4/SFRP1/ITGB1/RUNX3/PAX5/GATA3/EP300/SYK/CDKN2A,12,Multicellular non-vertebrate
GO:0060442,branching involved in prostate gland morphogenesis,3/139,13/18860,0.23076923076923078,31.311566131710016,9.420222172836151,1.0614593343255482e-4,0.0014385895919329782,8.94298658971494e-4,BMP4/SFRP1/ESR1,3,Multicellular non-vertebrate
GO:0007565,female pregnancy,8/139,197/18860,0.04060913705583756,5.5099879487273125,5.483021832589426,1.0768947641048599e-4,0.0014509564808487694,9.019865306445963e-4,LGALS9/TIMP1/TGFB1/ESR1/RECK/ITGA2/VMP1/ARHGDIB,8,Multicellular non-vertebrate
GO:0046651,lymphocyte proliferation,10/139,312/18860,0.03205128205128205,4.348828629404169,5.139535686868419,1.0789809478533963e-4,0.0014509564808487694,9.019865306445963e-4,LGALS9/AHR/TGFB1/BMP4/CASP3/PLA2G2A/SOX11/SYK/TYK2/CDKN2A,10,Multicellular non-vertebrate
GO:0010596,negative regulation of endothelial cell migration,6/139,102/18860,0.058823529411764705,7.981379602200593,6.091865156176181,1.084145620989502e-4,0.0014522508783487284,9.027911923458074e-4,SERPINF1/TGFB1/THBS1/KLF4/JUP/SLIT2,6,Multicellular non-vertebrate
GO:0032755,positive regulation of interleukin-6 production,6/139,103/18860,0.05825242718446602,7.903890479849131,6.053869086500532,1.1443047709334207e-4,0.0015210451109022702,9.455571001923529e-4,TWIST1/LGALS9/TGFB1/APP/SYK/NOS2,6,Multicellular non-vertebrate
GO:0071346,cellular response to type II interferon,6/139,103/18860,0.05825242718446602,7.903890479849131,6.053869086500532,1.1443047709334207e-4,0.0015210451109022702,9.455571001923529e-4,IRF8/LGALS9/GSN/TYK2/NOS2/DAPK1,6,Multicellular non-vertebrate
GO:1902107,positive regulation of leukocyte differentiation,8/139,199/18860,0.04020100502512563,5.454611185423521,5.443410588463002,1.1549501574999577e-4,0.0015234762382900205,9.4706840958514e-4,LGALS9/TGFB1/CASP8/RUNX3/GATA3/EP300/SYK/KLF10,8,Multicellular non-vertebrate
GO:1903708,positive regulation of hemopoiesis,8/139,199/18860,0.04020100502512563,5.454611185423521,5.443410588463002,1.1549501574999577e-4,0.0015234762382900205,9.4706840958514e-4,LGALS9/TGFB1/CASP8/RUNX3/GATA3/EP300/SYK/KLF10,8,Multicellular non-vertebrate
GO:0043627,response to estrogen,5/139,65/18860,0.07692307692307693,10.437188710570007,6.567201797671688,1.1716389118388931e-4,0.001539613718370804,9.571002677859439e-4,HOXA10/SFRP1/ESR1/GATA3/EP300,5,Multicellular non-vertebrate
GO:0071706,tumor necrosis factor superfamily cytokine production,8/139,201/18860,0.03980099502487562,5.400336447260103,5.4043309788591065,1.237627571763861e-4,0.0015972376685777394,9.929221739666076e-4,TWIST1/LGALS9/TGFB1/THBS1/APP/MMP8/DICER1/SYK,8,Multicellular non-vertebrate
GO:1903555,regulation of tumor necrosis factor superfamily cytokine production,8/139,201/18860,0.03980099502487562,5.400336447260103,5.4043309788591065,1.237627571763861e-4,0.0015972376685777394,9.929221739666076e-4,TWIST1/LGALS9/TGFB1/THBS1/APP/MMP8/DICER1/SYK,8,Multicellular non-vertebrate
GO:0048333,mesodermal cell differentiation,4/139,35/18860,0.11428571428571428,15.506680369989724,7.401790364010783,1.2388618023225365e-4,0.0015972376685777394,9.929221739666076e-4,BMP4/ITGA2/ITGB1/KLF4,4,Multicellular non-vertebrate
GO:0045861,negative regulation of proteolysis,7/139,150/18860,0.04666666666666667,6.33189448441247,5.649272069108434,1.2432202918038538e-4,0.0015972376685777394,9.929221739666076e-4,GAS1/TIMP1/TIMP2/TIMP3/TIMP4/THBS1/CDKN2A,7,Multicellular non-vertebrate
GO:0071675,regulation of mononuclear cell migration,7/139,150/18860,0.04666666666666667,6.33189448441247,5.649272069108434,1.2432202918038538e-4,0.0015972376685777394,9.929221739666076e-4,LGALS9/TGFB1/THBS1/CD9/APP/MED23/SLIT2,7,Multicellular non-vertebrate
GO:2000377,regulation of reactive oxygen species metabolic process,7/139,150/18860,0.04666666666666667,6.33189448441247,5.649272069108434,1.2432202918038538e-4,0.0015972376685777394,9.929221739666076e-4,CRYAB/TGFB1/THBS1/APP/SHC1/GNAI2/SYK,7,Multicellular non-vertebrate
GO:0051402,neuron apoptotic process,10/139,318/18860,0.031446540880503145,4.266775259038052,5.062403271786842,1.2610957712354652e-4,0.0016142025871813956,0.001003468409002567,TP63/TGFB1/CASP3/CASP8/CASP5/THRB/MAP2K4/APP/GATA3/SET,10,Multicellular non-vertebrate
GO:0034762,regulation of transmembrane transport,12/139,450/18860,0.02666666666666667,3.618225419664269,4.843826807058312,1.2721991126920083e-4,0.0016191832198217263,0.0010065646173416617,IRS1/GPC3/TGFB1/THBS1/CD63/NTSR1/ITGB1/BIN1/DMD/DAPK1/LRRC26/VMP1,12,Multicellular non-vertebrate
GO:0007179,transforming growth factor beta receptor signaling pathway,9/139,258/18860,0.03488372093023256,4.733143717584072,5.202438456358062,1.274357163748581e-4,0.0016191832198217263,0.0010065646173416617,SKI/TGFB1/SMAD4/NKX2-1/THBS1/BRMS1/SOX11/HTRA1/EP300,9,Multicellular non-vertebrate
GO:0042176,regulation of protein catabolic process,11/139,383/18860,0.028720626631853787,3.8969138005522477,4.93538957075853,1.2869157946666194e-4,0.001629150544457083,0.0010127608008153348,TIMP1/TIMP2/TIMP3/TIMP4/GPC3/SMAD4/APP/PKD1/CDH1/ZDHHC2/NOS2,11,Multicellular non-vertebrate
GO:0032943,mononuclear cell proliferation,10/139,319/18860,0.03134796238244514,4.253399788006584,5.049732901773225,1.2938412064732413e-4,0.0016319398575078549,0.0010144947761858954,LGALS9/AHR/TGFB1/BMP4/CASP3/PLA2G2A/SOX11/SYK/TYK2/CDKN2A,10,Multicellular non-vertebrate
GO:0002040,sprouting angiogenesis,8/139,203/18860,0.03940886699507389,5.347131162065422,5.365770159332477,1.325137067387723e-4,0.0016653358926879893,0.0010352554084357294,TGFB1/BMP4/THBS1/RECK/ITGB1/CREB3L1/KLF4/SLIT2,8,Multicellular non-vertebrate
GO:0006241,CTP biosynthetic process,3/139,14/18860,0.21428571428571427,29.075025693730726,9.054756912843848,1.3436643543497738e-4,0.001682501452403195,0.0010459263719404608,NME3/NME1/NME2,3,Multicellular non-vertebrate
GO:0033157,regulation of intracellular protein transport,7/139,152/18860,0.046052631578947366,6.248580083301779,5.598248213676598,1.3500401793753724e-4,0.001682681567055561,0.001046038340143884,TGFB1/BMP4/CDH1/EP300/ZDHHC2/CDKN2A/JUP,7,Multicellular non-vertebrate
GO:0060537,muscle tissue development,12/139,453/18860,0.026490066225165563,3.5942636619181476,4.8158606970753866,1.3535459364625172e-4,0.001682681567055561,0.001046038340143884,CXADR/TWIST1/SKI/TGFB1/BMP4/SMAD4/ITGB1/PAX5/SOX11/DMD/MYO18B/EP300,12,Multicellular non-vertebrate
GO:0051146,striated muscle cell differentiation,10/139,321/18860,0.03115264797507788,4.2268988547479776,5.024547146143663,1.3614933223232882e-4,0.001686494954103686,0.0010484089307156504,CXADR/SKI/TGFB1/BMP4/SMAD4/CASP3/BHLHE41/CD9/ITGB1/MYO18B,10,Multicellular non-vertebrate
GO:0035137,hindlimb morphogenesis,4/139,36/18860,0.1111111111111111,15.07593924860112,7.284082999980151,1.3857866062652054e-4,0.001710456611161625,0.0010633046854839415,TWIST1/TP63/GPC3/BMP4,4,Multicellular non-vertebrate
GO:0008585,female gonad development,6/139,107/18860,0.056074766355140186,7.608417938546358,5.906853805335058,1.4119792851723909e-4,0.0017365837756426273,0.0010795466270975276,SMAD4/CASP3/SFRP1/ESR1/IDH1/SLIT2,6,Multicellular non-vertebrate
GO:0008584,male gonad development,7/139,154/18860,0.045454545454545456,6.167429692609549,5.548130663418953,1.46419180485193e-4,0.001777641171238106,0.0011050699410626748,HOXA10/SMAD4/NKX2-1/SFRP1/ESR1/GATA3/RRM1,7,Multicellular non-vertebrate
GO:2001235,positive regulation of apoptotic signaling pathway,7/139,154/18860,0.045454545454545456,6.167429692609549,5.548130663418953,1.46419180485193e-4,0.001777641171238106,0.0011050699410626748,TNFSF10/MAL/TP63/SFRP1/THBS1/APP/MAGED1,7,Multicellular non-vertebrate
GO:0055001,muscle cell development,8/139,206/18860,0.038834951456310676,5.269260319899419,5.308874631103732,1.4659367297536465e-4,0.001777641171238106,0.0011050699410626748,CXADR/SKI/BMP4/SMAD4/ITGB1/BIN1/DMD/MYO18B,8,Multicellular non-vertebrate
GO:1902806,regulation of cell cycle G1/S phase transition,8/139,206/18860,0.038834951456310676,5.269260319899419,5.308874631103732,1.4659367297536465e-4,0.001777641171238106,0.0011050699410626748,MTBP/TP63/PKD1/RRM1/SENP2/PTEN/KLF4/CDKN2A,8,Multicellular non-vertebrate
GO:0046546,development of primary male sexual characteristics,7/139,155/18860,0.04516129032258064,6.12763982362497,5.523402769606567,1.5241331055891296e-4,0.0018353324086815442,0.001140933676327678,HOXA10/SMAD4/NKX2-1/SFRP1/ESR1/GATA3/RRM1,7,Multicellular non-vertebrate
GO:0055123,digestive system development,7/139,155/18860,0.04516129032258064,6.12763982362497,5.523402769606567,1.5241331055891296e-4,0.0018353324086815442,0.001140933676327678,SPDEF/TP63/TGFB1/SFRP1/PKD1/SOX11/EPHB3,7,Multicellular non-vertebrate
GO:0090183,regulation of kidney development,4/139,37/18860,0.10810810810810811,14.66848143107136,7.170986695921707,1.544918719672728e-4,0.0018539024636072738,0.00115247774373247,TGFB1/BMP4/MAGED1/GATA3,4,Multicellular non-vertebrate
GO:0048863,stem cell differentiation,9/139,265/18860,0.033962264150943396,4.608117279761096,5.096918625628248,1.5586711944136087e-4,0.0018565300188181763,0.0011541111624049397,TWIST1/TP63/BMP4/SMAD4/SFRP1/ESR1/ITGB1/SEMA3F/FOXO4,9,Multicellular non-vertebrate
GO:0048709,oligodendrocyte differentiation,6/139,109/18860,0.05504587155963303,7.468813939673949,5.836169554180102,1.5632240609840547e-4,0.0018565300188181763,0.0011541111624049397,MAL/TGFB1/NKX2-1/CD9/SOX11/PTEN,6,Multicellular non-vertebrate
GO:0150115,cell-substrate junction organization,6/139,109/18860,0.05504587155963303,7.468813939673949,5.836169554180102,1.5632240609840547e-4,0.0018565300188181763,0.0011541111624049397,SFRP1/THBS1/ITGA2/DLC1/TNS1/PTEN,6,Multicellular non-vertebrate
GO:0030177,positive regulation of Wnt signaling pathway,7/139,156/18860,0.04487179487179487,6.0883600811658365,5.498890832536091,1.5860481143822297e-4,0.0018771857134606115,0.0011669517669265072,SKI/GPC5/GPC3/TGFB1/SFRP1/RECK/JUP,7,Multicellular non-vertebrate
GO:0014013,regulation of gliogenesis,6/139,110/18860,0.05454545454545454,7.400915631131459,5.801496281272286,1.6435048605770668e-4,0.0019385504430560897,0.001205099127155665,SKI/TGFB1/SOX11/BIN1/DICER1/CERS2,6,Multicellular non-vertebrate
GO:0043588,skin development,10/139,329/18860,0.030395136778115502,4.124117119678117,4.9258143139314665,1.6628122189992682e-4,0.001950453878572257,0.0012124988932035747,TP63/SMAD4/CASP3/ITGA2/PKD1/TXNIP/NME2/KLF4/CDKN2A/JUP,10,Multicellular non-vertebrate
GO:0009209,pyrimidine ribonucleoside triphosphate biosynthetic process,3/139,15/18860,0.2,27.136690647482013,8.725701760948807,1.6705276274808683e-4,0.001950453878572257,0.0012124988932035747,NME3/NME1/NME2,3,Multicellular non-vertebrate
GO:0071639,positive regulation of monocyte chemotactic protein-1 production,3/139,15/18860,0.2,27.136690647482013,8.725701760948807,1.6705276274808683e-4,0.001950453878572257,0.0012124988932035747,TWIST1/LGALS9/SYK,3,Multicellular non-vertebrate
GO:1905332,positive regulation of morphogenesis of an epithelium,4/139,38/18860,0.10526315789473684,14.282468761832638,7.0621985881835485,1.716849890562395e-4,0.001997788963563514,0.0012419247303341655,TGFB1/BMP4/MAGED1/GATA3,4,Multicellular non-vertebrate
GO:0046545,development of primary female sexual characteristics,6/139,111/18860,0.05405405405405406,7.33424071553568,5.767255702504609,1.7270119798469267e-4,0.002002870269245295,0.0012450835220302286,SMAD4/CASP3/SFRP1/ESR1/IDH1/SLIT2,6,Multicellular non-vertebrate
GO:0048662,negative regulation of smooth muscle cell proliferation,5/139,71/18860,0.07042253521126761,9.555172763197893,6.22312227074775,1.7826978618223154e-4,0.0020491246423033275,0.0012738375350088607,BMP4/NDRG2/PDCD4/PTEN/KLF4,5,Multicellular non-vertebrate
GO:2000379,positive regulation of reactive oxygen species metabolic process,5/139,71/18860,0.07042253521126761,9.555172763197893,6.22312227074775,1.7826978618223154e-4,0.0020491246423033275,0.0012738375350088607,TGFB1/THBS1/APP/GNAI2/SYK,5,Multicellular non-vertebrate
GO:0007623,circadian rhythm,8/139,212/18860,0.03773584905660377,5.1201303108456635,5.1983433474707175,1.7846832098764514e-4,0.0020491246423033275,0.0012738375350088607,AHR/NKX2-1/BHLHE41/MAGED1/EP300/PTEN/KLF10/NOS2,8,Multicellular non-vertebrate
GO:0007015,actin filament organization,12/139,469/18860,0.0255863539445629,3.471644858952923,4.670593028238451,1.867053633410877e-4,0.002136601773863573,0.0013282176597391427,MTSS1/SFRP1/DLC1/BIN1/GSN/PFN1/DPYSL3/LIMA1/SLIT2/RND3/RHOBTB2/RNH1,12,Multicellular non-vertebrate
GO:0021955,central nervous system neuron axonogenesis,4/139,39/18860,0.10256410256410256,13.91625161409334,6.957443073491597,1.902179149690434e-4,0.0021651029639943795,0.0013459354134723832,DCC/EPHB3/PTEN/SLIT2,4,Multicellular non-vertebrate
GO:0022617,extracellular matrix disassembly,5/139,72/18860,0.06944444444444445,9.4224620303757,6.16974540208508,1.9044887183283893e-4,0.0021651029639943795,0.0013459354134723832,TIMP3/TGFB1/RECK/PLG/MMP8,5,Multicellular non-vertebrate
GO:0110053,regulation of actin filament organization,9/139,274/18860,0.032846715328467155,4.456755763272594,4.966531786280289,2.0003277044182126e-4,0.002266600834907981,0.001409031525355504,MTSS1/SFRP1/DLC1/BIN1/GSN/PFN1/LIMA1/SLIT2/RNH1,9,Multicellular non-vertebrate
GO:0030225,macrophage differentiation,5/139,73/18860,0.0684931506849315,9.293387208041786,6.1173997873098465,2.032524008284295e-4,0.002274166116992379,0.0014137344800138419,TGFB1/BMP4/CASP8/APP/GATA3,5,Multicellular non-vertebrate
GO:1904888,cranial skeletal system development,5/139,73/18860,0.0684931506849315,9.293387208041786,6.1173997873098465,2.032524008284295e-4,0.002274166116992379,0.0014137344800138419,TWIST1/TP63/TGFB1/BMP4/PAX5,5,Multicellular non-vertebrate
GO:0010763,positive regulation of fibroblast migration,3/139,16/18860,0.1875,25.440647482014388,8.427298154278889,2.0449557543259669e-4,0.002274166116992379,0.0014137344800138419,TGFB1/THBS1/ITGB1,3,Multicellular non-vertebrate
GO:0033599,regulation of mammary gland epithelial cell proliferation,3/139,16/18860,0.1875,25.440647482014388,8.427298154278889,2.0449557543259669e-4,0.002274166116992379,0.0014137344800138419,GATA3/KDM5B/CDKN2A,3,Multicellular non-vertebrate
GO:0046036,CTP metabolic process,3/139,16/18860,0.1875,25.440647482014388,8.427298154278889,2.0449557543259669e-4,0.002274166116992379,0.0014137344800138419,NME3/NME1/NME2,3,Multicellular non-vertebrate
GO:0050863,regulation of T cell activation,11/139,404/18860,0.027227722772277228,3.694351449533442,4.717135425813527,2.0464862916221927e-4,0.002274166116992379,0.0014137344800138419,LGALS9/TGFB1/BMP4/CASP3/PLA2G2A/RUNX3/GATA3/EP300/SYK/TYK2/CDKN2A,11,Multicellular non-vertebrate
GO:0044843,cell cycle G1/S phase transition,9/139,275/18860,0.03272727272727273,4.440549378678875,4.952392624688622,2.055259067632327e-4,0.002276594659531193,0.0014152441825362953,MTBP/TP63/ITGB1/PKD1/RRM1/SENP2/PTEN/KLF4/CDKN2A,9,Multicellular non-vertebrate
GO:0001818,negative regulation of cytokine production,11/139,405/18860,0.027160493827160494,3.6852295941024957,4.707107540798318,2.0905519409884435e-4,0.0022911125710140816,0.0014242692365496286,TWIST1/LGALS9/TGFB1/CASP3/THBS1/HGF/NDRG2/PDCD4/GATA3/DICER1/KLF4,11,Multicellular non-vertebrate
GO:0044703,multi-organism reproductive process,8/139,217/18860,0.03686635944700461,5.002154958061201,5.109378495679582,2.0920084434657778e-4,0.0022911125710140816,0.0014242692365496286,LGALS9/TIMP1/TGFB1/ESR1/RECK/ITGA2/VMP1/ARHGDIB,8,Multicellular non-vertebrate
GO:0051897,positive regulation of phosphatidylinositol 3-kinase/protein kinase B signal transduction,8/139,217/18860,0.03686635944700461,5.002154958061201,5.109378495679582,2.0920084434657778e-4,0.0022911125710140816,0.0014242692365496286,IRS1/TGFB1/THBS1/ITGB1/APP/HGF/GATA3/EP300,8,Multicellular non-vertebrate
GO:0034390,smooth muscle cell apoptotic process,4/139,40/18860,0.1,13.568345323741006,6.85646872860514,2.1015123987600228e-4,0.0022911125710140816,0.0014242692365496286,ESR1/MAP2K4/PDCD4/CDKN2A,4,Multicellular non-vertebrate
GO:0042307,positive regulation of protein import into nucleus,4/139,40/18860,0.1,13.568345323741006,6.85646872860514,2.1015123987600228e-4,0.0022911125710140816,0.0014242692365496286,TGFB1/CDH1/EP300/JUP,4,Multicellular non-vertebrate
GO:0061180,mammary gland epithelium development,5/139,74/18860,0.06756756756756757,9.1678008944196,6.066050926987813,2.1670154699556557e-4,0.0023550960579140708,0.0014640445462361779,TGFB1/ESR1/GATA3/KDM5B/CDKN2A,5,Multicellular non-vertebrate
GO:0032963,collagen metabolic process,6/139,116/18860,0.05172413793103448,7.0181096502108655,5.602220029339725,2.1962271065386566e-4,0.00237936077749141,0.0014791286997015009,TGFB1/BMP4/ITGA2/ITGB1/CREB3L1/MMP8,6,Multicellular non-vertebrate
GO:0003007,heart morphogenesis,9/139,278/18860,0.03237410071942446,4.392629781067233,4.910377136065667,2.2276429848881493e-4,0.0024058544236792013,0.0014955984645252346,TWIST1/TGFB1/BMP4/SMAD4/DLC1/PDCD4/SOX11/GATA3/SLIT2,9,Multicellular non-vertebrate
GO:0032386,regulation of intracellular transport,9/139,279/18860,0.03225806451612903,4.3768855883035505,4.896504019427978,2.2877091031539345e-4,0.002462088164999308,0.0015305561478933933,GAS1/CRYAB/TGFB1/BMP4/CDH1/EP300/ZDHHC2/CDKN2A/JUP,9,Multicellular non-vertebrate
GO:0007229,integrin-mediated signaling pathway,6/139,117/18860,0.05128205128205128,6.95812580704667,5.5703855582520685,2.3010835569872007e-4,0.002462088164999308,0.0015305561478933933,TIMP1/CD63/ITGA2/ITGB1/SYK/NME2,6,Multicellular non-vertebrate
GO:0090263,positive regulation of canonical Wnt signaling pathway,6/139,117/18860,0.05128205128205128,6.95812580704667,5.5703855582520685,2.3010835569872007e-4,0.002462088164999308,0.0015305561478933933,GPC5/GPC3/TGFB1/SFRP1/RECK/JUP,6,Multicellular non-vertebrate
GO:0040036,regulation of fibroblast growth factor receptor signaling pathway,4/139,41/18860,0.0975609756097561,13.237410071942445,6.759045645263237,2.3154620072194155e-4,0.002469826141034043,0.0015353664576786314,THBS1/ITGB1/CREB3L1/GATA3,4,Multicellular non-vertebrate
GO:0097305,response to alcohol,9/139,280/18860,0.03214285714285714,4.361253854059609,4.882695967780152,2.3491157389301663e-4,0.0024980135365362016,0.00155288914110331,AHR/TGFB1/CASP8/SFRP1/PTGER1/CDH1/GATA3/JUP/SLIT2,9,Multicellular non-vertebrate
GO:0034284,response to monosaccharide,8/139,222/18860,0.036036036036036036,4.88949381035712,5.023103502009982,2.4415325757534706e-4,0.0025801610348032836,0.0016039561013747265,SERPINF1/TGFB1/SMAD4/CASP3/THBS1/ITGA2/RASAL2/TXNIP,8,Multicellular non-vertebrate
GO:0022411,cellular component disassembly,12/139,483/18860,0.024844720496894408,3.371017471736896,4.548552593716866,2.444965434345896e-4,0.0025801610348032836,0.0016039561013747265,TIMP3/TGFB1/RECK/ITGB1/PLG/MMP8/GSN/LIMA1/DICER1/SET/NME1/VMP1,12,Multicellular non-vertebrate
GO:0046635,positive regulation of alpha-beta T cell activation,5/139,76/18860,0.06578947368421052,8.926542976145399,5.966213407468457,2.4562296888028945e-4,0.0025801610348032836,0.0016039561013747265,LGALS9/RUNX3/EP300/SYK/TYK2,5,Multicellular non-vertebrate
GO:0071260,cellular response to mechanical stimulus,5/139,76/18860,0.06578947368421052,8.926542976145399,5.966213407468457,2.4562296888028945e-4,0.0025801610348032836,0.0016039561013747265,TGFB1/CASP8/CASP5/ITGA2/MAP2K4,5,Multicellular non-vertebrate
GO:0001558,regulation of cell growth,11/139,414/18860,0.026570048309178744,3.6051159072741803,4.618259453781067,2.5246775326314796e-4,0.0026440259250831498,0.0016436576855186123,LGI1/CRYAB/TGFB1/SMAD4/DCC/SFRP1/SEMA3F/CDH1/LMX1A/CDKN2A/SLIT2,11,Multicellular non-vertebrate
GO:1902904,negative regulation of supramolecular fiber organization,7/139,169/18860,0.04142011834319527,5.620024690306926,5.198446620316887,2.5936191604389503e-4,0.0026922680946678767,0.0016736474114330947,CRYAB/SMAD4/DLC1/GSN/PFN1/LIMA1/SLIT2,7,Multicellular non-vertebrate
GO:0009952,anterior/posterior pattern specification,8/139,224/18860,0.03571428571428571,4.845837615621789,4.98931368997212,2.594112487049777e-4,0.0026922680946678767,0.0016736474114330947,HOXA10/SKI/GPC3/BMP4/SMAD4/SFRP1/BHLHE41/EP300,8,Multicellular non-vertebrate
GO:0042098,T cell proliferation,8/139,224/18860,0.03571428571428571,4.845837615621789,4.98931368997212,2.594112487049777e-4,0.0026922680946678767,0.0016736474114330947,LGALS9/TGFB1/BMP4/CASP3/PLA2G2A/SYK/TYK2/CDKN2A,8,Multicellular non-vertebrate
GO:0003281,ventricular septum development,5/139,77/18860,0.06493506493506493,8.810613846585069,5.917663406376695,2.611391618404057e-4,0.00270208665664803,0.0016797511166601576,BMP4/SMAD4/SOX11/GATA3/SLIT2,5,Multicellular non-vertebrate
GO:0044344,cellular response to fibroblast growth factor stimulus,6/139,120/18860,0.05,6.784172661870503,5.477082554670367,2.6394877831088163e-4,0.0027230059040071848,0.0016927555586253242,THBS1/ITGB1/CREB3L1/POSTN/GATA3/KDM5B,6,Multicellular non-vertebrate
GO:0071356,cellular response to tumor necrosis factor,8/139,226/18860,0.035398230088495575,4.802954096899472,4.9559220408527,2.7544171708510757e-4,0.002831029156137046,0.0017599081711975242,CASP8/SFRP1/THBS1/MMP8/POSTN/GATA3/DICER1/SYK,8,Multicellular non-vertebrate
GO:0046822,regulation of nucleocytoplasmic transport,6/139,121/18860,0.049586776859504134,6.728105119210418,5.446690120998468,2.7605810926452097e-4,0.002831029156137046,0.0017599081711975242,TGFB1/BMP4/CDH1/EP300/CDKN2A/JUP,6,Multicellular non-vertebrate
GO:0071496,cellular response to external stimulus,5/139,78/18860,0.0641025641025641,8.697657258808338,5.869987305567395,2.773887974796845e-4,0.0028356375900222305,0.001762773002325589,TGFB1/CASP8/CASP5/ITGA2/MAP2K4,5,Multicellular non-vertebrate
GO:0032965,regulation of collagen biosynthetic process,4/139,43/18860,0.09302325581395349,12.621716580224192,6.574027616224548,2.789689758702426e-4,0.0028356375900222305,0.001762773002325589,TGFB1/BMP4/ITGA2/CREB3L1,4,Multicellular non-vertebrate
GO:1904706,negative regulation of vascular associated smooth muscle cell proliferation,4/139,43/18860,0.09302325581395349,12.621716580224192,6.574027616224548,2.789689758702426e-4,0.0028356375900222305,0.001762773002325589,BMP4/NDRG2/PDCD4/PTEN,4,Multicellular non-vertebrate
GO:0044706,multi-multicellular organism process,8/139,227/18860,0.03524229074889868,4.781795708807404,4.9393728480917085,2.8375581245223077e-4,0.0028758360347064795,0.0017877623497916438,LGALS9/TIMP1/TGFB1/ESR1/RECK/ITGA2/VMP1/ARHGDIB,8,Multicellular non-vertebrate
GO:0009208,pyrimidine ribonucleoside triphosphate metabolic process,3/139,18/18860,0.16666666666666666,22.613908872901675,7.905116555004058,2.947783660616928e-4,0.0029614942822942156,0.0018410117660095317,NME3/NME1/NME2,3,Multicellular non-vertebrate
GO:0043217,myelin maintenance,3/139,18/18860,0.16666666666666666,22.613908872901675,7.905116555004058,2.947783660616928e-4,0.0029614942822942156,0.0018410117660095317,EPB41L3/NDRG1/PTEN,3,Multicellular non-vertebrate
GO:0097094,craniofacial suture morphogenesis,3/139,18/18860,0.16666666666666666,22.613908872901675,7.905116555004058,2.947783660616928e-4,0.0029614942822942156,0.0018410117660095317,TWIST1/TGFB1/BMP4,3,Multicellular non-vertebrate
GO:0032309,icosanoid secretion,4/139,44/18860,0.09090909090909091,12.334859385219097,6.486061042384645,3.051221468192592e-4,0.0030476940445299415,0.0018945978145972254,PLA2G2A/NTSR1/SYK/NOS2,4,Multicellular non-vertebrate
GO:0060251,regulation of glial cell proliferation,4/139,44/18860,0.09090909090909091,12.334859385219097,6.486061042384645,3.051221468192592e-4,0.0030476940445299415,0.0018945978145972254,SKI/SOX11/DICER1/CERS2,4,Multicellular non-vertebrate
GO:0021537,telencephalon development,9/139,291/18860,0.030927835051546393,4.196395460950827,4.734945127499296,3.1199170002611944e-4,0.0030966107561954124,0.0019250068693332228,SKI/BMP4/NKX2-1/CASP3/PAX5/LMX1A/EPHB3/PTEN/SLIT2,9,Multicellular non-vertebrate
GO:0030111,regulation of Wnt signaling pathway,10/139,356/18860,0.028089887640449437,3.8113329561070244,4.614309080580872,3.127075098125576e-4,0.0030966107561954124,0.0019250068693332228,SKI/GPC5/GPC3/TGFB1/SMAD4/SFRP1/RECK/APP/SENP2/JUP,10,Multicellular non-vertebrate
GO:0070661,leukocyte proliferation,10/139,356/18860,0.028089887640449437,3.8113329561070244,4.614309080580872,3.127075098125576e-4,0.0030966107561954124,0.0019250068693332228,LGALS9/AHR/TGFB1/BMP4/CASP3/PLA2G2A/SOX11/SYK/TYK2/CDKN2A,10,Multicellular non-vertebrate
GO:0030510,regulation of BMP signaling pathway,6/139,124/18860,0.04838709677419355,6.565328382455325,5.357539817889469,3.1502342826528825e-4,0.003101769139842838,0.0019282135765165793,SKI/GPC3/BMP4/SFRP1/SOX11/HTRA1,6,Multicellular non-vertebrate
GO:0046634,regulation of alpha-beta T cell activation,6/139,124/18860,0.04838709677419355,6.565328382455325,5.357539817889469,3.1502342826528825e-4,0.003101769139842838,0.0019282135765165793,LGALS9/RUNX3/GATA3/EP300/SYK/TYK2,6,Multicellular non-vertebrate
GO:0048705,skeletal system morphogenesis,8/139,232/18860,0.034482758620689655,4.678739766807244,4.858051938017146,3.284662775035903e-4,0.0032203222231672692,0.002001912054545686,TWIST1/SKI/TGFB1/BMP4/SFRP1/PKD1/PAX5/SOX11,8,Multicellular non-vertebrate
GO:0045582,positive regulation of T cell differentiation,6/139,125/18860,0.048,6.512805755395683,5.328476525568678,3.28927588188092e-4,0.0032203222231672692,0.002001912054545686,LGALS9/TGFB1/RUNX3/GATA3/EP300/SYK,6,Multicellular non-vertebrate
GO:0034405,response to fluid shear stress,4/139,45/18860,0.08888888888888889,12.060751398880896,6.400899162841712,3.329875921666786e-4,0.003232598647550678,0.0020095436889775017,MTSS1/TGFB1/PKD1/KLF4,4,Multicellular non-vertebrate
GO:0042554,superoxide anion generation,4/139,45/18860,0.08888888888888889,12.060751398880896,6.400899162841712,3.329875921666786e-4,0.003232598647550678,0.0020095436889775017,TGFB1/APP/GNAI2/SYK,4,Multicellular non-vertebrate
GO:1990000,amyloid fibril formation,4/139,45/18860,0.08888888888888889,12.060751398880896,6.400899162841712,3.329875921666786e-4,0.003232598647550678,0.0020095436889775017,CRYAB/APP/GSN/CDKN2A,4,Multicellular non-vertebrate
GO:0002685,regulation of leukocyte migration,8/139,233/18860,0.034334763948497854,4.658659338623522,4.842065787510009,3.380635657952099e-4,0.0032726825865216956,0.0020344618540115685,LGALS9/TGFB1/THBS1/CD9/ITGA2/APP/MED23/SLIT2,8,Multicellular non-vertebrate
GO:0032635,interleukin-6 production,7/139,177/18860,0.03954802259887006,5.366012274925822,5.028639325959826,3.4346484057651804e-4,0.003297262469534573,0.002049741928703723,TWIST1/LGALS9/TGFB1/APP/HGF/SYK/NOS2,7,Multicellular non-vertebrate
GO:0032675,regulation of interleukin-6 production,7/139,177/18860,0.03954802259887006,5.366012274925822,5.028639325959826,3.4346484057651804e-4,0.003297262469534573,0.002049741928703723,TWIST1/LGALS9/TGFB1/APP/HGF/SYK/NOS2,7,Multicellular non-vertebrate
GO:1905475,regulation of protein localization to membrane,7/139,177/18860,0.03954802259887006,5.366012274925822,5.028639325959826,3.4346484057651804e-4,0.003297262469534573,0.002049741928703723,GPC5/GPC3/TGFB1/EPB41L3/ITGB1/GSN/ZDHHC2,7,Multicellular non-vertebrate
GO:0009148,pyrimidine nucleoside triphosphate biosynthetic process,3/139,19/18860,0.15789473684210525,21.423703142748955,7.67470204459706,3.481650432926402e-4,0.0033239182033684106,0.002066312455249429,NME3/NME1/NME2,3,Multicellular non-vertebrate
GO:0051895,negative regulation of focal adhesion assembly,3/139,19/18860,0.15789473684210525,21.423703142748955,7.67470204459706,3.481650432926402e-4,0.0033239182033684106,0.002066312455249429,THBS1/DLC1/PTEN,3,Multicellular non-vertebrate
GO:0046637,regulation of alpha-beta T cell differentiation,5/139,82/18860,0.06097560975609756,8.273381294964029,5.687492315925295,3.501804893702943e-4,0.0033339497830956947,0.002072548582875948,LGALS9/RUNX3/GATA3/EP300/SYK,5,Multicellular non-vertebrate
GO:0006606,protein import into nucleus,7/139,178/18860,0.03932584269662921,5.335866138549834,5.008139203322904,3.553575801934112e-4,0.003355507642482047,0.0020859500177588504,TGFB1/BMP4/CDH1/TXNIP/EP300/SYK/JUP,7,Multicellular non-vertebrate
GO:0046661,male sex differentiation,7/139,178/18860,0.03932584269662921,5.335866138549834,5.008139203322904,3.553575801934112e-4,0.003355507642482047,0.0020859500177588504,HOXA10/SMAD4/NKX2-1/SFRP1/ESR1/GATA3/RRM1,7,Multicellular non-vertebrate
GO:2000045,regulation of G1/S transition of mitotic cell cycle,7/139,178/18860,0.03932584269662921,5.335866138549834,5.008139203322904,3.553575801934112e-4,0.003355507642482047,0.0020859500177588504,MTBP/PKD1/RRM1/SENP2/PTEN/KLF4/CDKN2A,7,Multicellular non-vertebrate
GO:0042177,negative regulation of protein catabolic process,6/139,127/18860,0.047244094488188976,6.410241885231972,5.271292128842737,3.5817688111322967e-4,0.0033729136270499232,0.002096770441279512,TIMP1/TIMP2/TIMP3/TIMP4/SMAD4/NOS2,6,Multicellular non-vertebrate
GO:0048483,autonomic nervous system development,4/139,46/18860,0.08695652173913043,11.798561151079136,6.318390257341252,3.626292070877013e-4,0.003396332085894568,0.002111328517090282,TP63/SEMA3F/SOX11/GATA3,4,Multicellular non-vertebrate
GO:0060412,ventricular septum morphogenesis,4/139,46/18860,0.08695652173913043,11.798561151079136,6.318390257341252,3.626292070877013e-4,0.003396332085894568,0.002111328517090282,BMP4/SMAD4/SOX11/SLIT2,4,Multicellular non-vertebrate
GO:1903034,regulation of response to wounding,7/139,179/18860,0.03910614525139665,5.306056830513243,4.987792998741023,3.6757822191950276e-4,0.0034333792836589235,0.0021343588931371413,THBS1/CD9/ITGB1/PLG/PTEN/CERS2/KLF4,7,Multicellular non-vertebrate
GO:0071774,response to fibroblast growth factor,6/139,128/18860,0.046875,6.360161870503597,5.243158952776422,3.7354497188092346e-4,0.0034797073391387373,0.0021631587107645476,THBS1/ITGB1/CREB3L1/POSTN/GATA3/KDM5B,6,Multicellular non-vertebrate
GO:0072593,reactive oxygen species metabolic process,8/139,237/18860,0.03375527426160337,4.580032176790213,4.77901606189058,3.787703546332991e-4,0.003518898778528714,0.0021875220537820135,CRYAB/TGFB1/THBS1/APP/SHC1/GNAI2/SYK/NOS2,8,Multicellular non-vertebrate
GO:0034341,response to type II interferon,6/139,129/18860,0.046511627906976744,6.310858290112096,5.21532401512396,3.8942423044463986e-4,0.003608177320151945,0.0022430220243756455,IRF8/LGALS9/GSN/TYK2/NOS2/DAPK1,6,Multicellular non-vertebrate
GO:0014014,negative regulation of gliogenesis,4/139,47/18860,0.0851063829787234,11.54752793509873,6.238393915303271,3.9411130893052726e-4,0.0036418414001708616,0.0022639492865950076,SKI/SOX11/DICER1/CERS2,4,Multicellular non-vertebrate
GO:0010639,negative regulation of organelle organization,10/139,367/18860,0.027247956403269755,3.69709681845804,4.496018532997885,3.974797782689013e-4,0.003663173636526194,0.002277210463008639,MTBP/BMP4/SMAD4/DLC1/HGF/GSN/PFN1/LIMA1/SLIT2/NAA10,10,Multicellular non-vertebrate
GO:0010594,regulation of endothelial cell migration,8/139,239/18860,0.03347280334728033,4.541705547695734,4.748015312561481,4.0057237062717936e-4,0.0036818566832115215,0.002288824771696733,SERPINF1/TGFB1/THBS1/PLG/GATA3/KLF4/JUP/SLIT2,8,Multicellular non-vertebrate
GO:0150118,negative regulation of cell-substrate junction organization,3/139,20/18860,0.15,20.35251798561151,7.461295445072767,4.0740180840281084e-4,0.0037346966839260326,0.002321672737540519,THBS1/DLC1/PTEN,3,Multicellular non-vertebrate
GO:0043542,endothelial cell migration,9/139,302/18860,0.029801324503311258,4.043546619657916,4.594307437064184,4.0892814445672596e-4,0.0037387716064614944,0.0023242059115460255,SERPINF1/TGFB1/THBS1/ITGB1/PLG/GATA3/KLF4/JUP/SLIT2,9,Multicellular non-vertebrate
GO:0007519,skeletal muscle tissue development,7/139,183/18860,0.03825136612021858,5.19007744623973,4.9079060931174325,4.1987274009612957e-4,0.003828707624728823,0.002380114602239135,TWIST1/SKI/TGFB1/PAX5/SOX11/DMD/EP300,7,Multicellular non-vertebrate
GO:0003002,regionalization,11/139,440/18860,0.025,3.3920863309352516,4.374823974648583,4.2296301259817543e-4,0.0038467372935244585,0.002391322738816831,HOXA10/SKI/TP63/GPC3/BMP4/SMAD4/NKX2-1/SFRP1/BHLHE41/SEMA3F/EP300,11,Multicellular non-vertebrate
GO:0051170,import into nucleus,7/139,184/18860,0.03804347826086957,5.161870503597123,4.8882988688385005,4.338332575408391e-4,0.003935243406984619,0.0024463425297440327,TGFB1/BMP4/CDH1/TXNIP/EP300/SYK/JUP,7,Multicellular non-vertebrate
GO:1903706,regulation of hemopoiesis,11/139,443/18860,0.024830699774266364,3.369115091673839,4.34791241571084,4.477369493537609e-4,0.0040507300967711985,0.002518134785425809,LGALS9/TGFB1/BMP4/CASP8/SFRP1/RUNX3/GATA3/EP300/SYK/KLF10/CDKN2A,11,Multicellular non-vertebrate
GO:0003231,cardiac ventricle development,6/139,133/18860,0.045112781954887216,6.1210580407854165,5.10685611728606,4.5829155350720225e-4,0.004135393234780394,0.0025707655921621544,TGFB1/BMP4/SMAD4/SOX11/GATA3/SLIT2,6,Multicellular non-vertebrate
GO:1902041,regulation of extrinsic apoptotic signaling pathway via death domain receptors,4/139,49/18860,0.08163265306122448,11.076200264278372,6.085427567533397,4.628561464176101e-4,0.004165705317758491,0.002589609086727912,MAL/SFRP1/THBS1/HGF,4,Multicellular non-vertebrate
GO:0021953,central nervous system neuron differentiation,8/139,245/18860,0.0326530612244898,4.430480105711349,4.65702571197021,4.7218514468105774e-4,0.004178536572446253,0.0025975856312021204,NKX2-1/DCC/SFRP1/ITGB1/LMX1A/EPHB3/PTEN/SLIT2,8,Multicellular non-vertebrate
GO:0060602,branch elongation of an epithelium,3/139,21/18860,0.14285714285714285,19.383350462487154,7.262858780179277,4.727453124497931e-4,0.004178536572446253,0.0025975856312021204,TGFB1/BMP4/ESR1,3,Multicellular non-vertebrate
GO:0071605,monocyte chemotactic protein-1 production,3/139,21/18860,0.14285714285714285,19.383350462487154,7.262858780179277,4.727453124497931e-4,0.004178536572446253,0.0025975856312021204,TWIST1/LGALS9/SYK,3,Multicellular non-vertebrate
GO:0071637,regulation of monocyte chemotactic protein-1 production,3/139,21/18860,0.14285714285714285,19.383350462487154,7.262858780179277,4.727453124497931e-4,0.004178536572446253,0.0025975856312021204,TWIST1/LGALS9/SYK,3,Multicellular non-vertebrate
GO:0072567,chemokine (C-X-C motif) ligand 2 production,3/139,21/18860,0.14285714285714285,19.383350462487154,7.262858780179277,4.727453124497931e-4,0.004178536572446253,0.0025975856312021204,TGFB1/POSTN/KLF4,3,Multicellular non-vertebrate
GO:0090189,regulation of branching involved in ureteric bud morphogenesis,3/139,21/18860,0.14285714285714285,19.383350462487154,7.262858780179277,4.727453124497931e-4,0.004178536572446253,0.0025975856312021204,TGFB1/BMP4/MAGED1,3,Multicellular non-vertebrate
GO:2000341,regulation of chemokine (C-X-C motif) ligand 2 production,3/139,21/18860,0.14285714285714285,19.383350462487154,7.262858780179277,4.727453124497931e-4,0.004178536572446253,0.0025975856312021204,TGFB1/POSTN/KLF4,3,Multicellular non-vertebrate
GO:0003206,cardiac chamber morphogenesis,6/139,134/18860,0.04477611940298507,6.075378503167614,5.080430730147774,4.7690680706849746e-4,0.004192413616365559,0.002606212290144404,TGFB1/BMP4/SMAD4/SOX11/GATA3/SLIT2,6,Multicellular non-vertebrate
GO:0050864,regulation of B cell activation,6/139,134/18860,0.04477611940298507,6.075378503167614,5.080430730147774,4.7690680706849746e-4,0.004192413616365559,0.002606212290144404,AHR/TGFB1/CASP3/SFRP1/SYK/CDKN2A,6,Multicellular non-vertebrate
GO:0043534,blood vessel endothelial cell migration,7/139,187/18860,0.0374331550802139,5.079059746854922,4.830321413025675,4.779545615879717e-4,0.004192413616365559,0.002606212290144404,TGFB1/THBS1/ITGB1/PLG/KLF4/JUP/SLIT2,7,Multicellular non-vertebrate
GO:0000082,G1/S transition of mitotic cell cycle,8/139,246/18860,0.032520325203252036,4.4124700239808154,4.64214554360184,4.850724076884476e-4,0.0042359056033676075,0.002633249066908287,MTBP/ITGB1/PKD1/RRM1/SENP2/PTEN/KLF4/CDKN2A,8,Multicellular non-vertebrate
GO:0048041,focal adhesion assembly,5/139,88/18860,0.056818181818181816,7.709287115761935,5.435814770845104,4.8536418371920506e-4,0.0042359056033676075,0.002633249066908287,SFRP1/THBS1/ITGA2/DLC1/PTEN,5,Multicellular non-vertebrate
GO:0071478,cellular response to radiation,7/139,188/18860,0.03723404255319149,5.0520434716056934,4.8112708924851,4.934319871763399e-4,0.004295468382069095,0.0026702762450667105,CRYAB/TIMP1/TGFB1/SFRP1/TRPM1/GATA3/EP300,7,Multicellular non-vertebrate
GO:0001704,formation of primary germ layer,6/139,135/18860,0.044444444444444446,6.030375699440448,5.054271903608344,4.961062441022506e-4,0.004307897436224568,0.002678002761736825,BMP4/ITGA2/ITGB1/MMP8/EP300/KLF4,6,Multicellular non-vertebrate
GO:0009743,response to carbohydrate,8/139,247/18860,0.032388663967611336,4.394605772871581,4.627344593412733,4.982437686546014e-4,0.004315615199173691,0.0026828005060652725,SERPINF1/TGFB1/SMAD4/CASP3/THBS1/ITGA2/RASAL2/TXNIP,8,Multicellular non-vertebrate
GO:0051150,regulation of smooth muscle cell differentiation,4/139,50/18860,0.08,10.854676258992805,6.012224302443163,5.002493194357975e-4,0.004322154119925291,0.0026868654236012176,TGFB1/BMP4/PDCD4/FOXO4,4,Multicellular non-vertebrate
GO:0014910,regulation of smooth muscle cell migration,5/139,89/18860,0.056179775280898875,7.622665912214049,5.3961790852143645,5.112434020092581e-4,0.004406127674174554,0.0027390675508620448,BMP4/ITGA2/POSTN/FOXO4/SLIT2,5,Multicellular non-vertebrate
GO:0055007,cardiac muscle cell differentiation,6/139,137/18860,0.043795620437956206,5.9423410176967915,5.002734807482707,5.363083672958259e-4,0.004610651038244712,0.0028662094204000544,CXADR/TGFB1/BMP4/SMAD4/ITGB1/MYO18B,6,Multicellular non-vertebrate
GO:0010171,body morphogenesis,4/139,51/18860,0.0784313725490196,10.64183946960079,5.941065494173795,5.397437885454072e-4,0.004623106538132183,0.002873952377049155,SKI/GPC3/TGFB1/EP300,4,Multicellular non-vertebrate
GO:0051495,positive regulation of cytoskeleton organization,7/139,191/18860,0.03664921465968586,4.972692003465291,4.754920506299615,5.42277062657118e-4,0.004623106538132183,0.002873952377049155,MTSS1/SFRP1/BIN1/GSN/PFN1/LIMA1/DRG1,7,Multicellular non-vertebrate
GO:0032288,myelin assembly,3/139,22/18860,0.13636363636363635,18.502289077828642,7.077681341489672,5.444457063135991e-4,0.004623106538132183,0.002873952377049155,CD9/EPB41L3/DICER1,3,Multicellular non-vertebrate
GO:0072111,cell proliferation involved in kidney development,3/139,22/18860,0.13636363636363635,18.502289077828642,7.077681341489672,5.444457063135991e-4,0.004623106538132183,0.002873952377049155,GPC3/BMP4/GATA3,3,Multicellular non-vertebrate
GO:2000725,regulation of cardiac muscle cell differentiation,3/139,22/18860,0.13636363636363635,18.502289077828642,7.077681341489672,5.444457063135991e-4,0.004623106538132183,0.002873952377049155,TGFB1/BMP4/SMAD4,3,Multicellular non-vertebrate
GO:0006909,phagocytosis,8/139,251/18860,0.03187250996015936,4.324572214738169,4.56891756634626,5.53864117701959e-4,0.00469155487935777,0.0029165032616865283,IRF8/TGFB1/THBS1/ITGA2/ITGB1/GSN/SYK/NOS2,8,Multicellular non-vertebrate
GO:0044092,negative regulation of molecular function,9/139,319/18860,0.02821316614420063,3.8280598092059273,4.389545582247628,6.066247067459125e-4,0.0051259046125033585,0.003186516603959355,TIMP1/TIMP2/ESR1/BRMS1/PDCD4/SOX11/GNAI2/RRP1B/CDKN2A,9,Multicellular non-vertebrate
GO:0019827,stem cell population maintenance,7/139,195/18860,0.035897435897435895,4.870688064932669,4.6815933833852315,6.133129493526461e-4,0.005166436370306398,0.0032117131553957602,SKI/TP63/SFRP1/BRMS1/KLF10/KLF4/CDKN2A,7,Multicellular non-vertebrate
GO:0002274,myeloid leukocyte activation,8/139,255/18860,0.03137254901960784,4.256735787840316,4.511697655540877,6.144112697326185e-4,0.005166436370306398,0.0032117131553957602,LGALS9/TGFB1/THBS1/PLA2G2A/APP/NDRG1/MMP8/SYK,8,Multicellular non-vertebrate
GO:0045621,positive regulation of lymphocyte differentiation,6/139,141/18860,0.0425531914893617,5.773763967549365,4.9026555871201305,6.242878545644632e-4,0.0052325390886816415,0.0032528058845026895,LGALS9/TGFB1/RUNX3/GATA3/EP300/SYK,6,Multicellular non-vertebrate
GO:0048546,digestive tract morphogenesis,4/139,53/18860,0.07547169811320754,10.240260621691327,5.8044971453071375,6.253005334564577e-4,0.0052325390886816415,0.0032528058845026895,TP63/SFRP1/SOX11/EPHB3,4,Multicellular non-vertebrate
GO:0009314,response to radiation,11/139,462/18860,0.023809523809523808,3.2305584104145253,4.1826496614932696,6.346220555695105e-4,0.005297714550841131,0.0032933221851445993,CRYAB/TIMP1/TGFB1/CASP3/SFRP1/ITGB1/TRPM1/APP/GATA3/RRM1/EP300,11,Multicellular non-vertebrate
GO:0002573,myeloid leukocyte differentiation,8/139,257/18860,0.0311284046692607,4.223609439296811,4.4835260370821395,6.466311638887093e-4,0.0053828685285614835,0.0033462581221960245,GPC3/TGFB1/BMP4/CASP8/SFRP1/APP/GATA3/KLF10,8,Multicellular non-vertebrate
GO:0007498,mesoderm development,6/139,142/18860,0.04225352112676056,5.733103657918735,4.878234523061107,6.479378784379563e-4,0.0053828685285614835,0.0033462581221960245,TP63/BMP4/SMAD4/ITGA2/ITGB1/KLF4,6,Multicellular non-vertebrate
GO:0060538,skeletal muscle organ development,7/139,197/18860,0.03553299492385787,4.821239455136399,4.645675243096267,6.515013743247133e-4,0.005399493404475322,0.0033565929698264295,TWIST1/SKI/TGFB1/PAX5/SOX11/DMD/EP300,7,Multicellular non-vertebrate
GO:0090316,positive regulation of intracellular protein transport,5/139,94/18860,0.05319148936170213,7.217204959436706,5.206854768220554,6.565275513527755e-4,0.005428132099222948,0.0033743962032511073,TGFB1/CDH1/EP300/ZDHHC2/JUP,5,Multicellular non-vertebrate
GO:0050771,negative regulation of axonogenesis,4/139,54/18860,0.07407407407407407,10.050626165734078,5.738911130878603,6.714953015492017e-4,0.005538634277217282,0.003443089839120514,DCC/SEMA3F/CDH1/PTEN,4,Multicellular non-vertebrate
GO:0014033,neural crest cell differentiation,5/139,95/18860,0.05263157894736842,7.141234380916319,5.170653073267745,6.889466511461892e-4,0.005655581060240451,0.00351578976119358,TWIST1/BMP4/SMAD4/SFRP1/SEMA3F,5,Multicellular non-vertebrate
GO:1904705,regulation of vascular associated smooth muscle cell proliferation,5/139,95/18860,0.05263157894736842,7.141234380916319,5.170653073267745,6.889466511461892e-4,0.005655581060240451,0.00351578976119358,BMP4/NDRG2/PDCD4/GNAI2/PTEN,5,Multicellular non-vertebrate
GO:0009147,pyrimidine nucleoside triphosphate metabolic process,3/139,24/18860,0.125,16.96043165467626,6.741524567459006,7.078858512223483e-4,0.005783578018497483,0.003595359020392716,NME3/NME1/NME2,3,Multicellular non-vertebrate
GO:0046641,positive regulation of alpha-beta T cell proliferation,3/139,24/18860,0.125,16.96043165467626,6.741524567459006,7.078858512223483e-4,0.005783578018497483,0.003595359020392716,LGALS9/SYK/TYK2,3,Multicellular non-vertebrate
GO:0098727,maintenance of cell number,7/139,200/18860,0.035,4.748920863309353,4.592695579763589,7.12299617170163e-4,0.005805913860707743,0.003609244087994793,SKI/TP63/SFRP1/BRMS1/KLF10/KLF4/CDKN2A,7,Multicellular non-vertebrate
GO:0032964,collagen biosynthetic process,4/139,55/18860,0.07272727272727272,9.867887508175277,5.675015603134264,7.200562904422107e-4,0.0058115173839434564,0.003612727516029664,TGFB1/BMP4/ITGA2/CREB3L1,4,Multicellular non-vertebrate
GO:0014909,smooth muscle cell migration,5/139,96/18860,0.052083333333333336,7.066846522781775,5.134972493594711,7.225490870488107e-4,0.0058115173839434564,0.003612727516029664,BMP4/ITGA2/POSTN/FOXO4/SLIT2,5,Multicellular non-vertebrate
GO:0097194,execution phase of apoptosis,5/139,96/18860,0.052083333333333336,7.066846522781775,5.134972493594711,7.225490870488107e-4,0.0058115173839434564,0.003612727516029664,CASP3/CASP8/DLC1/DICER1/NME1,5,Multicellular non-vertebrate
GO:0010212,response to ionizing radiation,6/139,145/18860,0.041379310344827586,5.614487720168692,4.8063433116848575,7.230765263587054e-4,0.0058115173839434564,0.003612727516029664,CRYAB/TGFB1/CASP3/SFRP1/GATA3/RRM1,6,Multicellular non-vertebrate
GO:0050770,regulation of axonogenesis,6/139,145/18860,0.041379310344827586,5.614487720168692,4.8063433116848575,7.230765263587054e-4,0.0058115173839434564,0.003612727516029664,DCC/SEMA3F/CDH1/EPHB3/PTEN/SLIT2,6,Multicellular non-vertebrate
GO:0050921,positive regulation of chemotaxis,6/139,145/18860,0.041379310344827586,5.614487720168692,4.8063433116848575,7.230765263587054e-4,0.0058115173839434564,0.003612727516029664,LGALS9/TGFB1/THBS1/ITGA2/APP/SLIT2,6,Multicellular non-vertebrate
GO:0070374,positive regulation of ERK1 and ERK2 cascade,7/139,201/18860,0.03482587064676617,4.72529439135259,4.575269215401166,7.335354832524118e-4,0.005881899373829084,0.0036564804526026925,LGALS9/TGFB1/BMP4/PLA2G2A/APP/SHC1/GNAI2,7,Multicellular non-vertebrate
GO:1990874,vascular associated smooth muscle cell proliferation,5/139,97/18860,0.05154639175257732,6.993992434918044,5.099799794146176,7.573620988771493e-4,0.006058896791017195,0.0037665108279928408,BMP4/NDRG2/PDCD4/GNAI2/PTEN,5,Multicellular non-vertebrate
GO:1902895,positive regulation of miRNA transcription,4/139,56/18860,0.07142857142857142,9.691675231243577,5.612735690328885,7.710501458456276e-4,0.006154155436587734,0.0038257283278738934,TGFB1/SMAD4/GATA3/KLF4,4,Multicellular non-vertebrate
GO:0030183,B cell differentiation,6/139,147/18860,0.04081632653061224,5.538100132139186,4.759520936755787,7.767976707623157e-4,0.006185743663950606,0.003845365137098924,IRF8/SFRP1/ITGB1/PAX5/EP300/SYK,6,Multicellular non-vertebrate
GO:0006935,chemotaxis,11/139,474/18860,0.023206751054852322,3.1487721215432716,4.082612044231024,7.832555135504396e-4,0.006213765887871627,0.003862785141674583,CXADR/LGALS9/TGFB1/BMP4/THBS1/ITGA2/SEMA3F/APP/HGF/SYK/SLIT2,11,Multicellular non-vertebrate
GO:0050867,positive regulation of cell activation,10/139,401/18860,0.02493765586034913,3.3836272627783064,4.157274047906642,7.890000326819053e-4,0.006213765887871627,0.003862785141674583,LGALS9/TGFB1/THBS1/RUNX3/APP/MMP8/GATA3/EP300/SYK/TYK2,10,Multicellular non-vertebrate
GO:0048661,positive regulation of smooth muscle cell proliferation,5/139,98/18860,0.05102040816326531,6.922625165173984,5.065122210187812,7.934131264044227e-4,0.006213765887871627,0.003862785141674583,TGFB1/BMP4/THBS1/ITGA2/GNAI2,5,Multicellular non-vertebrate
GO:0055006,cardiac cell development,5/139,98/18860,0.05102040816326531,6.922625165173984,5.065122210187812,7.934131264044227e-4,0.006213765887871627,0.003862785141674583,CXADR/BMP4/SMAD4/PDCD4/MYO18B,5,Multicellular non-vertebrate
GO:0071677,positive regulation of mononuclear cell migration,5/139,98/18860,0.05102040816326531,6.922625165173984,5.065122210187812,7.934131264044227e-4,0.006213765887871627,0.003862785141674583,LGALS9/TGFB1/THBS1/APP/MED23,5,Multicellular non-vertebrate
GO:0002089,lens morphogenesis in camera-type eye,3/139,25/18860,0.12,16.28201438848921,6.588249004291019,8.000942766501373e-4,0.006213765887871627,0.003862785141674583,SKI/BMP4/SOX11,3,Multicellular non-vertebrate
GO:0009220,pyrimidine ribonucleotide biosynthetic process,3/139,25/18860,0.12,16.28201438848921,6.588249004291019,8.000942766501373e-4,0.006213765887871627,0.003862785141674583,NME3/NME1/NME2,3,Multicellular non-vertebrate
GO:0035902,response to immobilization stress,3/139,25/18860,0.12,16.28201438848921,6.588249004291019,8.000942766501373e-4,0.006213765887871627,0.003862785141674583,TGFB1/FOXO4/CERS2,3,Multicellular non-vertebrate
GO:0040037,negative regulation of fibroblast growth factor receptor signaling pathway,3/139,25/18860,0.12,16.28201438848921,6.588249004291019,8.000942766501373e-4,0.006213765887871627,0.003862785141674583,THBS1/CREB3L1/GATA3,3,Multicellular non-vertebrate
GO:0046039,GTP metabolic process,3/139,25/18860,0.12,16.28201438848921,6.588249004291019,8.000942766501373e-4,0.006213765887871627,0.003862785141674583,NME3/NME1/NME2,3,Multicellular non-vertebrate
GO:0060444,branching involved in mammary gland duct morphogenesis,3/139,25/18860,0.12,16.28201438848921,6.588249004291019,8.000942766501373e-4,0.006213765887871627,0.003862785141674583,TGFB1/ESR1/KDM5B,3,Multicellular non-vertebrate
GO:0042330,taxis,11/139,476/18860,0.023109243697478993,3.1355419865788043,4.066247355839998,8.106383719381913e-4,0.006281538595108496,0.0039049160187062744,CXADR/LGALS9/TGFB1/BMP4/THBS1/ITGA2/SEMA3F/APP/HGF/SYK/SLIT2,11,Multicellular non-vertebrate
GO:0000302,response to reactive oxygen species,7/139,205/18860,0.03414634146341464,4.633093525179856,4.5066942027406824,8.23547982826858e-4,0.006360765082361466,0.003954167133619563,CRYAB/CASP3/MAP2K4/HGF/TXNIP/KLF4/CDKN2A,7,Multicellular non-vertebrate
GO:0046638,positive regulation of alpha-beta T cell differentiation,4/139,57/18860,0.07017543859649122,9.521645841221758,5.552001113677491,8.245436217875974e-4,0.006360765082361466,0.003954167133619563,LGALS9/RUNX3/EP300/SYK,4,Multicellular non-vertebrate
GO:0010657,muscle cell apoptotic process,5/139,99/18860,0.050505050505050504,6.852699658455054,5.030927425964125,8.307298037288059e-4,0.006394214257654239,0.003974960800399702,SMAD4/ESR1/MAP2K4/PDCD4/CDKN2A,5,Multicellular non-vertebrate
GO:0009798,axis specification,5/139,100/18860,0.05,6.784172661870503,4.997203554529961,8.693399536218417e-4,0.0066617270060245785,0.004141259996130655,SKI/GPC3/BMP4/SMAD4/SFRP1,5,Multicellular non-vertebrate
GO:0051262,protein tetramerization,5/139,100/18860,0.05,6.784172661870503,4.997203554529961,8.693399536218417e-4,0.0066617270060245785,0.004141259996130655,TP63/TRPM1/APP/PKD1/RRM1,5,Multicellular non-vertebrate
GO:0010719,negative regulation of epithelial to mesenchymal transition,4/139,58/18860,0.06896551724137931,9.357479533614487,5.492745830518648,8.806035530302764e-4,0.006718246974111777,0.004176395612256987,NKX2-1/SFRP1/GATA3/PTEN,4,Multicellular non-vertebrate
GO:0010761,fibroblast migration,4/139,58/18860,0.06896551724137931,9.357479533614487,5.492745830518648,8.806035530302764e-4,0.006718246974111777,0.004176395612256987,TGFB1/THBS1/ITGB1/TNS1,4,Multicellular non-vertebrate
GO:0030099,myeloid cell differentiation,11/139,481/18860,0.02286902286902287,3.1029479950343264,4.025708651710176,8.82596365179629e-4,0.006718619026565634,0.004176626898519877,IRF8/GPC3/TGFB1/BMP4/CASP3/CASP8/SFRP1/APP/GATA3/EP300/KLF10,11,Multicellular non-vertebrate
GO:0010715,regulation of extracellular matrix disassembly,3/139,26/18860,0.11538461538461539,15.655783065855008,6.44357113946607,8.995971302110501e-4,0.0067882263799331636,0.004219898282603432,TIMP3/TGFB1/RECK,3,Multicellular non-vertebrate
GO:0046716,muscle cell cellular homeostasis,3/139,26/18860,0.11538461538461539,15.655783065855008,6.44357113946607,8.995971302110501e-4,0.0067882263799331636,0.004219898282603432,TGFB1/PLG/DMD,3,Multicellular non-vertebrate
GO:0060706,cell differentiation involved in embryonic placenta development,3/139,26/18860,0.11538461538461539,15.655783065855008,6.44357113946607,8.995971302110501e-4,0.0067882263799331636,0.004219898282603432,CASP8/PLG/SENP2,3,Multicellular non-vertebrate
GO:2000773,negative regulation of cellular senescence,3/139,26/18860,0.11538461538461539,15.655783065855008,6.44357113946607,8.995971302110501e-4,0.0067882263799331636,0.004219898282603432,TWIST1/TP63/PTEN,3,Multicellular non-vertebrate
GO:1903035,negative regulation of response to wounding,5/139,101/18860,0.04950495049504951,6.7170026355153505,4.963939118680035,9.092715818594302e-4,0.006846280145765122,0.0042559873834998214,THBS1/CD9/PLG/PTEN/CERS2,5,Multicellular non-vertebrate
GO:0009749,response to glucose,7/139,209/18860,0.03349282296650718,4.544421878764931,4.439864329563841,9.220774600959075e-4,0.006927608048024905,0.004306544842232831,SERPINF1/TGFB1/SMAD4/CASP3/THBS1/RASAL2/TXNIP,7,Multicellular non-vertebrate
GO:0002687,positive regulation of leukocyte migration,6/139,152/18860,0.039473684210526314,5.355925785687239,4.64612397288429,9.246266623920893e-4,0.006931691421316834,0.0043090832696478015,LGALS9/TGFB1/THBS1/ITGA2/APP/MED23,6,Multicellular non-vertebrate
GO:0010631,epithelial cell migration,5/139,102/18860,0.049019607843137254,6.651149668500493,4.931123032906467,9.505528715378063e-4,0.007110629272802291,0.00442031991526239,SMAD4/CD63/ITGA2/PFN1/PTEN,5,Multicellular non-vertebrate
GO:0007389,pattern specification process,11/139,486/18860,0.02263374485596708,3.07102466175208,3.985692210337432,9.597794124120289e-4,0.007164141791136009,0.004453585951421964,HOXA10/SKI/TP63/GPC3/BMP4/SMAD4/NKX2-1/SFRP1/BHLHE41/SEMA3F/EP300,11,Multicellular non-vertebrate
GO:0042542,response to hydrogen peroxide,5/139,103/18860,0.04854368932038835,6.586575399874275,4.898744586319436,9.932121773768084e-4,0.007397718286668641,0.004598788688806864,CRYAB/CASP3/TXNIP/KLF4/CDKN2A,5,Multicellular non-vertebrate
GO:0009948,anterior/posterior axis specification,4/139,60/18860,0.06666666666666667,9.04556354916067,5.378428243417138,0.001000690363158606,0.007417603987456652,0.004611150626949021,SKI/GPC3/BMP4/SMAD4,4,Multicellular non-vertebrate
GO:0031648,protein destabilization,4/139,60/18860,0.06666666666666667,9.04556354916067,5.378428243417138,0.001000690363158606,0.007417603987456652,0.004611150626949021,GSN/SENP2/EP300/CDKN2A,4,Multicellular non-vertebrate
GO:0032753,positive regulation of interleukin-4 production,3/139,27/18860,0.1111111111111111,15.07593924860112,6.306693445211295,0.0010066135040848292,0.007417603987456652,0.004611150626949021,LGALS9/GATA3/SYK,3,Multicellular non-vertebrate
GO:0044346,fibroblast apoptotic process,3/139,27/18860,0.1111111111111111,15.07593924860112,6.306693445211295,0.0010066135040848292,0.007417603987456652,0.004611150626949021,TP63/CASP3/SFRP1,3,Multicellular non-vertebrate
GO:1903054,negative regulation of extracellular matrix organization,3/139,27/18860,0.1111111111111111,15.07593924860112,6.306693445211295,0.0010066135040848292,0.007417603987456652,0.004611150626949021,TIMP3/TGFB1/RECK,3,Multicellular non-vertebrate
GO:0050920,regulation of chemotaxis,7/139,214/18860,0.03271028037383177,4.4382437974853755,4.358659305071882,0.0010580660986608467,0.007780162631855077,0.004836535066890903,LGALS9/TGFB1/THBS1/ITGA2/SEMA3F/APP/SLIT2,7,Multicellular non-vertebrate
GO:0034113,heterotypic cell-cell adhesion,4/139,61/18860,0.06557377049180328,8.897275622125251,5.323252268767849,0.0010648510759937765,0.0077968756750730756,0.004846924723691566,CXADR/ITGB1/KLF4/JUP,4,Multicellular non-vertebrate
GO:0071715,icosanoid transport,4/139,61/18860,0.06557377049180328,8.897275622125251,5.323252268767849,0.0010648510759937765,0.0077968756750730756,0.004846924723691566,PLA2G2A/NTSR1/SYK/NOS2,4,Multicellular non-vertebrate
GO:0060828,regulation of canonical Wnt signaling pathway,8/139,278/18860,0.02877697841726619,3.9045598053930957,4.203961227461428,0.0010747861378894298,0.00785298285950501,0.004881803733019532,GPC5/GPC3/TGFB1/SMAD4/SFRP1/RECK/APP/JUP,8,Multicellular non-vertebrate
GO:0090132,epithelium migration,5/139,105/18860,0.047619047619047616,6.461116820829051,4.835259544024075,0.0010827790802829984,0.00789263018478246,0.004906450477321211,SMAD4/CD63/ITGA2/PFN1/PTEN,5,Multicellular non-vertebrate
GO:0009746,response to hexose,7/139,215/18860,0.03255813953488372,4.417600803078467,4.342717491171074,0.001087063648135547,0.00789263018478246,0.004906450477321211,SERPINF1/TGFB1/SMAD4/CASP3/THBS1/RASAL2/TXNIP,7,Multicellular non-vertebrate
GO:0031032,actomyosin structure organization,7/139,215/18860,0.03255813953488372,4.417600803078467,4.342717491171074,0.001087063648135547,0.00789263018478246,0.004906450477321211,SMAD4/SFRP1/EPB41L3/ITGB1/DLC1/PFN1/MYO18B,7,Multicellular non-vertebrate
GO:0031400,negative regulation of protein modification process,7/139,217/18860,0.03225806451612903,4.3768855883035505,4.311124078915441,0.0011469318649601624,0.008309845964994384,0.00516581250443273,SFRP1/PDCD4/SENP2/IVNS1ABP/PTEN/CDKN2A/SLIT2,7,Multicellular non-vertebrate
GO:0006913,nucleocytoplasmic transport,9/139,350/18860,0.025714285714285714,3.4890030832476877,4.050032013720747,0.0011662224856462571,0.008414331754474874,0.005230766054728076,TGFB1/BMP4/PKD1/CDH1/TXNIP/EP300/SYK/CDKN2A/JUP,9,Multicellular non-vertebrate
GO:0051169,nuclear transport,9/139,350/18860,0.025714285714285714,3.4890030832476877,4.050032013720747,0.0011662224856462571,0.008414331754474874,0.005230766054728076,TGFB1/BMP4/PKD1/CDH1/TXNIP/EP300/SYK/CDKN2A/JUP,9,Multicellular non-vertebrate
GO:0051259,protein complex oligomerization,8/139,282/18860,0.028368794326241134,3.8491759783662434,4.153809332599339,0.001177482027329845,0.008477870596774885,0.005270264951272399,TP63/TRPM1/APP/PKD1/RRM1/EP300/NME3/NME1,8,Multicellular non-vertebrate
GO:0010718,positive regulation of epithelial to mesenchymal transition,4/139,63/18860,0.06349206349206349,8.614822427772067,5.216605478233239,0.001201741566087952,0.008598796795859134,0.005345438675788405,TWIST1/TGFB1/BMP4/SMAD4,4,Multicellular non-vertebrate
GO:0014009,glial cell proliferation,4/139,63/18860,0.06349206349206349,8.614822427772067,5.216605478233239,0.001201741566087952,0.008598796795859134,0.005345438675788405,SKI/SOX11/DICER1/CERS2,4,Multicellular non-vertebrate
GO:0046824,positive regulation of nucleocytoplasmic transport,4/139,63/18860,0.06349206349206349,8.614822427772067,5.216605478233239,0.001201741566087952,0.008598796795859134,0.005345438675788405,TGFB1/CDH1/EP300/JUP,4,Multicellular non-vertebrate
GO:0007611,learning or memory,8/139,284/18860,0.028169014084507043,3.8220691052791573,4.129076430589677,0.0012316895296258245,0.008792188494813221,0.0054656605500468395,SERPINF1/CASP3/NTSR1/ITGB1/APP/LMX1A/EP300/PTEN,8,Multicellular non-vertebrate
GO:0002092,positive regulation of receptor internalization,3/139,29/18860,0.10344827586206896,14.036219300421731,6.05363418919963,0.0012440336151515235,0.008792188494813221,0.0054656605500468395,CD63/APP/SYK,3,Multicellular non-vertebrate
GO:0021952,central nervous system projection neuron axonogenesis,3/139,29/18860,0.10344827586206896,14.036219300421731,6.05363418919963,0.0012440336151515235,0.008792188494813221,0.0054656605500468395,DCC/EPHB3/SLIT2,3,Multicellular non-vertebrate
GO:0050482,arachidonate secretion,3/139,29/18860,0.10344827586206896,14.036219300421731,6.05363418919963,0.0012440336151515235,0.008792188494813221,0.0054656605500468395,PLA2G2A/NTSR1/SYK,3,Multicellular non-vertebrate
GO:1903963,arachidonate transport,3/139,29/18860,0.10344827586206896,14.036219300421731,6.05363418919963,0.0012440336151515235,0.008792188494813221,0.0054656605500468395,PLA2G2A/NTSR1/SYK,3,Multicellular non-vertebrate
GO:2000353,positive regulation of endothelial cell apoptotic process,3/139,29/18860,0.10344827586206896,14.036219300421731,6.05363418919963,0.0012440336151515235,0.008792188494813221,0.0054656605500468395,TGFB1/THBS1/PDCD4,3,Multicellular non-vertebrate
GO:1901888,regulation of cell junction assembly,8/139,285/18860,0.028070175438596492,3.808658336488704,4.116794034408193,0.001259530148747023,0.008883543253203494,0.005522451199984261,LZTS1/SFRP1/THBS1/DLC1/APP/CRMP1/EPHB3/PTEN,8,Multicellular non-vertebrate
GO:0032233,positive regulation of actin filament bundle assembly,4/139,64/18860,0.0625,8.48021582733813,5.165039014525462,0.0012746049658216583,0.0088990601250093955,0.005532097257292938,MTSS1/SFRP1/PFN1/LIMA1,4,Multicellular non-vertebrate
GO:0032615,interleukin-12 production,4/139,64/18860,0.0625,8.48021582733813,5.165039014525462,0.0012746049658216583,0.0088990601250093955,0.005532097257292938,IRF8/LGALS9/THBS1/SYK,4,Multicellular non-vertebrate
GO:0032655,regulation of interleukin-12 production,4/139,64/18860,0.0625,8.48021582733813,5.165039014525462,0.0012746049658216583,0.0088990601250093955,0.005532097257292938,IRF8/LGALS9/THBS1/SYK,4,Multicellular non-vertebrate
GO:0043370,"regulation of CD4-positive, alpha-beta T cell differentiation",4/139,64/18860,0.0625,8.48021582733813,5.165039014525462,0.0012746049658216583,0.0088990601250093955,0.005532097257292938,LGALS9/RUNX3/GATA3/EP300,4,Multicellular non-vertebrate
GO:0045620,negative regulation of lymphocyte differentiation,4/139,64/18860,0.0625,8.48021582733813,5.165039014525462,0.0012746049658216583,0.0088990601250093955,0.005532097257292938,BMP4/SFRP1/RUNX3/CDKN2A,4,Multicellular non-vertebrate
GO:0050679,positive regulation of epithelial cell proliferation,7/139,222/18860,0.03153153153153153,4.2783070840624795,4.233783776893684,0.0013079665490304852,0.009113573373889832,0.005665449334828566,TP63/TGFB1/BMP4/SOX11/KDM5B/NME1/NME2,7,Multicellular non-vertebrate
GO:0001701,in utero embryonic development,10/139,429/18860,0.023310023310023312,3.162784457748487,3.90453792269307,0.0013123956783567738,0.00912603513963986,0.005673196186648681,TWIST1/SMAD4/CASP8/ITGB1/PKD1/PLG/GATA3/SENP2/MYO18B/KLF4,10,Multicellular non-vertebrate
GO:0016525,negative regulation of angiogenesis,6/139,163/18860,0.03680981595092025,4.9944829412543585,4.413372837123508,0.0013256572393092962,0.009199741805327163,0.005719015906637654,SERPINF1/THBS1/CREB3L1/SHC1/FOXO4/KLF4,6,Multicellular non-vertebrate
GO:0014812,muscle cell migration,5/139,110/18860,0.045454545454545456,6.167429692609549,4.683521213684718,0.0013328269683785382,0.009212500005432457,0.005726947036759151,BMP4/ITGA2/POSTN/FOXO4/SLIT2,5,Multicellular non-vertebrate
GO:0090130,tissue migration,5/139,110/18860,0.045454545454545456,6.167429692609549,4.683521213684718,0.0013328269683785382,0.009212500005432457,0.005726947036759151,SMAD4/CD63/ITGA2/PFN1/PTEN,5,Multicellular non-vertebrate
GO:1901990,regulation of mitotic cell cycle phase transition,9/139,357/18860,0.025210084033613446,3.420591258085968,3.978658856643731,0.0013376288933123054,0.009227236437699257,0.00573610793413261,MTBP/TGFB1/PKD1/RRM1/SENP2/FOXO4/PTEN/KLF4/CDKN2A,9,Multicellular non-vertebrate
GO:0015909,long-chain fatty acid transport,4/139,65/18860,0.06153846153846154,8.349750968456005,5.114584359049885,0.0013505027412077431,0.00927900094157845,0.005768287317788017,THBS1/PLA2G2A/NTSR1/SYK,4,Multicellular non-vertebrate
GO:2000630,positive regulation of miRNA metabolic process,4/139,65/18860,0.06153846153846154,8.349750968456005,5.114584359049885,0.0013505027412077431,0.00927900094157845,0.005768287317788017,TGFB1/SMAD4/GATA3/KLF4,4,Multicellular non-vertebrate
GO:0010165,response to X-ray,3/139,30/18860,0.1,13.568345323741006,5.936299183489636,0.0013748462416201634,0.009353284667400168,0.005814465766984571,CASP3/SFRP1/GATA3,3,Multicellular non-vertebrate
GO:0022011,myelination in peripheral nervous system,3/139,30/18860,0.1,13.568345323741006,5.936299183489636,0.0013748462416201634,0.009353284667400168,0.005814465766984571,SKI/NDRG1/DICER1,3,Multicellular non-vertebrate
GO:0032292,peripheral nervous system axon ensheathment,3/139,30/18860,0.1,13.568345323741006,5.936299183489636,0.0013748462416201634,0.009353284667400168,0.005814465766984571,SKI/NDRG1/DICER1,3,Multicellular non-vertebrate
GO:0060479,lung cell differentiation,3/139,30/18860,0.1,13.568345323741006,5.936299183489636,0.0013748462416201634,0.009353284667400168,0.005814465766984571,SPDEF/NKX2-1/THRB,3,Multicellular non-vertebrate
GO:0060487,lung epithelial cell differentiation,3/139,30/18860,0.1,13.568345323741006,5.936299183489636,0.0013748462416201634,0.009353284667400168,0.005814465766984571,SPDEF/NKX2-1/THRB,3,Multicellular non-vertebrate
GO:0090398,cellular senescence,5/139,111/18860,0.04504504504504504,6.111867262946399,4.654298272935312,0.0013875498820763606,0.009421163835866213,0.005856662825597874,TWIST1/TP63/MAP2K4/PTEN/CDKN2A,5,Multicellular non-vertebrate
GO:0045807,positive regulation of endocytosis,6/139,165/18860,0.03636363636363636,4.933943754087639,4.3733032448770945,0.001410963281337167,0.009542640118006358,0.005932178509031121,GPC3/CD63/ITGA2/APP/BIN1/SYK,6,Multicellular non-vertebrate
GO:2000181,negative regulation of blood vessel morphogenesis,6/139,165/18860,0.03636363636363636,4.933943754087639,4.3733032448770945,0.001410963281337167,0.009542640118006358,0.005932178509031121,SERPINF1/THBS1/CREB3L1/SHC1/FOXO4/KLF4,6,Multicellular non-vertebrate
GO:0051962,positive regulation of nervous system development,8/139,291/18860,0.027491408934707903,3.7301292986229573,4.044246895567942,0.0014372944240370082,0.009701737362249805,0.006031081248888844,SERPINF1/TGFB1/ITGB1/SOX11/BIN1/DICER1/EPHB3/SLIT2,8,Multicellular non-vertebrate
GO:0032231,regulation of actin filament bundle assembly,5/139,112/18860,0.044642857142857144,6.057297019527236,4.625431019144657,0.0014439127840588384,0.009711487827142961,0.006037142621588324,MTSS1/SFRP1/DLC1/PFN1/LIMA1,5,Multicellular non-vertebrate
GO:0032535,regulation of cellular component size,9/139,361/18860,0.024930747922437674,3.3826899699077306,3.938666599109998,0.0014443590113285539,0.009711487827142961,0.006037142621588324,DCC/SEMA3F/CDH1/BIN1/GSN/PFN1/LIMA1/PTEN/SLIT2,9,Multicellular non-vertebrate
GO:0045216,cell-cell junction organization,7/139,226/18860,0.030973451327433628,4.202584834787038,4.173534669630077,0.001449114846410672,0.009724545454748122,0.006045259890698379,CXADR/MTSS1/TGFB1/CD9/EPB41L3/CDH1/JUP,7,Multicellular non-vertebrate
GO:0043086,negative regulation of catalytic activity,6/139,166/18860,0.03614457831325301,4.904221201352171,4.353510027280112,0.0014551564704481021,0.00974616426718729,0.006058699217022801,TIMP1/TIMP2/PDCD4/GNAI2/RRP1B/CDKN2A,6,Multicellular non-vertebrate
GO:0051494,negative regulation of cytoskeleton organization,6/139,167/18860,0.03592814371257485,4.874854607332098,4.333874718952241,0.0015003979382962954,0.00996638215817537,0.0061955975831006135,SMAD4/DLC1/GSN/PFN1/LIMA1/SLIT2,6,Multicellular non-vertebrate
GO:1901343,negative regulation of vasculature development,6/139,167/18860,0.03592814371257485,4.874854607332098,4.333874718952241,0.0015003979382962954,0.00996638215817537,0.0061955975831006135,SERPINF1/THBS1/CREB3L1/SHC1/FOXO4/KLF4,6,Multicellular non-vertebrate
GO:0002065,columnar/cuboidal epithelial cell differentiation,5/139,113/18860,0.04424778761061947,6.0036926211243395,4.596911722059437,0.001501945430721499,0.00996638215817537,0.0061955975831006135,SPDEF/TP63/TGFB1/BMP4/SOX11,5,Multicellular non-vertebrate
GO:0032613,interleukin-10 production,4/139,67/18860,0.05970149253731343,8.100504670890153,5.016846009113926,0.001511667532341544,0.00996638215817537,0.0061955975831006135,LGALS9/THBS1/HGF/SYK,4,Multicellular non-vertebrate
GO:0032653,regulation of interleukin-10 production,4/139,67/18860,0.05970149253731343,8.100504670890153,5.016846009113926,0.001511667532341544,0.00996638215817537,0.0061955975831006135,LGALS9/THBS1/HGF/SYK,4,Multicellular non-vertebrate
GO:1903317,regulation of protein maturation,4/139,67/18860,0.05970149253731343,8.100504670890153,5.016846009113926,0.001511667532341544,0.00996638215817537,0.0061955975831006135,GAS1/THBS1/RASAL2/GSN,4,Multicellular non-vertebrate
GO:2000351,regulation of endothelial cell apoptotic process,4/139,67/18860,0.05970149253731343,8.100504670890153,5.016846009113926,0.001511667532341544,0.00996638215817537,0.0061955975831006135,TGFB1/THBS1/PDCD4/GATA3,4,Multicellular non-vertebrate
GO:0098901,regulation of cardiac muscle cell action potential,3/139,31/18860,0.0967741935483871,13.13065676491065,5.82443418990037,0.0015139903452089322,0.00996638215817537,0.0061955975831006135,CXADR/BIN1/JUP,3,Multicellular non-vertebrate
GO:2000191,regulation of fatty acid transport,3/139,31/18860,0.0967741935483871,13.13065676491065,5.82443418990037,0.0015139903452089322,0.00996638215817537,0.0061955975831006135,THBS1/NTSR1/SYK,3,Multicellular non-vertebrate
GO:0001933,negative regulation of protein phosphorylation,5/139,114/18860,0.043859649122807015,5.951028650763599,4.568732887194143,0.0015616776871919015,0.010241286692476682,0.006366491879673766,SFRP1/PDCD4/PTEN/CDKN2A/SLIT2,5,Multicellular non-vertebrate
GO:0003279,cardiac septum development,5/139,114/18860,0.043859649122807015,5.951028650763599,4.568732887194143,0.0015616776871919015,0.010241286692476682,0.006366491879673766,BMP4/SMAD4/SOX11/GATA3/SLIT2,5,Multicellular non-vertebrate
GO:0051017,actin filament bundle assembly,6/139,169/18860,0.03550295857988166,4.817164020263079,4.295068691291682,0.0015940907437499191,0.010374933010884449,0.006449573061408128,MTSS1/SFRP1/DLC1/PFN1/DPYSL3/LIMA1,6,Multicellular non-vertebrate
GO:0051147,regulation of muscle cell differentiation,6/139,169/18860,0.03550295857988166,4.817164020263079,4.295068691291682,0.0015940907437499191,0.010374933010884449,0.006449573061408128,TGFB1/BMP4/SMAD4/BHLHE41/PDCD4/FOXO4,6,Multicellular non-vertebrate
GO:0042698,ovulation cycle,4/139,68/18860,0.058823529411764705,7.981379602200593,4.969485365336857,0.0015970672343143886,0.010374933010884449,0.006449573061408128,SERPINF1/CASP3/ESR1/SLIT2,4,Multicellular non-vertebrate
GO:0051893,regulation of focal adhesion assembly,4/139,68/18860,0.058823529411764705,7.981379602200593,4.969485365336857,0.0015970672343143886,0.010374933010884449,0.006449573061408128,SFRP1/THBS1/DLC1/PTEN,4,Multicellular non-vertebrate
GO:0090109,regulation of cell-substrate junction assembly,4/139,68/18860,0.058823529411764705,7.981379602200593,4.969485365336857,0.0015970672343143886,0.010374933010884449,0.006449573061408128,SFRP1/THBS1/DLC1/PTEN,4,Multicellular non-vertebrate
GO:0002834,regulation of response to tumor cell,3/139,32/18860,0.09375,12.720323741007194,5.717612401792604,0.0016616562578051126,0.010773663702832904,0.0066974438406073224,AHR/TGFB1/DAPK1,3,Multicellular non-vertebrate
GO:0009410,response to xenobiotic stimulus,10/139,443/18860,0.022573363431151242,3.062831901521672,3.785806973950618,0.0016646806763057787,0.010773663702832904,0.0066974438406073224,AHR/TGFB1/CASP3/SFRP1/THBS1/ITGA2/CDH1/TXNIP/GATA3/NOS2,10,Multicellular non-vertebrate
GO:0043525,positive regulation of neuron apoptotic process,4/139,69/18860,0.057971014492753624,7.865707434052757,4.923082355314387,0.0016857666418364904,0.010889737409695162,0.006769601015225336,CASP3/CASP8/CASP5/APP,4,Multicellular non-vertebrate
GO:0061572,actin filament bundle organization,6/139,173/18860,0.03468208092485549,4.7057845053437015,4.219253590319528,0.0017947758556464187,0.0115722861140187,0.007193907151167205,MTSS1/SFRP1/DLC1/PFN1/DPYSL3/LIMA1,6,Multicellular non-vertebrate
GO:0050769,positive regulation of neurogenesis,7/139,235/18860,0.029787234042553193,4.041634777284556,4.04291922357534,0.0018102093248288887,0.01159244946802869,0.007206441692326558,SERPINF1/TGFB1/ITGB1/SOX11/BIN1/DICER1/SLIT2,7,Multicellular non-vertebrate
GO:0009218,pyrimidine ribonucleotide metabolic process,3/139,33/18860,0.09090909090909091,12.334859385219097,5.615452451447187,0.0018180288228216292,0.01159244946802869,0.007206441692326558,NME3/NME1/NME2,3,Multicellular non-vertebrate
GO:0014850,response to muscle activity,3/139,33/18860,0.09090909090909091,12.334859385219097,5.615452451447187,0.0018180288228216292,0.01159244946802869,0.007206441692326558,ITGA2/ITGB1/POSTN,3,Multicellular non-vertebrate
GO:0035115,embryonic forelimb morphogenesis,3/139,33/18860,0.09090909090909091,12.334859385219097,5.615452451447187,0.0018180288228216292,0.01159244946802869,0.007206441692326558,TWIST1/TP63/RECK,3,Multicellular non-vertebrate
GO:0060325,face morphogenesis,3/139,33/18860,0.09090909090909091,12.334859385219097,5.615452451447187,0.0018180288228216292,0.01159244946802869,0.007206441692326558,SKI/TGFB1/EP300,3,Multicellular non-vertebrate
GO:1905207,regulation of cardiocyte differentiation,3/139,33/18860,0.09090909090909091,12.334859385219097,5.615452451447187,0.0018180288228216292,0.01159244946802869,0.007206441692326558,TGFB1/BMP4/SMAD4,3,Multicellular non-vertebrate
GO:0002237,response to molecule of bacterial origin,9/139,375/18860,0.024,3.2564028776978415,3.802986292883746,0.001873201460161886,0.01187930475679048,0.007384765170750904,IRF8/LGALS9/AHR/CASP3/CASP8/PTGER1/MMP8/PDCD4/NOS2,9,Multicellular non-vertebrate
GO:0007566,embryo implantation,4/139,71/18860,0.056338028169014086,7.644138210558315,4.833015721893625,0.0018733278623989614,0.01187930475679048,0.007384765170750904,TIMP1/RECK/VMP1/ARHGDIB,4,Multicellular non-vertebrate
GO:0045668,negative regulation of osteoblast differentiation,4/139,71/18860,0.056338028169014086,7.644138210558315,4.833015721893625,0.0018733278623989614,0.01187930475679048,0.007384765170750904,TWIST1/SKI/SFRP1/PTEN,4,Multicellular non-vertebrate
GO:0015908,fatty acid transport,5/139,119/18860,0.04201680672268908,5.70098543014328,4.432698719427442,0.001886885291879801,0.011943361847502915,0.007424586236218765,THBS1/PLA2G2A/NTSR1/SYK/NOS2,5,Multicellular non-vertebrate
GO:0048588,developmental cell growth,7/139,238/18860,0.029411764705882353,3.9906898011002965,4.000818924269979,0.001944940964875245,0.012283586976301924,0.007636087054895294,DCC/ITGB1/SEMA3F/APP/CDH1/POSTN/SLIT2,7,Multicellular non-vertebrate
GO:1901655,cellular response to ketone,5/139,120/18860,0.041666666666666664,5.653477218225419,4.406417370372242,0.0019574477489914923,0.012283586976301924,0.007636087054895294,AHR/SERPINF1/TGFB1/SFRP1/POSTN,5,Multicellular non-vertebrate
GO:0003205,cardiac chamber development,6/139,176/18860,0.03409090909090909,4.625572269457161,4.163898934101292,0.0019574507068894705,0.012283586976301924,0.007636087054895294,TGFB1/BMP4/SMAD4/SOX11/GATA3/SLIT2,6,Multicellular non-vertebrate
GO:0042060,wound healing,10/139,453/18860,0.02207505518763797,2.995219718265123,3.703825622765863,0.001960539609824296,0.012283586976301924,0.007636087054895294,TIMP1/TGFB1/THBS1/CD9/ITGA2/ITGB1/TFPI2/PLG/SYK/PTEN,10,Multicellular non-vertebrate
GO:0010632,regulation of epithelial cell migration,4/139,72/18860,0.05555555555555555,7.53796962430056,4.789289388663586,0.001972320744196972,0.012283586976301924,0.007636087054895294,CD63/ITGA2/PFN1/PTEN,4,Multicellular non-vertebrate
GO:0032890,regulation of organic acid transport,4/139,72/18860,0.05555555555555555,7.53796962430056,4.789289388663586,0.001972320744196972,0.012283586976301924,0.007636087054895294,THBS1/NTSR1/ITGB1/SYK,4,Multicellular non-vertebrate
GO:0050918,positive chemotaxis,4/139,72/18860,0.05555555555555555,7.53796962430056,4.789289388663586,0.001972320744196972,0.012283586976301924,0.007636087054895294,BMP4/ITGA2/APP/HGF,4,Multicellular non-vertebrate
GO:0006221,pyrimidine nucleotide biosynthetic process,3/139,34/18860,0.08823529411764706,11.972069403300889,5.51761236376664,0.001983287480548748,0.012283586976301924,0.007636087054895294,NME3/NME1/NME2,3,Multicellular non-vertebrate
GO:0030511,positive regulation of transforming growth factor beta receptor signaling pathway,3/139,34/18860,0.08823529411764706,11.972069403300889,5.51761236376664,0.001983287480548748,0.012283586976301924,0.007636087054895294,SMAD4/THBS1/EP300,3,Multicellular non-vertebrate
GO:0050869,negative regulation of B cell activation,3/139,34/18860,0.08823529411764706,11.972069403300889,5.51761236376664,0.001983287480548748,0.012283586976301924,0.007636087054895294,CASP3/SFRP1/CDKN2A,3,Multicellular non-vertebrate
GO:0060603,mammary gland duct morphogenesis,3/139,34/18860,0.08823529411764706,11.972069403300889,5.51761236376664,0.001983287480548748,0.012283586976301924,0.007636087054895294,TGFB1/ESR1/KDM5B,3,Multicellular non-vertebrate
GO:1903846,positive regulation of cellular response to transforming growth factor beta stimulus,3/139,34/18860,0.08823529411764706,11.972069403300889,5.51761236376664,0.001983287480548748,0.012283586976301924,0.007636087054895294,SMAD4/THBS1/EP300,3,Multicellular non-vertebrate
GO:0048592,eye morphogenesis,6/139,177/18860,0.03389830508474576,4.5994390927935616,4.1457237940831,0.002014081789917994,0.012451997613518043,0.007740779461863526,TWIST1/SKI/BMP4/RAB37/THRB/SOX11,6,Multicellular non-vertebrate
GO:0055002,striated muscle cell development,6/139,178/18860,0.033707865168539325,4.573599547328429,4.127683701032873,0.002071944262350245,0.012782120300780525,0.007946000101697446,CXADR/SKI/BMP4/SMAD4/ITGB1/MYO18B,6,Multicellular non-vertebrate
GO:0072577,endothelial cell apoptotic process,4/139,73/18860,0.0547945205479452,7.4347097664334285,4.746395069846848,0.002074875430769061,0.012782120300780525,0.007946000101697446,TGFB1/THBS1/PDCD4/GATA3,4,Multicellular non-vertebrate
GO:0002696,positive regulation of leukocyte activation,9/139,381/18860,0.023622047244094488,3.205120942615986,3.7467772771986003,0.0020857027484622944,0.012825958538586636,0.007973252125138683,LGALS9/TGFB1/THBS1/RUNX3/MMP8/GATA3/EP300/SYK/TYK2,9,Multicellular non-vertebrate
GO:0032609,type II interferon production,5/139,122/18860,0.040983606557377046,5.560797263828281,4.354730410879092,0.002104336897484226,0.012894660137775682,0.008015960447490304,IRF8/LGALS9/APP/GATA3/TYK2,5,Multicellular non-vertebrate
GO:0032649,regulation of type II interferon production,5/139,122/18860,0.040983606557377046,5.560797263828281,4.354730410879092,0.002104336897484226,0.012894660137775682,0.008015960447490304,IRF8/LGALS9/APP/GATA3/TYK2,5,Multicellular non-vertebrate
GO:0051223,regulation of protein transport,10/139,458/18860,0.021834061135371178,2.962520813043888,3.6636730160832975,0.0021236636219323763,0.012967105083742566,0.008060995819906975,IRS1/TGFB1/BMP4/APP/CDH1/EP300/ZDHHC2/NOS2/CDKN2A/JUP,10,Multicellular non-vertebrate
GO:0072657,protein localization to membrane,10/139,458/18860,0.021834061135371178,2.962520813043888,3.6636730160832975,0.0021236636219323763,0.012967105083742566,0.008060995819906975,LGI1/GPC5/GPC3/TGFB1/EPB41L3/ITGB1/CDH1/GSN/ZDHHC2/JUP,10,Multicellular non-vertebrate
GO:1903829,positive regulation of protein localization,10/139,459/18860,0.02178649237472767,2.956066519333553,3.6557076576606358,0.002157567109995208,0.01303616705258569,0.008103928165913559,TGFB1/BMP4/ITGB1/APP/CDH1/EP300/TYK2/ZDHHC2/CDKN2A/JUP,10,Multicellular non-vertebrate
GO:0010661,positive regulation of muscle cell apoptotic process,3/139,35/18860,0.08571428571428572,11.630010277492293,5.423784465813923,0.0021576063524534187,0.01303616705258569,0.008103928165913559,SMAD4/PDCD4/CDKN2A,3,Multicellular non-vertebrate
GO:0032633,interleukin-4 production,3/139,35/18860,0.08571428571428572,11.630010277492293,5.423784465813923,0.0021576063524534187,0.01303616705258569,0.008103928165913559,LGALS9/GATA3/SYK,3,Multicellular non-vertebrate
GO:0032673,regulation of interleukin-4 production,3/139,35/18860,0.08571428571428572,11.630010277492293,5.423784465813923,0.0021576063524534187,0.01303616705258569,0.008103928165913559,LGALS9/GATA3/SYK,3,Multicellular non-vertebrate
GO:0071634,regulation of transforming growth factor beta production,3/139,35/18860,0.08571428571428572,11.630010277492293,5.423784465813923,0.0021576063524534187,0.01303616705258569,0.008103928165913559,LGALS9/SMAD4/THBS1,3,Multicellular non-vertebrate
GO:0110110,positive regulation of animal organ morphogenesis,3/139,35/18860,0.08571428571428572,11.630010277492293,5.423784465813923,0.0021576063524534187,0.01303616705258569,0.008103928165913559,TGFB1/BMP4/GATA3,3,Multicellular non-vertebrate
GO:0051148,negative regulation of muscle cell differentiation,4/139,74/18860,0.05405405405405406,7.33424071553568,4.704305021745948,0.002181056795556117,0.013131937779515575,0.008163464000972004,SMAD4/BHLHE41/PDCD4/FOXO4,4,Multicellular non-vertebrate
GO:0072527,pyrimidine-containing compound metabolic process,4/139,74/18860,0.05405405405405406,7.33424071553568,4.704305021745948,0.002181056795556117,0.013131937779515575,0.008163464000972004,RRM1/NME3/NME1/NME2,4,Multicellular non-vertebrate
GO:0044772,mitotic cell cycle phase transition,10/139,461/18860,0.021691973969631236,2.943241935735576,3.6398411941023054,0.0022266850667101126,0.013383345374869824,0.008319751434609318,MTBP/TGFB1/ITGB1/PKD1/RRM1/SENP2/FOXO4/PTEN/KLF4/CDKN2A,10,Multicellular non-vertebrate
GO:0099173,postsynapse organization,7/139,245/18860,0.02857142857142857,3.876670092497431,3.9052045698537268,0.002289582121064078,0.013698013941204566,0.008515365026193506,LZTS1/SEMA3F/APP/CRMP1/EPHB3/ZDHHC2/PTEN,7,Multicellular non-vertebrate
GO:2001234,negative regulation of apoptotic signaling pathway,7/139,245/18860,0.02857142857142857,3.876670092497431,3.9052045698537268,0.002289582121064078,0.013698013941204566,0.008515365026193506,BMP4/THBS1/CREB3L1/HGF/GNAI2/IVNS1ABP/KLF4,7,Multicellular non-vertebrate
GO:0071479,cellular response to ionizing radiation,4/139,75/18860,0.05333333333333334,7.236450839328538,4.6629927904188655,0.0022909294149352543,0.013698013941204566,0.008515365026193506,CRYAB/TGFB1/SFRP1/GATA3,4,Multicellular non-vertebrate
GO:0002246,wound healing involved in inflammatory response,2/139,10/18860,0.2,27.136690647482013,7.123560696693558,0.0023345966540904645,0.013807217312724608,0.008583251259524527,TIMP1/TGFB1,2,Multicellular non-vertebrate
GO:0003253,cardiac neural crest cell migration involved in outflow tract morphogenesis,2/139,10/18860,0.2,27.136690647482013,7.123560696693558,0.0023345966540904645,0.013807217312724608,0.008583251259524527,TWIST1/BMP4,2,Multicellular non-vertebrate
GO:0006475,internal protein amino acid acetylation,2/139,10/18860,0.2,27.136690647482013,7.123560696693558,0.0023345966540904645,0.013807217312724608,0.008583251259524527,EP300/NAA10,2,Multicellular non-vertebrate
GO:0032000,positive regulation of fatty acid beta-oxidation,2/139,10/18860,0.2,27.136690647482013,7.123560696693558,0.0023345966540904645,0.013807217312724608,0.008583251259524527,IRS1/TWIST1,2,Multicellular non-vertebrate
GO:0031644,regulation of nervous system process,5/139,125/18860,0.04,5.427338129496403,4.279303197049335,0.0023395400173237264,0.013807217312724608,0.008583251259524527,NTSR1/ITGA2/APP/DICER1/PTEN,5,Multicellular non-vertebrate
GO:0032570,response to progesterone,3/139,36/18860,0.08333333333333333,11.306954436450837,5.333691078524849,0.0023411543244376797,0.013807217312724608,0.008583251259524527,TGFB1/THBS1/TXNIP,3,Multicellular non-vertebrate
GO:0060317,cardiac epithelial to mesenchymal transition,3/139,36/18860,0.08333333333333333,11.306954436450837,5.333691078524849,0.0023411543244376797,0.013807217312724608,0.008583251259524527,TWIST1/SMAD4/PDCD4,3,Multicellular non-vertebrate
GO:0071392,cellular response to estradiol stimulus,3/139,36/18860,0.08333333333333333,11.306954436450837,5.333691078524849,0.0023411543244376797,0.013807217312724608,0.008583251259524527,SFRP1/ESR1/ITGA2,3,Multicellular non-vertebrate
GO:0150116,regulation of cell-substrate junction organization,4/139,76/18860,0.05263157894736842,7.141234380916319,4.622433135365,0.0024045575508272006,0.014132909686494567,0.008785717796703039,SFRP1/THBS1/DLC1/PTEN,4,Multicellular non-vertebrate
GO:1903053,regulation of extracellular matrix organization,4/139,76/18860,0.05263157894736842,7.141234380916319,4.622433135365,0.0024045575508272006,0.014132909686494567,0.008785717796703039,TIMP3/TGFB1/SMAD4/RECK,4,Multicellular non-vertebrate
GO:0042326,negative regulation of phosphorylation,5/139,126/18860,0.03968253968253968,5.384264017357542,4.254699796738311,0.0024220289325205726,0.01421142952596112,0.008834529624295396,SFRP1/PDCD4/PTEN/CDKN2A/SLIT2,5,Multicellular non-vertebrate
GO:0051051,negative regulation of transport,10/139,468/18860,0.021367521367521368,2.8992190862694462,3.5849716221926324,0.0024827949754446833,0.014518679247270431,0.009025531293761865,IRS1/CRYAB/LGALS9/TGFB1/THBS1/PTGER3/NTSR1/BIN1/GNAI2/PTEN,10,Multicellular non-vertebrate
GO:1901987,regulation of cell cycle phase transition,10/139,468/18860,0.021367521367521368,2.8992190862694462,3.5849716221926324,0.0024827949754446833,0.014518679247270431,0.009025531293761865,MTBP/TP63/TGFB1/PKD1/RRM1/SENP2/FOXO4/PTEN/KLF4/CDKN2A,10,Multicellular non-vertebrate
GO:0001707,mesoderm formation,4/139,77/18860,0.05194805194805195,7.048491077268056,4.582601958666078,0.0025220051337853776,0.014599748312164599,0.00907592784634745,BMP4/ITGA2/ITGB1/KLF4,4,Multicellular non-vertebrate
GO:0010803,regulation of tumor necrosis factor-mediated signaling pathway,4/139,77/18860,0.05194805194805195,7.048491077268056,4.582601958666078,0.0025220051337853776,0.014599748312164599,0.00907592784634745,CASP8/MMP8/DICER1/SYK,4,Multicellular non-vertebrate
GO:0030514,negative regulation of BMP signaling pathway,4/139,77/18860,0.05194805194805195,7.048491077268056,4.582601958666078,0.0025220051337853776,0.014599748312164599,0.00907592784634745,SKI/BMP4/SFRP1/HTRA1,4,Multicellular non-vertebrate
GO:0032729,positive regulation of type II interferon production,4/139,77/18860,0.05194805194805195,7.048491077268056,4.582601958666078,0.0025220051337853776,0.014599748312164599,0.00907592784634745,IRF8/LGALS9/APP/TYK2,4,Multicellular non-vertebrate
GO:0060411,cardiac septum morphogenesis,4/139,77/18860,0.05194805194805195,7.048491077268056,4.582601958666078,0.0025220051337853776,0.014599748312164599,0.00907592784634745,BMP4/SMAD4/SOX11/SLIT2,4,Multicellular non-vertebrate
GO:0061045,negative regulation of wound healing,4/139,77/18860,0.05194805194805195,7.048491077268056,4.582601958666078,0.0025220051337853776,0.014599748312164599,0.00907592784634745,THBS1/CD9/PLG/PTEN,4,Multicellular non-vertebrate
GO:2000406,positive regulation of T cell migration,3/139,37/18860,0.08108108108108109,11.001361073303519,5.247080852356784,0.0025340951290674265,0.014645205294409743,0.009104186161638123,LGALS9/APP/MED23,3,Multicellular non-vertebrate
GO:0030278,regulation of ossification,5/139,128/18860,0.0390625,5.300134892086331,4.206270501206049,0.002593323116772927,0.014962478616973683,0.009301418998916693,TWIST1/TGFB1/BMP4/SFRP1/SOX11,5,Multicellular non-vertebrate
GO:0048568,embryonic organ development,10/139,472/18860,0.0211864406779661,2.8746494329959758,3.554070393308455,0.0026394575081485896,0.015200280100011173,0.009449248198136818,TWIST1/TGFB1/BMP4/CASP8/PKD1/PLG/PAX5/SOX11/GATA3/SENP2,10,Multicellular non-vertebrate
GO:2000242,negative regulation of reproductive process,4/139,78/18860,0.05128205128205128,6.95812580704667,4.543476239126778,0.0026433357465586557,0.015200280100011173,0.009449248198136818,TIMP1/SERPINF1/BMP4/ARHGDIB,4,Multicellular non-vertebrate
GO:0043410,positive regulation of MAPK cascade,10/139,474/18860,0.02109704641350211,2.8625201104938833,3.538740548375874,0.002720712298787844,0.015619238711978055,0.00970969365592934,LGALS9/TGFB1/BMP4/THBS1/PLA2G2A/APP/SHC1/HGF/GNAI2/SYK,10,Multicellular non-vertebrate
GO:0031646,positive regulation of nervous system process,3/139,38/18860,0.07894736842105263,10.711851571374478,5.163725636087683,0.0027365874267826678,0.015632472970183303,0.009717920727383079,NTSR1/ITGA2/DICER1,3,Multicellular non-vertebrate
GO:0051346,negative regulation of hydrolase activity,3/139,38/18860,0.07894736842105263,10.711851571374478,5.163725636087683,0.0027365874267826678,0.015632472970183303,0.009717920727383079,TIMP1/TIMP2/RRP1B,3,Multicellular non-vertebrate
GO:1901889,negative regulation of cell junction assembly,3/139,38/18860,0.07894736842105263,10.711851571374478,5.163725636087683,0.0027365874267826678,0.015632472970183303,0.009717920727383079,THBS1/DLC1/PTEN,3,Multicellular non-vertebrate
GO:0045669,positive regulation of osteoblast differentiation,4/139,79/18860,0.05063291139240506,6.8700482651853205,4.505033971003085,0.0027686126081196585,0.01576330341624636,0.009799251423172155,TP63/BMP4/HGF/SOX11,4,Multicellular non-vertebrate
GO:0048332,mesoderm morphogenesis,4/139,79/18860,0.05063291139240506,6.8700482651853205,4.505033971003085,0.0027686126081196585,0.01576330341624636,0.009799251423172155,BMP4/ITGA2/ITGB1/KLF4,4,Multicellular non-vertebrate
GO:0033085,negative regulation of T cell differentiation in thymus,2/139,11/18860,0.18181818181818182,24.669718770438195,6.766241461278666,0.0028396394442685483,0.015905662754282176,0.009887749050161404,BMP4/CDKN2A,2,Multicellular non-vertebrate
GO:0060433,bronchus development,2/139,11/18860,0.18181818181818182,24.669718770438195,6.766241461278666,0.0028396394442685483,0.015905662754282176,0.009887749050161404,SPDEF/BMP4,2,Multicellular non-vertebrate
GO:0060900,embryonic camera-type eye formation,2/139,11/18860,0.18181818181818182,24.669718770438195,6.766241461278666,0.0028396394442685483,0.015905662754282176,0.009887749050161404,TWIST1/SOX11,2,Multicellular non-vertebrate
GO:0071481,cellular response to X-ray,2/139,11/18860,0.18181818181818182,24.669718770438195,6.766241461278666,0.0028396394442685483,0.015905662754282176,0.009887749050161404,SFRP1/GATA3,2,Multicellular non-vertebrate
GO:0090311,regulation of protein deacetylation,2/139,11/18860,0.18181818181818182,24.669718770438195,6.766241461278666,0.0028396394442685483,0.015905662754282176,0.009887749050161404,BRMS1/EP300,2,Multicellular non-vertebrate
GO:0099612,protein localization to axon,2/139,11/18860,0.18181818181818182,24.669718770438195,6.766241461278666,0.0028396394442685483,0.015905662754282176,0.009887749050161404,MAL/EPB41L3,2,Multicellular non-vertebrate
GO:1901203,positive regulation of extracellular matrix assembly,2/139,11/18860,0.18181818181818182,24.669718770438195,6.766241461278666,0.0028396394442685483,0.015905662754282176,0.009887749050161404,TGFB1/SMAD4,2,Multicellular non-vertebrate
GO:2000048,negative regulation of cell-cell adhesion mediated by cadherin,2/139,11/18860,0.18181818181818182,24.669718770438195,6.766241461278666,0.0028396394442685483,0.015905662754282176,0.009887749050161404,TGFB1/PLG,2,Multicellular non-vertebrate
GO:2000271,positive regulation of fibroblast apoptotic process,2/139,11/18860,0.18181818181818182,24.669718770438195,6.766241461278666,0.0028396394442685483,0.015905662754282176,0.009887749050161404,TP63/SFRP1,2,Multicellular non-vertebrate
GO:2000727,positive regulation of cardiac muscle cell differentiation,2/139,11/18860,0.18181818181818182,24.669718770438195,6.766241461278666,0.0028396394442685483,0.015905662754282176,0.009887749050161404,TGFB1/BMP4,2,Multicellular non-vertebrate
GO:0009913,epidermal cell differentiation,7/139,255/18860,0.027450980392156862,3.7246438143602765,3.774567514911944,0.002861606638311716,0.015976918484661214,0.009932045147171518,TP63/BMP4/CASP3/TXNIP/NME2/KLF4/CDKN2A,7,Multicellular non-vertebrate
GO:0048738,cardiac muscle tissue development,7/139,255/18860,0.027450980392156862,3.7246438143602765,3.774567514911944,0.002861606638311716,0.015976918484661214,0.009932045147171518,CXADR/SKI/TGFB1/BMP4/SMAD4/ITGB1/MYO18B,7,Multicellular non-vertebrate
GO:0006809,nitric oxide biosynthetic process,4/139,80/18860,0.05,6.784172661870503,4.467254106945165,0.0028978985581507946,0.016127435454056597,0.01002561396251508,ESR1/APP/KLF4/NOS2,4,Multicellular non-vertebrate
GO:0051145,smooth muscle cell differentiation,4/139,80/18860,0.05,6.784172661870503,4.467254106945165,0.0028978985581507946,0.016127435454056597,0.01002561396251508,TGFB1/BMP4/PDCD4/FOXO4,4,Multicellular non-vertebrate
GO:0034764,positive regulation of transmembrane transport,6/139,191/18860,0.031413612565445025,4.262307431541677,3.9046602380855013,0.0029440796186613544,0.016331731676864143,0.010152614629775743,IRS1/GPC3/NTSR1/ITGB1/LRRC26/VMP1,6,Multicellular non-vertebrate
GO:0034391,regulation of smooth muscle cell apoptotic process,3/139,39/18860,0.07692307692307693,10.437188710570007,5.083417789410826,0.00294878488610047,0.016331731676864143,0.010152614629775743,ESR1/PDCD4/CDKN2A,3,Multicellular non-vertebrate
GO:0071604,transforming growth factor beta production,3/139,39/18860,0.07692307692307693,10.437188710570007,5.083417789410826,0.00294878488610047,0.016331731676864143,0.010152614629775743,LGALS9/SMAD4/THBS1,3,Multicellular non-vertebrate
GO:0032720,negative regulation of tumor necrosis factor production,4/139,81/18860,0.04938271604938271,6.700417443822719,4.430116504816084,0.0030312560419802656,0.016761633409734078,0.010419862874411323,TWIST1/LGALS9/THBS1/DICER1,4,Multicellular non-vertebrate
GO:0030217,T cell differentiation,8/139,330/18860,0.024242424242424242,3.2892958360584257,3.615125573565825,0.0031336607151972173,0.01730020995482681,0.010754668773696859,LGALS9/TGFB1/BMP4/RUNX3/GATA3/EP300/SYK/CDKN2A,8,Multicellular non-vertebrate
GO:0030513,positive regulation of BMP signaling pathway,3/139,40/18860,0.075,10.176258992805755,5.005967866820754,0.0031708362628213725,0.017394301784620102,0.010813160923004883,GPC3/BMP4/SOX11,3,Multicellular non-vertebrate
GO:0035136,forelimb morphogenesis,3/139,40/18860,0.075,10.176258992805755,5.005967866820754,0.0031708362628213725,0.017394301784620102,0.010813160923004883,TWIST1/TP63/RECK,3,Multicellular non-vertebrate
GO:0060323,head morphogenesis,3/139,40/18860,0.075,10.176258992805755,5.005967866820754,0.0031708362628213725,0.017394301784620102,0.010813160923004883,SKI/TGFB1/EP300,3,Multicellular non-vertebrate
GO:0098732,macromolecule deacylation,3/139,40/18860,0.075,10.176258992805755,5.005967866820754,0.0031708362628213725,0.017394301784620102,0.010813160923004883,BRMS1/EP300/HDAC10,3,Multicellular non-vertebrate
GO:0031099,regeneration,6/139,194/18860,0.030927835051546393,4.196395460950827,3.856008195183448,0.003179356535870608,0.017413401248761996,0.010825034097442506,TGFB1/CD9/PLG/POSTN/CERS2/KLF4,6,Multicellular non-vertebrate
GO:1904018,positive regulation of vasculature development,6/139,195/18860,0.03076923076923077,4.174875484228003,3.8400087557281237,0.0032608182370299035,0.017831309853125546,0.011084826818417777,TWIST1/TGFB1/THBS1/ITGB1/KLF4/JUP,6,Multicellular non-vertebrate
GO:0050890,cognition,8/139,333/18860,0.024024024024024024,3.2596625402380797,3.5848035489507764,0.0033104146429259267,0.01801709858238626,0.011200322309530447,SERPINF1/CASP3/NTSR1/ITGB1/APP/LMX1A/EP300/PTEN,8,Multicellular non-vertebrate
GO:0043537,negative regulation of blood vessel endothelial cell migration,4/139,83/18860,0.04819277108433735,6.538961601802896,4.357691749471582,0.003310433333279883,0.01801709858238626,0.011200322309530447,TGFB1/THBS1/KLF4/JUP,4,Multicellular non-vertebrate
GO:1903556,negative regulation of tumor necrosis factor superfamily cytokine production,4/139,83/18860,0.04819277108433735,6.538961601802896,4.357691749471582,0.003310433333279883,0.01801709858238626,0.011200322309530447,TWIST1/LGALS9/THBS1/DICER1,4,Multicellular non-vertebrate
GO:0002357,defense response to tumor cell,2/139,12/18860,0.16666666666666666,22.613908872901675,6.453473206738548,0.0033911486362041138,0.018058258377074605,0.011225909279851749,KLF4/DAPK1,2,Multicellular non-vertebrate
GO:0006474,N-terminal protein amino acid acetylation,2/139,12/18860,0.16666666666666666,22.613908872901675,6.453473206738548,0.0033911486362041138,0.018058258377074605,0.011225909279851749,EP300/NAA10,2,Multicellular non-vertebrate
GO:0010936,negative regulation of macrophage cytokine production,2/139,12/18860,0.16666666666666666,22.613908872901675,6.453473206738548,0.0033911486362041138,0.018058258377074605,0.011225909279851749,TWIST1/TGFB1,2,Multicellular non-vertebrate
GO:0034214,protein hexamerization,2/139,12/18860,0.16666666666666666,22.613908872901675,6.453473206738548,0.0033911486362041138,0.018058258377074605,0.011225909279851749,NME3/NME1,2,Multicellular non-vertebrate
GO:0043589,skin morphogenesis,2/139,12/18860,0.16666666666666666,22.613908872901675,6.453473206738548,0.0033911486362041138,0.018058258377074605,0.011225909279851749,TP63/ITGA2,2,Multicellular non-vertebrate
GO:0051918,negative regulation of fibrinolysis,2/139,12/18860,0.16666666666666666,22.613908872901675,6.453473206738548,0.0033911486362041138,0.018058258377074605,0.011225909279851749,THBS1/PLG,2,Multicellular non-vertebrate
GO:0060148,positive regulation of post-transcriptional gene silencing,2/139,12/18860,0.16666666666666666,22.613908872901675,6.453473206738548,0.0033911486362041138,0.018058258377074605,0.011225909279851749,TGFB1/BMP4,2,Multicellular non-vertebrate
GO:0060601,lateral sprouting from an epithelium,2/139,12/18860,0.16666666666666666,22.613908872901675,6.453473206738548,0.0033911486362041138,0.018058258377074605,0.011225909279851749,TP63/BMP4,2,Multicellular non-vertebrate
GO:0061140,lung secretory cell differentiation,2/139,12/18860,0.16666666666666666,22.613908872901675,6.453473206738548,0.0033911486362041138,0.018058258377074605,0.011225909279851749,SPDEF/NKX2-1,2,Multicellular non-vertebrate
GO:0061309,cardiac neural crest cell development involved in outflow tract morphogenesis,2/139,12/18860,0.16666666666666666,22.613908872901675,6.453473206738548,0.0033911486362041138,0.018058258377074605,0.011225909279851749,TWIST1/BMP4,2,Multicellular non-vertebrate
GO:0098911,regulation of ventricular cardiac muscle cell action potential,2/139,12/18860,0.16666666666666666,22.613908872901675,6.453473206738548,0.0033911486362041138,0.018058258377074605,0.011225909279851749,BIN1/JUP,2,Multicellular non-vertebrate
GO:1900370,positive regulation of post-transcriptional gene silencing by RNA,2/139,12/18860,0.16666666666666666,22.613908872901675,6.453473206738548,0.0033911486362041138,0.018058258377074605,0.011225909279851749,TGFB1/BMP4,2,Multicellular non-vertebrate
GO:2000343,positive regulation of chemokine (C-X-C motif) ligand 2 production,2/139,12/18860,0.16666666666666666,22.613908872901675,6.453473206738548,0.0033911486362041138,0.018058258377074605,0.011225909279851749,TGFB1/POSTN,2,Multicellular non-vertebrate
GO:2000637,positive regulation of miRNA-mediated gene silencing,2/139,12/18860,0.16666666666666666,22.613908872901675,6.453473206738548,0.0033911486362041138,0.018058258377074605,0.011225909279851749,TGFB1/BMP4,2,Multicellular non-vertebrate
GO:0016202,regulation of striated muscle tissue development,3/139,41/18860,0.07317073170731707,9.928057553956835,4.931202613622386,0.0034028854782502775,0.01809288032743532,0.011247432001795654,TWIST1/TGFB1/BMP4,3,Multicellular non-vertebrate
GO:0048771,tissue remodeling,6/139,197/18860,0.030456852791878174,4.132490961545485,3.8083286536031093,0.0034284036284576835,0.018194328476082426,0.011310497203851192,TIMP1/TGFB1/SFRP1/PLG/SYK/CDKN2A,6,Multicellular non-vertebrate
GO:0062197,cellular response to chemical stress,8/139,335/18860,0.023880597014925373,3.240201868356061,3.5647793963897265,0.0034324948398164763,0.018194328476082426,0.011310497203851192,CASP3/MAP2K4/HGF/FOXO4/KLF4/MSRA/DAPK1/CDKN2A,8,Multicellular non-vertebrate
GO:0003151,outflow tract morphogenesis,4/139,84/18860,0.047619047619047616,6.461116820829051,4.322368407717343,0.0034563759302051844,0.018254099543021544,0.011347653864311334,TWIST1/BMP4/SMAD4/SOX11,4,Multicellular non-vertebrate
GO:0060390,regulation of SMAD protein signal transduction,4/139,84/18860,0.047619047619047616,6.461116820829051,4.322368407717343,0.0034563759302051844,0.018254099543021544,0.011347653864311334,SKI/TGFB1/BMP4/SMAD4,4,Multicellular non-vertebrate
GO:0034599,cellular response to oxidative stress,7/139,264/18860,0.026515151515151516,3.5976673206889034,3.662502537777805,0.0034648985243698302,0.018254099543021544,0.011347653864311334,MAP2K4/HGF/FOXO4/KLF4/MSRA/DAPK1/CDKN2A,7,Multicellular non-vertebrate
GO:0043523,regulation of neuron apoptotic process,7/139,264/18860,0.026515151515151516,3.5976673206889034,3.662502537777805,0.0034648985243698302,0.018254099543021544,0.011347653864311334,CASP3/CASP8/CASP5/MAP2K4/APP/GATA3/SET,7,Multicellular non-vertebrate
GO:0010927,cellular component assembly involved in morphogenesis,5/139,138/18860,0.036231884057971016,4.916067146282974,3.978467010678797,0.003584139964895891,0.018796339482064037,0.011684737111017513,SMAD4/CD9/EPB41L3/ITGB1/DICER1,5,Multicellular non-vertebrate
GO:0032989,cellular anatomical entity morphogenesis,5/139,138/18860,0.036231884057971016,4.916067146282974,3.978467010678797,0.003584139964895891,0.018796339482064037,0.011684737111017513,SMAD4/CD9/EPB41L3/ITGB1/DICER1,5,Multicellular non-vertebrate
GO:0035270,endocrine system development,5/139,138/18860,0.036231884057971016,4.916067146282974,3.978467010678797,0.003584139964895891,0.018796339482064037,0.011684737111017513,BMP4/SMAD4/NKX2-1/CDH1/GATA3,5,Multicellular non-vertebrate
GO:0010762,regulation of fibroblast migration,3/139,42/18860,0.07142857142857142,9.691675231243577,4.858963225517639,0.0036450716964424525,0.019000554725347084,0.011811687437388339,TGFB1/THBS1/ITGB1,3,Multicellular non-vertebrate
GO:0045429,positive regulation of nitric oxide biosynthetic process,3/139,42/18860,0.07142857142857142,9.691675231243577,4.858963225517639,0.0036450716964424525,0.019000554725347084,0.011811687437388339,ESR1/APP/KLF4,3,Multicellular non-vertebrate
GO:0060391,positive regulation of SMAD protein signal transduction,3/139,42/18860,0.07142857142857142,9.691675231243577,4.858963225517639,0.0036450716964424525,0.019000554725347084,0.011811687437388339,TGFB1/BMP4/SMAD4,3,Multicellular non-vertebrate
GO:1903170,negative regulation of calcium ion transmembrane transport,3/139,42/18860,0.07142857142857142,9.691675231243577,4.858963225517639,0.0036450716964424525,0.019000554725347084,0.011811687437388339,TGFB1/NTSR1/BIN1,3,Multicellular non-vertebrate
GO:0050870,positive regulation of T cell activation,7/139,267/18860,0.026217228464419477,3.5572440923665565,3.6262295178207675,0.003686142827541785,0.01918065485493758,0.011923646612733797,LGALS9/TGFB1/RUNX3/GATA3/EP300/SYK/TYK2,7,Multicellular non-vertebrate
GO:0031623,receptor internalization,5/139,139/18860,0.03597122302158273,4.88069975674137,3.9569005089161537,0.0036962720293369296,0.01918065485493758,0.011923646612733797,CD9/CD63/ITGB1/APP/SYK,5,Multicellular non-vertebrate
GO:0061041,regulation of wound healing,5/139,139/18860,0.03597122302158273,4.88069975674137,3.9569005089161537,0.0036962720293369296,0.01918065485493758,0.011923646612733797,THBS1/CD9/ITGB1/PLG/PTEN,5,Multicellular non-vertebrate
GO:2000514,"regulation of CD4-positive, alpha-beta T cell activation",4/139,86/18860,0.046511627906976744,6.310858290112096,4.253414829236165,0.003761272643694217,0.01948869303839162,0.012115138429385145,LGALS9/RUNX3/GATA3/EP300,4,Multicellular non-vertebrate
GO:0021543,pallium development,6/139,201/18860,0.029850746268656716,4.050252335445077,3.7462074519432242,0.0037827282756979024,0.019570522336544837,0.012166007580679828,NKX2-1/CASP3/PAX5/LMX1A/PTEN/SLIT2,6,Multicellular non-vertebrate
GO:0001709,cell fate determination,3/139,43/18860,0.06976744186046512,9.466287435168145,4.789103831735035,0.00389752940048537,0.019867052519288258,0.012350345453175968,BMP4/GATA3/KLF4,3,Multicellular non-vertebrate
GO:0014044,Schwann cell development,3/139,43/18860,0.06976744186046512,9.466287435168145,4.789103831735035,0.00389752940048537,0.019867052519288258,0.012350345453175968,SKI/NDRG1/DICER1,3,Multicellular non-vertebrate
GO:0021983,pituitary gland development,3/139,43/18860,0.06976744186046512,9.466287435168145,4.789103831735035,0.00389752940048537,0.019867052519288258,0.012350345453175968,BMP4/NKX2-1/CDH1,3,Multicellular non-vertebrate
GO:0032733,positive regulation of interleukin-10 production,3/139,43/18860,0.06976744186046512,9.466287435168145,4.789103831735035,0.00389752940048537,0.019867052519288258,0.012350345453175968,LGALS9/HGF/SYK,3,Multicellular non-vertebrate
GO:0032735,positive regulation of interleukin-12 production,3/139,43/18860,0.06976744186046512,9.466287435168145,4.789103831735035,0.00389752940048537,0.019867052519288258,0.012350345453175968,IRF8/LGALS9/SYK,3,Multicellular non-vertebrate
GO:0045687,positive regulation of glial cell differentiation,3/139,43/18860,0.06976744186046512,9.466287435168145,4.789103831735035,0.00389752940048537,0.019867052519288258,0.012350345453175968,TGFB1/BIN1/DICER1,3,Multicellular non-vertebrate
GO:0046640,regulation of alpha-beta T cell proliferation,3/139,43/18860,0.06976744186046512,9.466287435168145,4.789103831735035,0.00389752940048537,0.019867052519288258,0.012350345453175968,LGALS9/SYK/TYK2,3,Multicellular non-vertebrate
GO:0048701,embryonic cranial skeleton morphogenesis,3/139,43/18860,0.06976744186046512,9.466287435168145,4.789103831735035,0.00389752940048537,0.019867052519288258,0.012350345453175968,TWIST1/BMP4/PAX5,3,Multicellular non-vertebrate
GO:1901861,regulation of muscle tissue development,3/139,43/18860,0.06976744186046512,9.466287435168145,4.789103831735035,0.00389752940048537,0.019867052519288258,0.012350345453175968,TWIST1/TGFB1/BMP4,3,Multicellular non-vertebrate
GO:1902742,apoptotic process involved in development,3/139,43/18860,0.06976744186046512,9.466287435168145,4.789103831735035,0.00389752940048537,0.019867052519288258,0.012350345453175968,CRYAB/CDKN2A/SLIT2,3,Multicellular non-vertebrate
GO:0033084,regulation of immature T cell proliferation in thymus,2/139,13/18860,0.15384615384615385,20.874377421140014,6.176554851716443,0.003988421854889854,0.02024080166005776,0.012582686460824163,BMP4/CDKN2A,2,Multicellular non-vertebrate
GO:0036462,TRAIL-activated apoptotic signaling pathway,2/139,13/18860,0.15384615384615385,20.874377421140014,6.176554851716443,0.003988421854889854,0.02024080166005776,0.012582686460824163,TNFSF10/CASP8,2,Multicellular non-vertebrate
GO:0098814,spontaneous synaptic transmission,2/139,13/18860,0.15384615384615385,20.874377421140014,6.176554851716443,0.003988421854889854,0.02024080166005776,0.012582686460824163,ITGB1/APP,2,Multicellular non-vertebrate
GO:0032388,positive regulation of intracellular transport,5/139,142/18860,0.035211267605633804,4.7775863815989466,3.8934182795110597,0.004047767299062108,0.02051185305800388,0.012751185456684308,TGFB1/CDH1/EP300/ZDHHC2/JUP,5,Multicellular non-vertebrate
GO:0086001,cardiac muscle cell action potential,4/139,88/18860,0.045454545454545456,6.167429692609549,4.186613296724391,0.004083917411429533,0.020664741689458956,0.012846228614822652,CXADR/BIN1/DMD/JUP,4,Multicellular non-vertebrate
GO:0035196,miRNA processing,3/139,44/18860,0.06818181818181818,9.251144538914321,4.721490168526033,0.004160388467826792,0.020977807703258945,0.013040845980248386,TGFB1/BMP4/DICER1,3,Multicellular non-vertebrate
GO:2000403,positive regulation of lymphocyte migration,3/139,44/18860,0.06818181818181818,9.251144538914321,4.721490168526033,0.004160388467826792,0.020977807703258945,0.013040845980248386,LGALS9/APP/MED23,3,Multicellular non-vertebrate
GO:0046632,alpha-beta T cell differentiation,5/139,143/18860,0.03496503496503497,4.74417668662273,3.872651727486253,0.004170067677123523,0.020977807703258945,0.013040845980248386,LGALS9/RUNX3/GATA3/EP300/SYK,5,Multicellular non-vertebrate
GO:0048593,camera-type eye morphogenesis,5/139,143/18860,0.03496503496503497,4.74417668662273,3.872651727486253,0.004170067677123523,0.020977807703258945,0.013040845980248386,TWIST1/SKI/BMP4/THRB/SOX11,5,Multicellular non-vertebrate
GO:0071216,cellular response to biotic stimulus,7/139,274/18860,0.025547445255474453,3.4663655936564615,3.5435778389752883,0.004244166734988814,0.02125986191374324,0.013216184870233294,IRF8/AHR/MMP8/PDCD4/TXNIP/SYK/NOS2,7,Multicellular non-vertebrate
GO:0007422,peripheral nervous system development,4/139,89/18860,0.0449438202247191,6.0981327297712395,4.153982335014278,0.004252043247166959,0.02125986191374324,0.013216184870233294,SKI/RUNX3/NDRG1/DICER1,4,Multicellular non-vertebrate
GO:0046209,nitric oxide metabolic process,4/139,89/18860,0.0449438202247191,6.0981327297712395,4.153982335014278,0.004252043247166959,0.02125986191374324,0.013216184870233294,ESR1/APP/KLF4/NOS2,4,Multicellular non-vertebrate
GO:0098586,cellular response to virus,4/139,89/18860,0.0449438202247191,6.0981327297712395,4.153982335014278,0.004252043247166959,0.02125986191374324,0.013216184870233294,LGALS9/TGFB1/TYK2/RRP1B,4,Multicellular non-vertebrate
GO:0046631,alpha-beta T cell activation,6/139,206/18860,0.02912621359223301,3.9519452399245654,3.670778079190109,0.004263045227495389,0.02125986191374324,0.013216184870233294,LGALS9/RUNX3/GATA3/EP300/SYK/TYK2,6,Multicellular non-vertebrate
GO:2000241,regulation of reproductive process,6/139,206/18860,0.02912621359223301,3.9519452399245654,3.670778079190109,0.004263045227495389,0.02125986191374324,0.013216184870233294,TIMP1/SERPINF1/BMP4/SFRP1/ESR1/ARHGDIB,6,Multicellular non-vertebrate
GO:0048634,regulation of muscle organ development,3/139,45/18860,0.06666666666666667,9.04556354916067,4.655998415408097,0.004433774244659663,0.02204766012883999,0.013705919323514382,TWIST1/TGFB1/BMP4,3,Multicellular non-vertebrate
GO:1904407,positive regulation of nitric oxide metabolic process,3/139,45/18860,0.06666666666666667,9.04556354916067,4.655998415408097,0.004433774244659663,0.02204766012883999,0.013705919323514382,ESR1/APP/KLF4,3,Multicellular non-vertebrate
GO:0032496,response to lipopolysaccharide,8/139,350/18860,0.022857142857142857,3.1013360739979445,3.4192317512814596,0.004463339207451018,0.022150524836218016,0.013769865128752735,IRF8/LGALS9/CASP3/CASP8/PTGER1/MMP8/PDCD4/NOS2,8,Multicellular non-vertebrate
GO:0090101,negative regulation of transmembrane receptor protein serine/threonine kinase signaling pathway,6/139,208/18860,0.028846153846153848,3.913945766463752,3.641267940267615,0.0044672788804525345,0.022150524836218016,0.013769865128752735,SKI/BMP4/NKX2-1/SFRP1/BRMS1/HTRA1,6,Multicellular non-vertebrate
GO:0010038,response to metal ion,8/139,351/18860,0.022792022792022793,3.0925003586874094,3.4098072542555395,0.004539695643234747,0.02247734690976975,0.013973033943360157,SERPINF1/CASP3/CASP8/THBS1/APP/CDH1/NDRG1/TXNIP,8,Multicellular non-vertebrate
GO:0001892,embryonic placenta development,4/139,91/18860,0.04395604395604396,5.964107834611432,4.090190585882637,0.004602193255296096,0.022572527294929923,0.014032202792687614,CASP8/PKD1/PLG/SENP2,4,Multicellular non-vertebrate
GO:0008543,fibroblast growth factor receptor signaling pathway,4/139,91/18860,0.04395604395604396,5.964107834611432,4.090190585882637,0.004602193255296096,0.022572527294929923,0.014032202792687614,THBS1/ITGB1/CREB3L1/GATA3,4,Multicellular non-vertebrate
GO:0055013,cardiac muscle cell development,4/139,91/18860,0.04395604395604396,5.964107834611432,4.090190585882637,0.004602193255296096,0.022572527294929923,0.014032202792687614,CXADR/BMP4/SMAD4/MYO18B,4,Multicellular non-vertebrate
GO:2001057,reactive nitrogen species metabolic process,4/139,91/18860,0.04395604395604396,5.964107834611432,4.090190585882637,0.004602193255296096,0.022572527294929923,0.014032202792687614,ESR1/APP/KLF4/NOS2,4,Multicellular non-vertebrate
GO:0002835,negative regulation of response to tumor cell,2/139,14/18860,0.14285714285714285,19.383350462487154,5.928997946335172,0.004630764424798991,0.022572527294929923,0.014032202792687614,AHR/TGFB1,2,Multicellular non-vertebrate
GO:0002838,negative regulation of immune response to tumor cell,2/139,14/18860,0.14285714285714285,19.383350462487154,5.928997946335172,0.004630764424798991,0.022572527294929923,0.014032202792687614,AHR/TGFB1,2,Multicellular non-vertebrate
GO:0033080,immature T cell proliferation in thymus,2/139,14/18860,0.14285714285714285,19.383350462487154,5.928997946335172,0.004630764424798991,0.022572527294929923,0.014032202792687614,BMP4/CDKN2A,2,Multicellular non-vertebrate
GO:0033083,regulation of immature T cell proliferation,2/139,14/18860,0.14285714285714285,19.383350462487154,5.928997946335172,0.004630764424798991,0.022572527294929923,0.014032202792687614,BMP4/CDKN2A,2,Multicellular non-vertebrate
GO:0060707,trophoblast giant cell differentiation,2/139,14/18860,0.14285714285714285,19.383350462487154,5.928997946335172,0.004630764424798991,0.022572527294929923,0.014032202792687614,PLG/SENP2,2,Multicellular non-vertebrate
GO:0061029,eyelid development in camera-type eye,2/139,14/18860,0.14285714285714285,19.383350462487154,5.928997946335172,0.004630764424798991,0.022572527294929923,0.014032202792687614,TWIST1/SOX11,2,Multicellular non-vertebrate
GO:0072160,nephron tubule epithelial cell differentiation,2/139,14/18860,0.14285714285714285,19.383350462487154,5.928997946335172,0.004630764424798991,0.022572527294929923,0.014032202792687614,MTSS1/GATA3,2,Multicellular non-vertebrate
GO:0002822,regulation of adaptive immune response based on somatic recombination of immune receptors built from immunoglobulin superfamily domains,6/139,210/18860,0.02857142857142857,3.876670092497431,3.612122715142598,0.004678650150232728,0.022718187895263364,0.014122752648097137,LGALS9/AHR/TGFB1/GATA3/EP300/TYK2,6,Multicellular non-vertebrate
GO:0060759,regulation of response to cytokine stimulus,6/139,210/18860,0.02857142857142857,3.876670092497431,3.612122715142598,0.004678650150232728,0.022718187895263364,0.014122752648097137,CASP8/MMP8/DICER1/SYK/KLF4/SLIT2,6,Multicellular non-vertebrate
GO:1903522,regulation of blood circulation,7/139,279/18860,0.025089605734767026,3.4042443464583174,3.4861684822535692,0.0046803674136074985,0.022718187895263364,0.014122752648097137,CXADR/THRB/ITGB1/APP/BIN1/DMD/JUP,7,Multicellular non-vertebrate
GO:0072528,pyrimidine-containing compound biosynthetic process,3/139,46/18860,0.06521739130434782,8.848920863309353,4.5925141710588315,0.00471780761937398,0.02286780242995298,0.014215760465257686,NME3/NME1/NME2,3,Multicellular non-vertebrate
GO:0001656,metanephros development,4/139,92/18860,0.043478260869565216,5.899280575539568,4.059003601785065,0.004784332428980347,0.023041884469926714,0.014323978497539115,GPC3/BMP4/SMAD4/PKD1,4,Multicellular non-vertebrate
GO:0010660,regulation of muscle cell apoptotic process,4/139,92/18860,0.043478260869565216,5.899280575539568,4.059003601785065,0.004784332428980347,0.023041884469926714,0.014323978497539115,SMAD4/ESR1/PDCD4/CDKN2A,4,Multicellular non-vertebrate
GO:0033273,response to vitamin,4/139,92/18860,0.043478260869565216,5.899280575539568,4.059003601785065,0.004784332428980347,0.023041884469926714,0.014323978497539115,TGFB1/SFRP1/ITGA2/POSTN,4,Multicellular non-vertebrate
GO:0060021,roof of mouth development,4/139,92/18860,0.043478260869565216,5.899280575539568,4.059003601785065,0.004784332428980347,0.023041884469926714,0.014323978497539115,SKI/SMAD4/SOX11/EPHB3,4,Multicellular non-vertebrate
GO:0141193,nuclear receptor-mediated signaling pathway,6/139,211/18860,0.02843601895734597,3.8582972484571587,3.5976843182021714,0.004787058174018339,0.023041884469926714,0.014323978497539115,TWIST1/TP63/SFRP1/THRB/ESR1/EP300,6,Multicellular non-vertebrate
GO:0030901,midbrain development,4/139,93/18860,0.043010752688172046,5.835847451071402,4.028272563855972,0.00497125681889326,0.023862032730687648,0.01483382334409524,CASP5/SFRP1/NDRG2/LMX1A,4,Multicellular non-vertebrate
GO:0035023,regulation of Rho protein signal transduction,4/139,93/18860,0.043010752688172046,5.835847451071402,4.028272563855972,0.00497125681889326,0.023862032730687648,0.01483382334409524,ITGB1/DLC1/ARHGDIB/ARHGDIA,4,Multicellular non-vertebrate
GO:0014911,positive regulation of smooth muscle cell migration,3/139,47/18860,0.06382978723404255,8.660645951324046,4.530931549467874,0.00501260509508603,0.02389456994292044,0.014854050089394681,ITGA2/POSTN/FOXO4,3,Multicellular non-vertebrate
GO:0046633,alpha-beta T cell proliferation,3/139,47/18860,0.06382978723404255,8.660645951324046,4.530931549467874,0.00501260509508603,0.02389456994292044,0.014854050089394681,LGALS9/SYK/TYK2,3,Multicellular non-vertebrate
GO:0048806,genitalia development,3/139,47/18860,0.06382978723404255,8.660645951324046,4.530931549467874,0.00501260509508603,0.02389456994292044,0.014854050089394681,TP63/ESR1/PKD1,3,Multicellular non-vertebrate
GO:0051101,regulation of DNA binding,3/139,47/18860,0.06382978723404255,8.660645951324046,4.530931549467874,0.00501260509508603,0.02389456994292044,0.014854050089394681,SKI/SOX11/GATA3,3,Multicellular non-vertebrate
GO:0060563,neuroepithelial cell differentiation,3/139,47/18860,0.06382978723404255,8.660645951324046,4.530931549467874,0.00501260509508603,0.02389456994292044,0.014854050089394681,TGFB1/BMP4/SOX11,3,Multicellular non-vertebrate
GO:0008064,regulation of actin polymerization or depolymerization,5/139,150/18860,0.03333333333333333,4.522781774580335,3.732473090546141,0.005101197787056025,0.02428338781276257,0.015095758566596125,BIN1/GSN/PFN1/LIMA1/SLIT2,5,Multicellular non-vertebrate
GO:0007416,synapse assembly,7/139,284/18860,0.02464788732394366,3.344310467119262,3.430049631902724,0.005149623929590672,0.024476551415074512,0.015215838644665901,LZTS1/APP/CDH1/CRMP1/EPHB3/ZDHHC2/PTEN,7,Multicellular non-vertebrate
GO:0048145,regulation of fibroblast proliferation,4/139,94/18860,0.0425531914893617,5.773763967549365,3.9979855640863287,0.00516302256411728,0.024476551415074512,0.015215838644665901,SKI/TGFB1/SFRP1/ESR1,4,Multicellular non-vertebrate
GO:0048704,embryonic skeletal system morphogenesis,4/139,94/18860,0.0425531914893617,5.773763967549365,3.9979855640863287,0.00516302256411728,0.024476551415074512,0.015215838644665901,TWIST1/BMP4/PAX5/SOX11,4,Multicellular non-vertebrate
GO:0007249,canonical NF-kappaB signal transduction,8/139,359/18860,0.022284122562674095,3.023586701669305,3.335597565329308,0.005187356188769092,0.02455822327176162,0.015266609922534558,TNFSF10/OLFM4/LGALS9/TGFB1/CASP8/ESR1/EP300/KLF4,8,Multicellular non-vertebrate
GO:0043254,regulation of protein-containing complex assembly,9/139,438/18860,0.02054794520547945,2.7880161624125352,3.2624383620842723,0.00521743827996509,0.02463803182908441,0.015316222881079823,CRYAB/TGFB1/BIN1/GSN/PFN1/EP300/SYK/DRG1/SLIT2,9,Multicellular non-vertebrate
GO:0002934,desmosome organization,2/139,15/18860,0.13333333333333333,18.09112709832134,5.7058515873274755,0.005317489295883753,0.02463803182908441,0.015316222881079823,CDH1/JUP,2,Multicellular non-vertebrate
GO:0010466,negative regulation of peptidase activity,2/139,15/18860,0.13333333333333333,18.09112709832134,5.7058515873274755,0.005317489295883753,0.02463803182908441,0.015316222881079823,TIMP1/TIMP2,2,Multicellular non-vertebrate
GO:0032736,positive regulation of interleukin-13 production,2/139,15/18860,0.13333333333333333,18.09112709832134,5.7058515873274755,0.005317489295883753,0.02463803182908441,0.015316222881079823,LGALS9/GATA3,2,Multicellular non-vertebrate
GO:0033079,immature T cell proliferation,2/139,15/18860,0.13333333333333333,18.09112709832134,5.7058515873274755,0.005317489295883753,0.02463803182908441,0.015316222881079823,BMP4/CDKN2A,2,Multicellular non-vertebrate
GO:0036446,myofibroblast differentiation,2/139,15/18860,0.13333333333333333,18.09112709832134,5.7058515873274755,0.005317489295883753,0.02463803182908441,0.015316222881079823,TGFB1/PDCD4,2,Multicellular non-vertebrate
GO:0046321,positive regulation of fatty acid oxidation,2/139,15/18860,0.13333333333333333,18.09112709832134,5.7058515873274755,0.005317489295883753,0.02463803182908441,0.015316222881079823,IRS1/TWIST1,2,Multicellular non-vertebrate
GO:0060572,morphogenesis of an epithelial bud,2/139,15/18860,0.13333333333333333,18.09112709832134,5.7058515873274755,0.005317489295883753,0.02463803182908441,0.015316222881079823,TP63/BMP4,2,Multicellular non-vertebrate
GO:0061307,cardiac neural crest cell differentiation involved in heart development,2/139,15/18860,0.13333333333333333,18.09112709832134,5.7058515873274755,0.005317489295883753,0.02463803182908441,0.015316222881079823,TWIST1/BMP4,2,Multicellular non-vertebrate
GO:0061308,cardiac neural crest cell development involved in heart development,2/139,15/18860,0.13333333333333333,18.09112709832134,5.7058515873274755,0.005317489295883753,0.02463803182908441,0.015316222881079823,TWIST1/BMP4,2,Multicellular non-vertebrate
GO:0098693,regulation of synaptic vesicle cycle,2/139,15/18860,0.13333333333333333,18.09112709832134,5.7058515873274755,0.005317489295883753,0.02463803182908441,0.015316222881079823,CASP3/ARHGDIA,2,Multicellular non-vertebrate
GO:1901722,regulation of cell proliferation involved in kidney development,2/139,15/18860,0.13333333333333333,18.09112709832134,5.7058515873274755,0.005317489295883753,0.02463803182908441,0.015316222881079823,BMP4/GATA3,2,Multicellular non-vertebrate
GO:1903798,regulation of miRNA processing,2/139,15/18860,0.13333333333333333,18.09112709832134,5.7058515873274755,0.005317489295883753,0.02463803182908441,0.015316222881079823,TGFB1/BMP4,2,Multicellular non-vertebrate
GO:2000052,positive regulation of non-canonical Wnt signaling pathway,2/139,15/18860,0.13333333333333333,18.09112709832134,5.7058515873274755,0.005317489295883753,0.02463803182908441,0.015316222881079823,GPC3/SFRP1,2,Multicellular non-vertebrate
GO:0006911,"phagocytosis, engulfment",3/139,48/18860,0.0625,8.48021582733813,4.4711523799966395,0.0053182788612549095,0.02463803182908441,0.015316222881079823,THBS1/ITGA2/GSN,3,Multicellular non-vertebrate
GO:0008038,neuron recognition,3/139,48/18860,0.0625,8.48021582733813,4.4711523799966395,0.0053182788612549095,0.02463803182908441,0.015316222881079823,CASP3/APP/EPHB3,3,Multicellular non-vertebrate
GO:0051216,cartilage development,6/139,216/18860,0.027777777777777776,3.76898481215028,3.526794142687809,0.005357055299977882,0.024763465501344843,0.015394198674538506,TIMP1/TGFB1/BMP4/RUNX3/PKD1/GATA3,6,Multicellular non-vertebrate
GO:0021766,hippocampus development,4/139,95/18860,0.042105263157894736,5.712987504733055,3.968131130338716,0.005359685241610516,0.024763465501344843,0.015394198674538506,NKX2-1/CASP3/LMX1A/PTEN,4,Multicellular non-vertebrate
GO:0030832,regulation of actin filament length,5/139,153/18860,0.032679738562091505,4.43409977900033,3.675011992390902,0.005542112582765711,0.025572150982694657,0.015896917688742625,BIN1/GSN/PFN1/LIMA1/SLIT2,5,Multicellular non-vertebrate
GO:0021700,developmental maturation,8/139,364/18860,0.02197802197802198,2.982053917305716,3.2902542328745397,0.0056266913553045415,0.02575971138009816,0.016013514536665555,TGFB1/CD63/RECK/APP/PFN1/GATA3/ZDHHC2/PTEN,8,Multicellular non-vertebrate
GO:0010453,regulation of cell fate commitment,3/139,49/18860,0.061224489795918366,8.307150198208781,4.413085497509356,0.005634936864396473,0.02575971138009816,0.016013514536665555,SPDEF/BMP4/EP300,3,Multicellular non-vertebrate
GO:0019098,reproductive behavior,3/139,49/18860,0.061224489795918366,8.307150198208781,4.413085497509356,0.005634936864396473,0.02575971138009816,0.016013514536665555,THRB/APP/PTEN,3,Multicellular non-vertebrate
GO:0051099,positive regulation of binding,3/139,49/18860,0.061224489795918366,8.307150198208781,4.413085497509356,0.005634936864396473,0.02575971138009816,0.016013514536665555,SKI/BMP4/GATA3,3,Multicellular non-vertebrate
GO:0060711,labyrinthine layer development,3/139,49/18860,0.061224489795918366,8.307150198208781,4.413085497509356,0.005634936864396473,0.02575971138009816,0.016013514536665555,CASP8/PLG/SENP2,3,Multicellular non-vertebrate
GO:0071526,semaphorin-plexin signaling pathway,3/139,49/18860,0.061224489795918366,8.307150198208781,4.413085497509356,0.005634936864396473,0.02575971138009816,0.016013514536665555,SEMA3F/CRMP1/ARHGDIA,3,Multicellular non-vertebrate
GO:0097028,dendritic cell differentiation,3/139,49/18860,0.061224489795918366,8.307150198208781,4.413085497509356,0.005634936864396473,0.02575971138009816,0.016013514536665555,IRF8/LGALS9/TGFB1,3,Multicellular non-vertebrate
GO:1903039,positive regulation of leukocyte cell-cell adhesion,7/139,289/18860,0.02422145328719723,3.286450424435538,3.3751670641952765,0.0056534611178119445,0.02581025313495123,0.016044933798865575,LGALS9/TGFB1/RUNX3/GATA3/EP300/SYK/TYK2,7,Multicellular non-vertebrate
GO:0009791,post-embryonic development,4/139,97/18860,0.041237113402061855,5.595193947934436,3.9096761305902796,0.0057679208358713645,0.026263418193374754,0.01632664368076202,BMP4/GATA3/KDM5B/KLF4,4,Multicellular non-vertebrate
GO:0045666,positive regulation of neuron differentiation,4/139,97/18860,0.041237113402061855,5.595193947934436,3.9096761305902796,0.0057679208358713645,0.026263418193374754,0.01632664368076202,BMP4/APP/SOX11/DMD,4,Multicellular non-vertebrate
GO:0014037,Schwann cell differentiation,3/139,50/18860,0.06,8.141007194244605,4.356646110822808,0.005962682877904596,0.026831323554721974,0.016679681827237922,SKI/NDRG1/DICER1,3,Multicellular non-vertebrate
GO:0022602,ovulation cycle process,3/139,50/18860,0.06,8.141007194244605,4.356646110822808,0.005962682877904596,0.026831323554721974,0.016679681827237922,CASP3/ESR1/SLIT2,3,Multicellular non-vertebrate
GO:0043029,T cell homeostasis,3/139,50/18860,0.06,8.141007194244605,4.356646110822808,0.005962682877904596,0.026831323554721974,0.016679681827237922,LGALS9/TGFB1/CASP3,3,Multicellular non-vertebrate
GO:1904894,positive regulation of receptor signaling pathway via STAT,3/139,50/18860,0.06,8.141007194244605,4.356646110822808,0.005962682877904596,0.026831323554721974,0.016679681827237922,TGFB1/EP300/TYK2,3,Multicellular non-vertebrate
GO:0021954,central nervous system neuron development,4/139,98/18860,0.04081632653061224,5.538100132139186,3.8810546219463813,0.005979602014997613,0.026831323554721974,0.016679681827237922,DCC/EPHB3/PTEN/SLIT2,4,Multicellular non-vertebrate
GO:0051153,regulation of striated muscle cell differentiation,4/139,98/18860,0.04081632653061224,5.538100132139186,3.8810546219463813,0.005979602014997613,0.026831323554721974,0.016679681827237922,TGFB1/BMP4/SMAD4/BHLHE41,4,Multicellular non-vertebrate
GO:0003188,heart valve formation,2/139,16/18860,0.125,16.96043165467626,5.503263214443362,0.006047916970233917,0.026831323554721974,0.016679681827237922,TWIST1/SMAD4,2,Multicellular non-vertebrate
GO:0007216,G protein-coupled glutamate receptor signaling pathway,2/139,16/18860,0.125,16.96043165467626,5.503263214443362,0.006047916970233917,0.026831323554721974,0.016679681827237922,PTGER1/TRPM1,2,Multicellular non-vertebrate
GO:0009263,deoxyribonucleotide biosynthetic process,2/139,16/18860,0.125,16.96043165467626,5.503263214443362,0.006047916970233917,0.026831323554721974,0.016679681827237922,RRM1/NME3,2,Multicellular non-vertebrate
GO:0009265,2'-deoxyribonucleotide biosynthetic process,2/139,16/18860,0.125,16.96043165467626,5.503263214443362,0.006047916970233917,0.026831323554721974,0.016679681827237922,RRM1/NME3,2,Multicellular non-vertebrate
GO:0010455,positive regulation of cell fate commitment,2/139,16/18860,0.125,16.96043165467626,5.503263214443362,0.006047916970233917,0.026831323554721974,0.016679681827237922,SPDEF/EP300,2,Multicellular non-vertebrate
GO:0014004,microglia differentiation,2/139,16/18860,0.125,16.96043165467626,5.503263214443362,0.006047916970233917,0.026831323554721974,0.016679681827237922,TGFB1/APP,2,Multicellular non-vertebrate
GO:0035655,interleukin-18-mediated signaling pathway,2/139,16/18860,0.125,16.96043165467626,5.503263214443362,0.006047916970233917,0.026831323554721974,0.016679681827237922,CASP3/CASP5,2,Multicellular non-vertebrate
GO:0038065,collagen-activated signaling pathway,2/139,16/18860,0.125,16.96043165467626,5.503263214443362,0.006047916970233917,0.026831323554721974,0.016679681827237922,ITGA2/SYK,2,Multicellular non-vertebrate
GO:0045651,positive regulation of macrophage differentiation,2/139,16/18860,0.125,16.96043165467626,5.503263214443362,0.006047916970233917,0.026831323554721974,0.016679681827237922,TGFB1/CASP8,2,Multicellular non-vertebrate
GO:0046007,negative regulation of activated T cell proliferation,2/139,16/18860,0.125,16.96043165467626,5.503263214443362,0.006047916970233917,0.026831323554721974,0.016679681827237922,LGALS9/CASP3,2,Multicellular non-vertebrate
GO:0046385,deoxyribose phosphate biosynthetic process,2/139,16/18860,0.125,16.96043165467626,5.503263214443362,0.006047916970233917,0.026831323554721974,0.016679681827237922,RRM1/NME3,2,Multicellular non-vertebrate
GO:0051290,protein heterotetramerization,2/139,16/18860,0.125,16.96043165467626,5.503263214443362,0.006047916970233917,0.026831323554721974,0.016679681827237922,PKD1/RRM1,2,Multicellular non-vertebrate
GO:0070920,regulation of regulatory ncRNA processing,2/139,16/18860,0.125,16.96043165467626,5.503263214443362,0.006047916970233917,0.026831323554721974,0.016679681827237922,TGFB1/BMP4,2,Multicellular non-vertebrate
GO:0071351,cellular response to interleukin-18,2/139,16/18860,0.125,16.96043165467626,5.503263214443362,0.006047916970233917,0.026831323554721974,0.016679681827237922,CASP3/CASP5,2,Multicellular non-vertebrate
GO:0071383,cellular response to steroid hormone stimulus,6/139,222/18860,0.02702702702702703,3.66712035776784,3.444464051777387,0.006104976483647628,0.027049741958315644,0.016815461542678555,TP63/SERPINF1/TGFB1/SFRP1/ESR1/EP300,6,Multicellular non-vertebrate
GO:0061082,myeloid leukocyte cytokine production,3/139,51/18860,0.058823529411764705,7.981379602200593,4.301755239457437,0.006301616570989555,0.027885258475467224,0.0173348600598284,TWIST1/TGFB1/SYK,3,Multicellular non-vertebrate
GO:0002819,regulation of adaptive immune response,6/139,224/18860,0.026785714285714284,3.634378211716341,3.417653211069225,0.006370415018367375,0.02815365000444712,0.01750170554918268,LGALS9/AHR/TGFB1/GATA3/EP300/TYK2,6,Multicellular non-vertebrate
GO:0060349,bone morphogenesis,4/139,100/18860,0.04,5.427338129496403,3.8249739644996743,0.006418357329452695,0.028293167003301672,0.01758843623712802,TWIST1/SKI/TGFB1/BMP4,4,Multicellular non-vertebrate
GO:0060395,SMAD protein signal transduction,4/139,100/18860,0.04,5.427338129496403,3.8249739644996743,0.006418357329452695,0.028293167003301672,0.01758843623712802,SKI/TGFB1/BMP4/SMAD4,4,Multicellular non-vertebrate
GO:0043535,regulation of blood vessel endothelial cell migration,5/139,159/18860,0.031446540880503145,4.266775259038052,3.5644096731363315,0.006503597660026273,0.028632399379682545,0.017799319911650853,TGFB1/THBS1/PLG/KLF4/JUP,5,Multicellular non-vertebrate
GO:0048640,negative regulation of developmental growth,4/139,101/18860,0.039603960396039604,5.37360210841228,3.7974959921515157,0.006645536123167879,0.02917352391018312,0.018135709765071804,DCC/SEMA3F/CDH1/PTEN,4,Multicellular non-vertebrate
GO:0030195,negative regulation of blood coagulation,3/139,52/18860,0.057692307692307696,7.827891532927504,4.248339210122923,0.006651833576743142,0.02917352391018312,0.018135709765071804,THBS1/CD9/PLG,3,Multicellular non-vertebrate
GO:2000404,regulation of T cell migration,3/139,52/18860,0.057692307692307696,7.827891532927504,4.248339210122923,0.006651833576743142,0.02917352391018312,0.018135709765071804,LGALS9/APP/MED23,3,Multicellular non-vertebrate
GO:0001890,placenta development,5/139,160/18860,0.03125,4.240107913669065,3.546507410740557,0.006674515018233808,0.029235898482910066,0.01817448489388994,CASP8/PKD1/PLG/SENP2/HTRA1,5,Multicellular non-vertebrate
GO:0051917,regulation of fibrinolysis,2/139,17/18860,0.11764705882352941,15.962759204401186,5.318183671468922,0.006821375429390136,0.029803632723100264,0.018527416662965288,THBS1/PLG,2,Multicellular non-vertebrate
GO:1904948,midbrain dopaminergic neuron differentiation,2/139,17/18860,0.11764705882352941,15.962759204401186,5.318183671468922,0.006821375429390136,0.029803632723100264,0.018527416662965288,SFRP1/LMX1A,2,Multicellular non-vertebrate
GO:0002042,cell migration involved in sprouting angiogenesis,4/139,102/18860,0.0392156862745098,5.320919734800395,3.770380909636754,0.006877984419152782,0.03001302291993941,0.018657583997196744,THBS1/ITGB1/KLF4/SLIT2,4,Multicellular non-vertebrate
GO:0090596,sensory organ morphogenesis,7/139,300/18860,0.023333333333333334,3.165947242206235,3.2585300028477535,0.0068911986583049464,0.030032764896723702,0.018669856589368015,TWIST1/SKI/BMP4/RAB37/THRB/SOX11/GATA3,7,Multicellular non-vertebrate
GO:0003197,endocardial cushion development,3/139,53/18860,0.05660377358490566,7.680195466268495,4.19632920558812,0.007013425559340341,0.03045024966467364,0.018929385832602005,TWIST1/BMP4/SMAD4,3,Multicellular non-vertebrate
GO:0050922,negative regulation of chemotaxis,3/139,53/18860,0.05660377358490566,7.680195466268495,4.19632920558812,0.007013425559340341,0.03045024966467364,0.018929385832602005,THBS1/SEMA3F/SLIT2,3,Multicellular non-vertebrate
GO:1900047,negative regulation of hemostasis,3/139,53/18860,0.05660377358490566,7.680195466268495,4.19632920558812,0.007013425559340341,0.03045024966467364,0.018929385832602005,THBS1/CD9/PLG,3,Multicellular non-vertebrate
GO:0034109,homotypic cell-cell adhesion,4/139,103/18860,0.038834951456310676,5.269260319899419,3.743620086138341,0.007115752994578079,0.030817095675766716,0.01915743551237813,CXADR/CD9/SYK/JUP,4,Multicellular non-vertebrate
GO:2001237,negative regulation of extrinsic apoptotic signaling pathway,4/139,103/18860,0.038834951456310676,5.269260319899419,3.743620086138341,0.007115752994578079,0.030817095675766716,0.01915743551237813,BMP4/THBS1/HGF/KLF4,4,Multicellular non-vertebrate
GO:0009152,purine ribonucleotide biosynthetic process,5/139,163/18860,0.03067484662576687,4.162069117711965,3.4936661786906456,0.007206140565853102,0.031169489105867736,0.01937650075081507,TGFB1/NTSR1/NME3/NME1/NME2,5,Multicellular non-vertebrate
GO:0043255,regulation of carbohydrate biosynthetic process,4/139,104/18860,0.038461538461538464,5.218594355285004,3.7172051790978546,0.007358891993560688,0.03175084060823014,0.019737897685610906,IRS1/TGFB1/NTSR1/EP300,4,Multicellular non-vertebrate
GO:0006220,pyrimidine nucleotide metabolic process,3/139,54/18860,0.05555555555555555,7.53796962430056,4.1456608596098645,0.007386480280386873,0.03175084060823014,0.019737897685610906,NME3/NME1/NME2,3,Multicellular non-vertebrate
GO:0045581,negative regulation of T cell differentiation,3/139,54/18860,0.05555555555555555,7.53796962430056,4.1456608596098645,0.007386480280386873,0.03175084060823014,0.019737897685610906,BMP4/RUNX3/CDKN2A,3,Multicellular non-vertebrate
GO:0048260,positive regulation of receptor-mediated endocytosis,3/139,54/18860,0.05555555555555555,7.53796962430056,4.1456608596098645,0.007386480280386873,0.03175084060823014,0.019737897685610906,CD63/APP/SYK,3,Multicellular non-vertebrate
GO:0060324,face development,3/139,54/18860,0.05555555555555555,7.53796962430056,4.1456608596098645,0.007386480280386873,0.03175084060823014,0.019737897685610906,SKI/TGFB1/EP300,3,Multicellular non-vertebrate
GO:0032637,interleukin-8 production,4/139,105/18860,0.0380952380952381,5.168893456663242,3.6911281219013223,0.007607450920819212,0.03207067243661019,0.019936721017032588,LGALS9/SYK/KLF4/NOS2,4,Multicellular non-vertebrate
GO:0032677,regulation of interleukin-8 production,4/139,105/18860,0.0380952380952381,5.168893456663242,3.6911281219013223,0.007607450920819212,0.03207067243661019,0.019936721017032588,LGALS9/SYK/KLF4/NOS2,4,Multicellular non-vertebrate
GO:0035282,segmentation,4/139,105/18860,0.0380952380952381,5.168893456663242,3.6911281219013223,0.007607450920819212,0.03207067243661019,0.019936721017032588,SMAD4/SFRP1/SEMA3F/EP300,4,Multicellular non-vertebrate
GO:0001710,mesodermal cell fate commitment,2/139,18/18860,0.1111111111111111,15.07593924860112,5.1481636679265685,0.007637200062306187,0.03207067243661019,0.019936721017032588,BMP4/KLF4,2,Multicellular non-vertebrate
GO:0030889,negative regulation of B cell proliferation,2/139,18/18860,0.1111111111111111,15.07593924860112,5.1481636679265685,0.007637200062306187,0.03207067243661019,0.019936721017032588,CASP3/CDKN2A,2,Multicellular non-vertebrate
GO:0031053,primary miRNA processing,2/139,18/18860,0.1111111111111111,15.07593924860112,5.1481636679265685,0.007637200062306187,0.03207067243661019,0.019936721017032588,TGFB1/BMP4,2,Multicellular non-vertebrate
GO:0031998,regulation of fatty acid beta-oxidation,2/139,18/18860,0.1111111111111111,15.07593924860112,5.1481636679265685,0.007637200062306187,0.03207067243661019,0.019936721017032588,IRS1/TWIST1,2,Multicellular non-vertebrate
GO:0042481,regulation of odontogenesis,2/139,18/18860,0.1111111111111111,15.07593924860112,5.1481636679265685,0.007637200062306187,0.03207067243661019,0.019936721017032588,TGFB1/BMP4,2,Multicellular non-vertebrate
GO:0043923,host-mediated activation of viral transcription,2/139,18/18860,0.1111111111111111,15.07593924860112,5.1481636679265685,0.007637200062306187,0.03207067243661019,0.019936721017032588,EP300/RRP1B,2,Multicellular non-vertebrate
GO:0070673,response to interleukin-18,2/139,18/18860,0.1111111111111111,15.07593924860112,5.1481636679265685,0.007637200062306187,0.03207067243661019,0.019936721017032588,CASP3/CASP5,2,Multicellular non-vertebrate
GO:0071895,odontoblast differentiation,2/139,18/18860,0.1111111111111111,15.07593924860112,5.1481636679265685,0.007637200062306187,0.03207067243661019,0.019936721017032588,TGFB1/BMP4,2,Multicellular non-vertebrate
GO:0072189,ureter development,2/139,18/18860,0.1111111111111111,15.07593924860112,5.1481636679265685,0.007637200062306187,0.03207067243661019,0.019936721017032588,BMP4/GATA3,2,Multicellular non-vertebrate
GO:0072350,tricarboxylic acid metabolic process,2/139,18/18860,0.1111111111111111,15.07593924860112,5.1481636679265685,0.007637200062306187,0.03207067243661019,0.019936721017032588,IDH1/EP300,2,Multicellular non-vertebrate
GO:0090190,positive regulation of branching involved in ureteric bud morphogenesis,2/139,18/18860,0.1111111111111111,15.07593924860112,5.1481636679265685,0.007637200062306187,0.03207067243661019,0.019936721017032588,TGFB1/MAGED1,2,Multicellular non-vertebrate
GO:0098712,L-glutamate import across plasma membrane,2/139,18/18860,0.1111111111111111,15.07593924860112,5.1481636679265685,0.007637200062306187,0.03207067243661019,0.019936721017032588,NTSR1/ITGB1,2,Multicellular non-vertebrate
GO:1901163,regulation of trophoblast cell migration,2/139,18/18860,0.1111111111111111,15.07593924860112,5.1481636679265685,0.007637200062306187,0.03207067243661019,0.019936721017032588,TIMP1/ARHGDIB,2,Multicellular non-vertebrate
GO:1903909,regulation of receptor clustering,2/139,18/18860,0.1111111111111111,15.07593924860112,5.1481636679265685,0.007637200062306187,0.03207067243661019,0.019936721017032588,GSN/ZDHHC2,2,Multicellular non-vertebrate
GO:1905209,positive regulation of cardiocyte differentiation,2/139,18/18860,0.1111111111111111,15.07593924860112,5.1481636679265685,0.007637200062306187,0.03207067243661019,0.019936721017032588,TGFB1/BMP4,2,Multicellular non-vertebrate
GO:1905906,regulation of amyloid fibril formation,2/139,18/18860,0.1111111111111111,15.07593924860112,5.1481636679265685,0.007637200062306187,0.03207067243661019,0.019936721017032588,CRYAB/APP,2,Multicellular non-vertebrate
GO:0048286,lung alveolus development,3/139,55/18860,0.05454545454545454,7.400915631131459,4.096273892460729,0.007771081664422148,0.03254070401550744,0.020228915964805885,TGFB1/BMP4/NKX2-1,3,Multicellular non-vertebrate
GO:2000648,positive regulation of stem cell proliferation,3/139,55/18860,0.05454545454545454,7.400915631131459,4.096273892460729,0.007771081664422148,0.03254070401550744,0.020228915964805885,TP63/TGFB1/SOX11,3,Multicellular non-vertebrate
GO:0061448,connective tissue development,7/139,307/18860,0.02280130293159609,3.0937595200712398,3.187066484518656,0.007777378911113757,0.03254070401550744,0.020228915964805885,TIMP1/TGFB1/BMP4/RUNX3/PKD1/RASAL2/GATA3,7,Multicellular non-vertebrate
GO:0007584,response to nutrient,5/139,167/18860,0.029940119760479042,4.062378839443416,3.4251520578358137,0.007960082590260322,0.03326486751141436,0.020679091919711474,TGFB1/SFRP1/ITGA2/POSTN/GNAI2,5,Multicellular non-vertebrate
GO:0050819,negative regulation of coagulation,3/139,56/18860,0.05357142857142857,7.268756423432682,4.048111782329554,0.008167309863586847,0.03400749745609174,0.02114074753529582,THBS1/CD9/PLG,3,Multicellular non-vertebrate
GO:1903539,protein localization to postsynaptic membrane,3/139,56/18860,0.05357142857142857,7.268756423432682,4.048111782329554,0.008167309863586847,0.03400749745609174,0.02114074753529582,LGI1/EPB41L3/ZDHHC2,3,Multicellular non-vertebrate
GO:2000772,regulation of cellular senescence,3/139,56/18860,0.05357142857142857,7.268756423432682,4.048111782329554,0.008167309863586847,0.03400749745609174,0.02114074753529582,TWIST1/TP63/PTEN,3,Multicellular non-vertebrate
GO:0050878,regulation of body fluid levels,8/139,389/18860,0.02056555269922879,2.7904052079673023,3.074561168172699,0.008263938802656107,0.03436843863054092,0.02136512647567435,THBS1/CD9/ITGA2/TFPI2/PLG/GNAI2/SYK/NME1,8,Multicellular non-vertebrate
GO:0030595,leukocyte chemotaxis,6/139,237/18860,0.02531645569620253,3.4350241325926603,3.250534874014743,0.00830478881142268,0.034455402319659996,0.02141918741911125,CXADR/LGALS9/THBS1/APP/SYK/SLIT2,6,Multicellular non-vertebrate
GO:0097529,myeloid leukocyte migration,6/139,237/18860,0.02531645569620253,3.4350241325926603,3.250534874014743,0.00830478881142268,0.034455402319659996,0.02141918741911125,CXADR/THBS1/CD9/APP/SYK/SLIT2,6,Multicellular non-vertebrate
GO:0010507,negative regulation of autophagy,4/139,108/18860,0.037037037037037035,5.025313082867039,3.614847281366088,0.00838613260320518,0.03475116819745456,0.0216030501617339,LZTS1/HGF/EP300/SYK,4,Multicellular non-vertebrate
GO:0006309,apoptotic DNA fragmentation,2/139,19/18860,0.10526315789473684,14.282468761832638,4.991209941274779,0.008494733593954846,0.03490820368692978,0.021700671212543765,DICER1/NME1,2,Multicellular non-vertebrate
GO:0010633,negative regulation of epithelial cell migration,2/139,19/18860,0.10526315789473684,14.282468761832638,4.991209941274779,0.008494733593954846,0.03490820368692978,0.021700671212543765,CD63/PTEN,2,Multicellular non-vertebrate
GO:0030540,female genitalia development,2/139,19/18860,0.10526315789473684,14.282468761832638,4.991209941274779,0.008494733593954846,0.03490820368692978,0.021700671212543765,TP63/ESR1,2,Multicellular non-vertebrate
GO:0032303,regulation of icosanoid secretion,2/139,19/18860,0.10526315789473684,14.282468761832638,4.991209941274779,0.008494733593954846,0.03490820368692978,0.021700671212543765,NTSR1/SYK,2,Multicellular non-vertebrate
GO:0034393,positive regulation of smooth muscle cell apoptotic process,2/139,19/18860,0.10526315789473684,14.282468761832638,4.991209941274779,0.008494733593954846,0.03490820368692978,0.021700671212543765,PDCD4/CDKN2A,2,Multicellular non-vertebrate
GO:0071391,cellular response to estrogen stimulus,2/139,19/18860,0.10526315789473684,14.282468761832638,4.991209941274779,0.008494733593954846,0.03490820368692978,0.021700671212543765,SFRP1/ESR1,2,Multicellular non-vertebrate
GO:2000677,regulation of transcription regulatory region DNA binding,2/139,19/18860,0.10526315789473684,14.282468761832638,4.991209941274779,0.008494733593954846,0.03490820368692978,0.021700671212543765,SOX11/GATA3,2,Multicellular non-vertebrate
GO:0062237,protein localization to postsynapse,3/139,57/18860,0.05263157894736842,7.141234380916319,4.001121468492464,0.008575241321464588,0.0351554377307018,0.0218543641594671,LGI1/EPB41L3/ZDHHC2,3,Multicellular non-vertebrate
GO:0099024,plasma membrane invagination,3/139,57/18860,0.05263157894736842,7.141234380916319,4.001121468492464,0.008575241321464588,0.0351554377307018,0.0218543641594671,THBS1/ITGA2/GSN,3,Multicellular non-vertebrate
GO:0031348,negative regulation of defense response,7/139,313/18860,0.022364217252396165,3.034454225756775,3.1274146369180893,0.008601814190649456,0.03522259460057407,0.021896112201441182,LGALS9/AHR/TGFB1/HGF/GATA3/SYK/KLF4,7,Multicellular non-vertebrate
GO:0009165,nucleotide biosynthetic process,6/139,239/18860,0.02510460251046025,3.406279160771801,3.2258611416963614,0.008636076115947324,0.03528076060510307,0.02193227107547983,TGFB1/NTSR1/RRM1/NME3/NME1/NME2,6,Multicellular non-vertebrate
GO:0043124,negative regulation of canonical NF-kappaB signal transduction,4/139,109/18860,0.03669724770642202,4.979209293115966,3.590046079971881,0.008656853296622514,0.03528076060510307,0.02193227107547983,OLFM4/CASP8/ESR1/KLF4,4,Multicellular non-vertebrate
GO:0051098,regulation of binding,4/139,109/18860,0.03669724770642202,4.979209293115966,3.590046079971881,0.008656853296622514,0.03528076060510307,0.02193227107547983,SKI/BMP4/SOX11/GATA3,4,Multicellular non-vertebrate
GO:0110020,regulation of actomyosin structure organization,4/139,109/18860,0.03669724770642202,4.979209293115966,3.590046079971881,0.008656853296622514,0.03528076060510307,0.02193227107547983,SMAD4/SFRP1/DLC1/PFN1,4,Multicellular non-vertebrate
GO:0016358,dendrite development,6/139,241/18860,0.024896265560165973,3.3780112839189225,3.201448095862582,0.008976752976824657,0.03652942794075665,0.022708504637879,LZTS1/DCC/ITGB1/APP/EPHB3/PTEN,6,Multicellular non-vertebrate
GO:0050982,detection of mechanical stimulus,3/139,58/18860,0.05172413793103448,7.0181096502108655,3.955253082684315,0.008994948836106456,0.03652942794075665,0.022708504637879,ITGA2/PKD1/JUP,3,Multicellular non-vertebrate
GO:0051926,negative regulation of calcium ion transport,3/139,58/18860,0.05172413793103448,7.0181096502108655,3.955253082684315,0.008994948836106456,0.03652942794075665,0.022708504637879,TGFB1/NTSR1/BIN1,3,Multicellular non-vertebrate
GO:0072594,establishment of protein localization to organelle,9/139,478/18860,0.01882845188284519,2.554709370578851,2.96666830885965,0.00902775218662764,0.036619614503503664,0.02276456907945023,TGFB1/BMP4/KCMF1/CDH1/TXNIP/EP300/SYK/CDKN2A/JUP,9,Multicellular non-vertebrate
GO:0043367,"CD4-positive, alpha-beta T cell differentiation",4/139,111/18860,0.036036036036036036,4.88949381035712,3.5413408433660156,0.009215313209998275,0.03733660311108328,0.02321028476782437,LGALS9/RUNX3/GATA3/EP300,4,Multicellular non-vertebrate
GO:0007596,blood coagulation,6/139,243/18860,0.024691358024691357,3.3502087219113594,3.1772905409147363,0.009326960769142871,0.037590803021827324,0.023368308043235128,THBS1/CD9/ITGA2/TFPI2/PLG/SYK,6,Multicellular non-vertebrate
GO:0030100,regulation of endocytosis,7/139,318/18860,0.0220125786163522,2.9867426813266365,3.0787831585048053,0.009336608081958147,0.037590803021827324,0.023368308043235128,GPC3/TGFB1/CD63/ITGA2/APP/BIN1/SYK,7,Multicellular non-vertebrate
GO:0034765,regulation of monoatomic ion transmembrane transport,7/139,318/18860,0.0220125786163522,2.9867426813266365,3.0787831585048053,0.009336608081958147,0.037590803021827324,0.023368308043235128,TGFB1/CD63/NTSR1/BIN1/DMD/LRRC26/VMP1,7,Multicellular non-vertebrate
GO:0003184,pulmonary valve morphogenesis,2/139,20/18860,0.1,13.568345323741006,4.845681465629043,0.009393326014571733,0.037590803021827324,0.023368308043235128,BMP4/SLIT2,2,Multicellular non-vertebrate
GO:0016078,tRNA decay,2/139,20/18860,0.1,13.568345323741006,4.845681465629043,0.009393326014571733,0.037590803021827324,0.023368308043235128,DICER1/RNH1,2,Multicellular non-vertebrate
GO:0031365,N-terminal protein amino acid modification,2/139,20/18860,0.1,13.568345323741006,4.845681465629043,0.009393326014571733,0.037590803021827324,0.023368308043235128,EP300/NAA10,2,Multicellular non-vertebrate
GO:0051580,regulation of neurotransmitter uptake,2/139,20/18860,0.1,13.568345323741006,4.845681465629043,0.009393326014571733,0.037590803021827324,0.023368308043235128,ITGB1/APP,2,Multicellular non-vertebrate
GO:0071636,positive regulation of transforming growth factor beta production,2/139,20/18860,0.1,13.568345323741006,4.845681465629043,0.009393326014571733,0.037590803021827324,0.023368308043235128,LGALS9/THBS1,2,Multicellular non-vertebrate
GO:2000318,positive regulation of T-helper 17 type immune response,2/139,20/18860,0.1,13.568345323741006,4.845681465629043,0.009393326014571733,0.037590803021827324,0.023368308043235128,EP300/TYK2,2,Multicellular non-vertebrate
GO:0010563,negative regulation of phosphorus metabolic process,5/139,174/18860,0.028735632183908046,3.8989498056727028,3.310239040577866,0.009408577723923795,0.037590803021827324,0.023368308043235128,SFRP1/PDCD4/PTEN/CDKN2A/SLIT2,5,Multicellular non-vertebrate
GO:0045936,negative regulation of phosphate metabolic process,5/139,174/18860,0.028735632183908046,3.8989498056727028,3.310239040577866,0.009408577723923795,0.037590803021827324,0.023368308043235128,SFRP1/PDCD4/PTEN/CDKN2A/SLIT2,5,Multicellular non-vertebrate
GO:1990138,neuron projection extension,5/139,174/18860,0.028735632183908046,3.8989498056727028,3.310239040577866,0.009408577723923795,0.037590803021827324,0.023368308043235128,ITGB1/SEMA3F/CDH1/POSTN/SLIT2,5,Multicellular non-vertebrate
GO:0001755,neural crest cell migration,3/139,59/18860,0.05084745762711865,6.899158639190343,3.9104597055556667,0.009426501622247854,0.03761892564259652,0.023385790459472314,TWIST1/BMP4/SEMA3F,3,Multicellular non-vertebrate
GO:0045930,negative regulation of mitotic cell cycle,6/139,244/18860,0.02459016393442623,3.336478358296969,3.1653059890990307,0.009505682725680078,0.03789116435980432,0.023555027551888597,GAS1/MTBP/BMP4/FOXO4/PTEN/KLF4,6,Multicellular non-vertebrate
GO:0048675,axon extension,4/139,113/18860,0.035398230088495575,4.802954096899472,3.4937886057762944,0.009796764779244986,0.03900647359109524,0.024248359100702176,ITGB1/SEMA3F/CDH1/SLIT2,4,Multicellular non-vertebrate
GO:0003012,muscle system process,9/139,485/18860,0.018556701030927835,2.517837276570496,2.917995505517347,0.009868998885321527,0.03920758658407109,0.02437338091437899,CRYAB/SMAD4/PTGER3/ITGA2/BIN1/GSN/DMD/KLF4/JUP,9,Multicellular non-vertebrate
GO:1902991,regulation of amyloid precursor protein catabolic process,3/139,60/18860,0.05,6.784172661870503,3.86669714549095,0.00986996537272623,0.03920758658407109,0.02437338091437899,CASP3/APP/BIN1,3,Multicellular non-vertebrate
GO:0050807,regulation of synapse organization,7/139,322/18860,0.021739130434782608,2.949640287769784,3.0405573286896628,0.009956812416341422,0.039463477878848706,0.024532455638014802,LZTS1/SPARCL1/ITGB1/SEMA3F/APP/CRMP1/EPHB3,7,Multicellular non-vertebrate
GO:0008544,epidermis development,8/139,402/18860,0.01990049751243781,2.7001682236300515,2.9690315279055413,0.00995722011295025,0.039463477878848706,0.024532455638014802,TP63/BMP4/SMAD4/CASP3/TXNIP/NME2/KLF4/CDKN2A,8,Multicellular non-vertebrate
GO:0045445,myoblast differentiation,4/139,114/18860,0.03508771929824561,4.760822920610879,3.4704293940327804,0.010096222491683274,0.03983167229595593,0.024761343553863932,TGFB1/BMP4/ITGB1/PLG,4,Multicellular non-vertebrate
GO:0048144,fibroblast proliferation,4/139,114/18860,0.03508771929824561,4.760822920610879,3.4704293940327804,0.010096222491683274,0.03983167229595593,0.024761343553863932,SKI/TGFB1/SFRP1/ESR1,4,Multicellular non-vertebrate
GO:0072676,lymphocyte migration,4/139,114/18860,0.03508771929824561,4.760822920610879,3.4704293940327804,0.010096222491683274,0.03983167229595593,0.024761343553863932,LGALS9/APP/MED23/GATA3,4,Multicellular non-vertebrate
GO:0097306,cellular response to alcohol,4/139,114/18860,0.03508771929824561,4.760822920610879,3.4704293940327804,0.010096222491683274,0.03983167229595593,0.024761343553863932,AHR/SFRP1/CDH1/JUP,4,Multicellular non-vertebrate
GO:0018193,peptidyl-amino acid modification,8/139,404/18860,0.019801980198019802,2.68680105420614,2.9531667112221784,0.010239077201200372,0.0399424474999356,0.02483020691623068,SFRP1/SENP2/EP300/SYK/ZDHHC2/PTEN/NOS2/CDKN2A,8,Multicellular non-vertebrate
GO:0031647,regulation of protein stability,8/139,404/18860,0.019801980198019802,2.68680105420614,2.9531667112221784,0.010239077201200372,0.0399424474999356,0.02483020691623068,CRYAB/CASP3/GSN/PFN1/SENP2/EP300/PTEN/CDKN2A,8,Multicellular non-vertebrate
GO:0016485,protein processing,6/139,248/18860,0.024193548387096774,3.2826641912276626,3.1179816375355673,0.010245098439880723,0.0399424474999356,0.02483020691623068,GAS1/CASP3/CASP8/THBS1/PLG/GSN,6,Multicellular non-vertebrate
GO:0050817,coagulation,6/139,248/18860,0.024193548387096774,3.2826641912276626,3.1179816375355673,0.010245098439880723,0.0399424474999356,0.02483020691623068,THBS1/CD9/ITGA2/TFPI2/PLG/SYK,6,Multicellular non-vertebrate
GO:0038093,Fc receptor signaling pathway,3/139,61/18860,0.04918032786885246,6.672956716593938,3.823923737399416,0.010325402319108943,0.0399424474999356,0.02483020691623068,MAP2K4/SYK/NOS2,3,Multicellular non-vertebrate
GO:0042733,embryonic digit morphogenesis,3/139,61/18860,0.04918032786885246,6.672956716593938,3.823923737399416,0.010325402319108943,0.0399424474999356,0.02483020691623068,TWIST1/BMP4/SMAD4,3,Multicellular non-vertebrate
GO:0060425,lung morphogenesis,3/139,61/18860,0.04918032786885246,6.672956716593938,3.823923737399416,0.010325402319108943,0.0399424474999356,0.02483020691623068,BMP4/NKX2-1/SOX11,3,Multicellular non-vertebrate
GO:0060986,endocrine hormone secretion,3/139,61/18860,0.04918032786885246,6.672956716593938,3.823923737399416,0.010325402319108943,0.0399424474999356,0.02483020691623068,SMAD4/GATA3/KDM5B,3,Multicellular non-vertebrate
GO:0090497,mesenchymal cell migration,3/139,61/18860,0.04918032786885246,6.672956716593938,3.823923737399416,0.010325402319108943,0.0399424474999356,0.02483020691623068,TWIST1/BMP4/SEMA3F,3,Multicellular non-vertebrate
GO:0007413,axonal fasciculation,2/139,21/18860,0.09523809523809523,12.922233641658101,4.710213160563892,0.010332334509531952,0.0399424474999356,0.02483020691623068,CASP3/EPHB3,2,Multicellular non-vertebrate
GO:0010421,hydrogen peroxide-mediated programmed cell death,2/139,21/18860,0.09523809523809523,12.922233641658101,4.710213160563892,0.010332334509531952,0.0399424474999356,0.02483020691623068,MAP2K4/HGF,2,Multicellular non-vertebrate
GO:0018198,peptidyl-cysteine modification,2/139,21/18860,0.09523809523809523,12.922233641658101,4.710213160563892,0.010332334509531952,0.0399424474999356,0.02483020691623068,ZDHHC2/NOS2,2,Multicellular non-vertebrate
GO:0048846,axon extension involved in axon guidance,2/139,21/18860,0.09523809523809523,12.922233641658101,4.710213160563892,0.010332334509531952,0.0399424474999356,0.02483020691623068,SEMA3F/SLIT2,2,Multicellular non-vertebrate
GO:0060973,cell migration involved in heart development,2/139,21/18860,0.09523809523809523,12.922233641658101,4.710213160563892,0.010332334509531952,0.0399424474999356,0.02483020691623068,TWIST1/BMP4,2,Multicellular non-vertebrate
GO:0106030,neuron projection fasciculation,2/139,21/18860,0.09523809523809523,12.922233641658101,4.710213160563892,0.010332334509531952,0.0399424474999356,0.02483020691623068,CASP3/EPHB3,2,Multicellular non-vertebrate
GO:1900119,positive regulation of execution phase of apoptosis,2/139,21/18860,0.09523809523809523,12.922233641658101,4.710213160563892,0.010332334509531952,0.0399424474999356,0.02483020691623068,CASP8/DLC1,2,Multicellular non-vertebrate
GO:1902284,neuron projection extension involved in neuron projection guidance,2/139,21/18860,0.09523809523809523,12.922233641658101,4.710213160563892,0.010332334509531952,0.0399424474999356,0.02483020691623068,SEMA3F/SLIT2,2,Multicellular non-vertebrate
GO:2000269,regulation of fibroblast apoptotic process,2/139,21/18860,0.09523809523809523,12.922233641658101,4.710213160563892,0.010332334509531952,0.0399424474999356,0.02483020691623068,TP63/SFRP1,2,Multicellular non-vertebrate
GO:0009206,purine ribonucleoside triphosphate biosynthetic process,4/139,115/18860,0.034782608695652174,4.719424460431655,3.4473402445052805,0.010401558814927976,0.04012029828615076,0.024940767788143796,TGFB1/NME3/NME1/NME2,4,Multicellular non-vertebrate
GO:0042116,macrophage activation,4/139,115/18860,0.034782608695652174,4.719424460431655,3.4473402445052805,0.010401558814927976,0.04012029828615076,0.024940767788143796,THBS1/APP/MMP8/SYK,4,Multicellular non-vertebrate
GO:0009260,ribonucleotide biosynthetic process,5/139,179/18860,0.027932960893854747,3.790040593223745,3.2317606303923228,0.010548186314751887,0.04064050379462934,0.025264153339680344,TGFB1/NTSR1/NME3/NME1/NME2,5,Multicellular non-vertebrate
GO:0007599,hemostasis,6/139,250/18860,0.024,3.2564028776978415,3.0946794529840354,0.010629765715383413,0.040909209701965564,0.025431194262217263,THBS1/CD9/ITGA2/TFPI2/PLG/SYK,6,Multicellular non-vertebrate
GO:0009145,purine nucleoside triphosphate biosynthetic process,4/139,116/18860,0.034482758620689655,4.678739766807244,3.424515471168589,0.010712815879760605,0.04118297183587614,0.025601378386032894,TGFB1/NME3/NME1/NME2,4,Multicellular non-vertebrate
GO:0015718,monocarboxylic acid transport,5/139,180/18860,0.027777777777777776,3.76898481215028,3.216404040426979,0.010786950728332297,0.04135273080217417,0.025706908981249235,THBS1/PLA2G2A/NTSR1/SYK/NOS2,5,Multicellular non-vertebrate
GO:0030216,keratinocyte differentiation,5/139,180/18860,0.027777777777777776,3.76898481215028,3.216404040426979,0.010786950728332297,0.04135273080217417,0.025706908981249235,TP63/CASP3/TXNIP/NME2/CDKN2A,5,Multicellular non-vertebrate
GO:0070613,regulation of protein processing,3/139,62/18860,0.04838709677419355,6.565328382455325,3.7821001593801777,0.010792871291539672,0.04135273080217417,0.025706908981249235,GAS1/THBS1/GSN,3,Multicellular non-vertebrate
GO:0030316,osteoclast differentiation,4/139,117/18860,0.03418803418803419,4.638750538031114,3.401949556546463,0.011030035122288034,0.042214619471348226,0.026242701736422305,GPC3/TGFB1/SFRP1/KLF10,4,Multicellular non-vertebrate
GO:0002263,cell activation involved in immune response,7/139,329/18860,0.02127659574468085,2.8868819837746824,2.9750582095124365,0.011113908291614976,0.0424416210561562,0.02638381718311854,IRF8/LGALS9/TGFB1/APP/GATA3/EP300/SYK,7,Multicellular non-vertebrate
GO:0050803,regulation of synapse structure or activity,7/139,329/18860,0.02127659574468085,2.8868819837746824,2.9750582095124365,0.011113908291614976,0.0424416210561562,0.02638381718311854,LZTS1/SPARCL1/ITGB1/SEMA3F/APP/CRMP1/EPHB3,7,Multicellular non-vertebrate
GO:0006611,protein export from nucleus,3/139,63/18860,0.047619047619047616,6.461116820829051,3.7411892654131966,0.011272427777812243,0.042816256774736716,0.026616709331517312,TGFB1/PKD1/CDKN2A,3,Multicellular non-vertebrate
GO:0045604,regulation of epidermal cell differentiation,3/139,63/18860,0.047619047619047616,6.461116820829051,3.7411892654131966,0.011272427777812243,0.042816256774736716,0.026616709331517312,TP63/BMP4/NME2,3,Multicellular non-vertebrate
GO:0060326,cell chemotaxis,7/139,330/18860,0.021212121212121213,2.878133856551123,2.9658419975497177,0.011286854833518767,0.042816256774736716,0.026616709331517312,CXADR/LGALS9/THBS1/APP/HGF/SYK/SLIT2,7,Multicellular non-vertebrate
GO:0032616,interleukin-13 production,2/139,22/18860,0.09090909090909091,12.334859385219097,4.5836588815573975,0.011311123389853768,0.042816256774736716,0.026616709331517312,LGALS9/GATA3,2,Multicellular non-vertebrate
GO:0032656,regulation of interleukin-13 production,2/139,22/18860,0.09090909090909091,12.334859385219097,4.5836588815573975,0.011311123389853768,0.042816256774736716,0.026616709331517312,LGALS9/GATA3,2,Multicellular non-vertebrate
GO:0034616,response to laminar fluid shear stress,2/139,22/18860,0.09090909090909091,12.334859385219097,4.5836588815573975,0.011311123389853768,0.042816256774736716,0.026616709331517312,TGFB1/KLF4,2,Multicellular non-vertebrate
GO:0051957,positive regulation of amino acid transport,2/139,22/18860,0.09090909090909091,12.334859385219097,4.5836588815573975,0.011311123389853768,0.042816256774736716,0.026616709331517312,NTSR1/ITGB1,2,Multicellular non-vertebrate
GO:0072376,protein activation cascade,2/139,22/18860,0.09090909090909091,12.334859385219097,4.5836588815573975,0.011311123389853768,0.042816256774736716,0.026616709331517312,THBS1/RASAL2,2,Multicellular non-vertebrate
GO:0031214,biomineral tissue development,5/139,183/18860,0.0273224043715847,3.707198175885521,3.170985403773076,0.011525394633338626,0.04348445835460512,0.027032096583135067,TWIST1/GPC3/TGFB1/BMP4/KLF10,5,Multicellular non-vertebrate
GO:0043409,negative regulation of MAPK cascade,5/139,183/18860,0.0273224043715847,3.707198175885521,3.170985403773076,0.011525394633338626,0.04348445835460512,0.027032096583135067,SMAD4/NDRG2/PDCD4/PEBP1/KLF4,5,Multicellular non-vertebrate
GO:0060041,retina development in camera-type eye,5/139,183/18860,0.0273224043715847,3.707198175885521,3.170985403773076,0.011525394633338626,0.04348445835460512,0.027032096583135067,SKI/SERPINF1/TGFB1/THRB/RRM1,5,Multicellular non-vertebrate
GO:0043122,regulation of canonical NF-kappaB signal transduction,7/139,332/18860,0.02108433734939759,2.860795700788766,2.947512622192692,0.011638603593057434,0.043863701218763894,0.0272678527617864,TNFSF10/OLFM4/LGALS9/TGFB1/CASP8/ESR1/KLF4,7,Multicellular non-vertebrate
GO:0010324,membrane invagination,3/139,64/18860,0.046875,6.360161870503597,3.7011559324451806,0.01176412398168062,0.04419218747900894,0.027472056117402912,THBS1/ITGA2/GSN,3,Multicellular non-vertebrate
GO:0044331,cell-cell adhesion mediated by cadherin,3/139,64/18860,0.046875,6.360161870503597,3.7011559324451806,0.01176412398168062,0.04419218747900894,0.027472056117402912,TGFB1/PLG/CDH1,3,Multicellular non-vertebrate
GO:0045058,T cell selection,3/139,64/18860,0.046875,6.360161870503597,3.7011559324451806,0.01176412398168062,0.04419218747900894,0.027472056117402912,GATA3/EP300/SYK,3,Multicellular non-vertebrate
GO:1902106,negative regulation of leukocyte differentiation,4/139,120/18860,0.03333333333333333,4.522781774580335,3.3357521860741164,0.012017869795122845,0.045096371348473996,0.028034141667347537,BMP4/SFRP1/RUNX3/CDKN2A,4,Multicellular non-vertebrate
GO:0046390,ribose phosphate biosynthetic process,5/139,185/18860,0.02702702702702703,3.66712035776784,3.1412346691161286,0.012036402493873832,0.04511692735230799,0.0280469202991169,TGFB1/NTSR1/NME3/NME1/NME2,5,Multicellular non-vertebrate
GO:0097193,intrinsic apoptotic signaling pathway,7/139,335/18860,0.020895522388059702,2.8351766348115537,2.920272475851834,0.012181045154866552,0.04523274444226074,0.028118917947933163,TP63/CASP3/MAP2K4/CREB3L1/APP/IVNS1ABP/EP300,7,Multicellular non-vertebrate
GO:0002011,morphogenesis of an epithelial sheet,3/139,65/18860,0.046153846153846156,6.2623132263420045,3.6619669204280823,0.012268008880413203,0.04523274444226074,0.028118917947933163,ITGB1/SOX11/PTEN,3,Multicellular non-vertebrate
GO:0002763,positive regulation of myeloid leukocyte differentiation,3/139,65/18860,0.046153846153846156,6.2623132263420045,3.6619669204280823,0.012268008880413203,0.04523274444226074,0.028118917947933163,TGFB1/CASP8/KLF10,3,Multicellular non-vertebrate
GO:0007215,glutamate receptor signaling pathway,3/139,65/18860,0.046153846153846156,6.2623132263420045,3.6619669204280823,0.012268008880413203,0.04523274444226074,0.028118917947933163,PTGER1/TRPM1/APP,3,Multicellular non-vertebrate
GO:0032757,positive regulation of interleukin-8 production,3/139,65/18860,0.046153846153846156,6.2623132263420045,3.6619669204280823,0.012268008880413203,0.04523274444226074,0.028118917947933163,LGALS9/SYK/NOS2,3,Multicellular non-vertebrate
GO:0045428,regulation of nitric oxide biosynthetic process,3/139,65/18860,0.046153846153846156,6.2623132263420045,3.6619669204280823,0.012268008880413203,0.04523274444226074,0.028118917947933163,ESR1/APP/KLF4,3,Multicellular non-vertebrate
GO:0050994,regulation of lipid catabolic process,3/139,65/18860,0.046153846153846156,6.2623132263420045,3.6619669204280823,0.012268008880413203,0.04523274444226074,0.028118917947933163,IRS1/TWIST1/IDH1,3,Multicellular non-vertebrate
GO:0090303,positive regulation of wound healing,3/139,65/18860,0.046153846153846156,6.2623132263420045,3.6619669204280823,0.012268008880413203,0.04523274444226074,0.028118917947933163,THBS1/ITGB1/PLG,3,Multicellular non-vertebrate
GO:0098900,regulation of action potential,3/139,65/18860,0.046153846153846156,6.2623132263420045,3.6619669204280823,0.012268008880413203,0.04523274444226074,0.028118917947933163,CXADR/BIN1/JUP,3,Multicellular non-vertebrate
GO:0006109,regulation of carbohydrate metabolic process,5/139,186/18860,0.026881720430107527,3.6474046569196257,3.1265136715167285,0.012297594836765144,0.04523274444226074,0.028118917947933163,IRS1/TGFB1/NTSR1/APP/EP300,5,Multicellular non-vertebrate
GO:0002223,stimulatory C-type lectin receptor signaling pathway,2/139,23/18860,0.08695652173913043,11.798561151079136,4.465048183705456,0.012329064023324541,0.04523274444226074,0.028118917947933163,EP300/SYK,2,Multicellular non-vertebrate
GO:0010955,negative regulation of protein processing,2/139,23/18860,0.08695652173913043,11.798561151079136,4.465048183705456,0.012329064023324541,0.04523274444226074,0.028118917947933163,GAS1/THBS1,2,Multicellular non-vertebrate
GO:0031290,retinal ganglion cell axon guidance,2/139,23/18860,0.08695652173913043,11.798561151079136,4.465048183705456,0.012329064023324541,0.04523274444226074,0.028118917947933163,EPHB3/SLIT2,2,Multicellular non-vertebrate
GO:0043388,positive regulation of DNA binding,2/139,23/18860,0.08695652173913043,11.798561151079136,4.465048183705456,0.012329064023324541,0.04523274444226074,0.028118917947933163,SKI/GATA3,2,Multicellular non-vertebrate
GO:0051151,negative regulation of smooth muscle cell differentiation,2/139,23/18860,0.08695652173913043,11.798561151079136,4.465048183705456,0.012329064023324541,0.04523274444226074,0.028118917947933163,PDCD4/FOXO4,2,Multicellular non-vertebrate
GO:0072273,metanephric nephron morphogenesis,2/139,23/18860,0.08695652173913043,11.798561151079136,4.465048183705456,0.012329064023324541,0.04523274444226074,0.028118917947933163,BMP4/PKD1,2,Multicellular non-vertebrate
GO:0097468,programmed cell death in response to reactive oxygen species,2/139,23/18860,0.08695652173913043,11.798561151079136,4.465048183705456,0.012329064023324541,0.04523274444226074,0.028118917947933163,MAP2K4/HGF,2,Multicellular non-vertebrate
GO:1990840,response to lectin,2/139,23/18860,0.08695652173913043,11.798561151079136,4.465048183705456,0.012329064023324541,0.04523274444226074,0.028118917947933163,EP300/SYK,2,Multicellular non-vertebrate
GO:1990858,cellular response to lectin,2/139,23/18860,0.08695652173913043,11.798561151079136,4.465048183705456,0.012329064023324541,0.04523274444226074,0.028118917947933163,EP300/SYK,2,Multicellular non-vertebrate
GO:2000047,regulation of cell-cell adhesion mediated by cadherin,2/139,23/18860,0.08695652173913043,11.798561151079136,4.465048183705456,0.012329064023324541,0.04523274444226074,0.028118917947933163,TGFB1/PLG,2,Multicellular non-vertebrate
GO:0009201,ribonucleoside triphosphate biosynthetic process,4/139,121/18860,0.03305785123966942,4.485403412806945,3.314169684589647,0.012359338114943828,0.045247746319116385,0.028128243858831795,TGFB1/NME3/NME1/NME2,4,Multicellular non-vertebrate
GO:0071621,granulocyte chemotaxis,4/139,121/18860,0.03305785123966942,4.485403412806945,3.314169684589647,0.012359338114943828,0.045247746319116385,0.028128243858831795,CXADR/THBS1/SYK/SLIT2,4,Multicellular non-vertebrate
GO:0008154,actin polymerization or depolymerization,5/139,187/18860,0.026737967914438502,3.6278998191820873,3.1118938077993787,0.012562612226789715,0.04594326757225953,0.028560614374689843,BIN1/GSN/PFN1/LIMA1/SLIT2,5,Multicellular non-vertebrate
GO:0032731,positive regulation of interleukin-1 beta production,3/139,66/18860,0.045454545454545456,6.167429692609549,3.623590744032118,0.012784128281600022,0.04665464344372722,0.02900284090784821,LGALS9/CASP8/APP,3,Multicellular non-vertebrate
GO:1901224,positive regulation of non-canonical NF-kappaB signal transduction,3/139,66/18860,0.045454545454545456,6.167429692609549,3.623590744032118,0.012784128281600022,0.04665464344372722,0.02900284090784821,LGALS9/APP/PDCD4,3,Multicellular non-vertebrate
GO:0002697,regulation of immune effector process,8/139,421/18860,0.019002375296912115,2.578307899998291,2.822060401238866,0.012880247230655643,0.046955838005428165,0.029190078389704832,TWIST1/LGALS9/AHR/TGFB1/GATA3/EP300/SYK/NOS2,8,Multicellular non-vertebrate
GO:0051090,regulation of DNA-binding transcription factor activity,5/139,189/18860,0.026455026455026454,3.589509344905028,3.0829522906480156,0.013104219180855171,0.047722003676538956,0.029666364980450787,LGALS9/ESR1/BRMS1/EP300/SYK,5,Multicellular non-vertebrate
GO:0001756,somitogenesis,3/139,67/18860,0.04477611940298507,6.075378503167614,3.585997554898724,0.0133125248792215,0.04808774236188726,0.02989372629160937,SMAD4/SFRP1/EP300,3,Multicellular non-vertebrate
GO:0032922,circadian regulation of gene expression,3/139,67/18860,0.04477611940298507,6.075378503167614,3.585997554898724,0.0133125248792215,0.04808774236188726,0.02989372629160937,AHR/BHLHE41/MAGED1,3,Multicellular non-vertebrate
GO:1903670,regulation of sprouting angiogenesis,3/139,67/18860,0.04477611940298507,6.075378503167614,3.585997554898724,0.0133125248792215,0.04808774236188726,0.02989372629160937,THBS1/CREB3L1/KLF4,3,Multicellular non-vertebrate
GO:0051336,regulation of hydrolase activity,5/139,190/18860,0.02631578947368421,3.5706171904581594,3.068628100542567,0.013380856717534806,0.04808774236188726,0.02989372629160937,TIMP1/TIMP2/ITGB1/EPHB3/RRP1B,5,Multicellular non-vertebrate
GO:0051222,positive regulation of protein transport,6/139,263/18860,0.022813688212927757,3.0954399978116367,2.9487222506995825,0.013383698833101,0.04808774236188726,0.02989372629160937,TGFB1/APP/CDH1/EP300/ZDHHC2/JUP,6,Multicellular non-vertebrate
GO:0002320,lymphoid progenitor cell differentiation,2/139,24/18860,0.08333333333333333,11.306954436450837,4.353553090066683,0.013385534766242923,0.04808774236188726,0.02989372629160937,BMP4/GATA3,2,Multicellular non-vertebrate
GO:0003177,pulmonary valve development,2/139,24/18860,0.08333333333333333,11.306954436450837,4.353553090066683,0.013385534766242923,0.04808774236188726,0.02989372629160937,BMP4/SLIT2,2,Multicellular non-vertebrate
GO:0006476,protein deacetylation,2/139,24/18860,0.08333333333333333,11.306954436450837,4.353553090066683,0.013385534766242923,0.04808774236188726,0.02989372629160937,BRMS1/EP300,2,Multicellular non-vertebrate
GO:0021871,forebrain regionalization,2/139,24/18860,0.08333333333333333,11.306954436450837,4.353553090066683,0.013385534766242923,0.04808774236188726,0.02989372629160937,BMP4/NKX2-1,2,Multicellular non-vertebrate
GO:0045591,positive regulation of regulatory T cell differentiation,2/139,24/18860,0.08333333333333333,11.306954436450837,4.353553090066683,0.013385534766242923,0.04808774236188726,0.02989372629160937,LGALS9/TGFB1,2,Multicellular non-vertebrate
GO:1900273,positive regulation of long-term synaptic potentiation,2/139,24/18860,0.08333333333333333,11.306954436450837,4.353553090066683,0.013385534766242923,0.04808774236188726,0.02989372629160937,APP/ZDHHC2,2,Multicellular non-vertebrate
GO:2000114,regulation of establishment of cell polarity,2/139,24/18860,0.08333333333333333,11.306954436450837,4.353553090066683,0.013385534766242923,0.04808774236188726,0.02989372629160937,GSN/GATA3,2,Multicellular non-vertebrate
GO:2001044,regulation of integrin-mediated signaling pathway,2/139,24/18860,0.08333333333333333,11.306954436450837,4.353553090066683,0.013385534766242923,0.04808774236188726,0.02989372629160937,TIMP1/CD63,2,Multicellular non-vertebrate
GO:0002703,regulation of leukocyte mediated immunity,6/139,264/18860,0.022727272727272728,3.0837148463047743,2.9378707780689237,0.01361436860772266,0.048808358826026466,0.03034169723559942,LGALS9/AHR/TGFB1/GATA3/SYK/NOS2,6,Multicellular non-vertebrate
GO:0009205,purine ribonucleoside triphosphate metabolic process,6/139,264/18860,0.022727272727272728,3.0837148463047743,2.9378707780689237,0.01361436860772266,0.048808358826026466,0.03034169723559942,TGFB1/APP/EP300/NME3/NME1/NME2,6,Multicellular non-vertebrate
GO:0007219,Notch signaling pathway,5/139,191/18860,0.02617801047120419,3.5519228596180645,3.054399969871388,0.013661415241698078,0.04887562223116828,0.030383511505182276,TIMP4/TP63/TGFB1/APP/POSTN,5,Multicellular non-vertebrate
GO:0045766,positive regulation of angiogenesis,5/139,191/18860,0.02617801047120419,3.5519228596180645,3.054399969871388,0.013661415241698078,0.04887562223116828,0.030383511505182276,TWIST1/THBS1/ITGB1/KLF4/JUP,5,Multicellular non-vertebrate
GO:0022409,positive regulation of cell-cell adhesion,7/139,343/18860,0.02040816326530612,2.769050066069593,2.8490762968075396,0.013716749350989979,0.04902283945917411,0.030475029037577477,LGALS9/TGFB1/RUNX3/GATA3/EP300/SYK/TYK2,7,Multicellular non-vertebrate
GO:0071887,leukocyte apoptotic process,4/139,125/18860,0.032,4.341870503597122,3.230129868529992,0.013787168359641421,0.04922360935012474,0.030599837562014072,LGALS9/BMP4/CASP3/CDKN2A,4,Multicellular non-vertebrate
GO:0060047,heart contraction,6/139,265/18860,0.022641509433962263,3.0720781865073974,2.92707056996408,0.013847809850305995,0.04930668547462115,0.030651481802418917,CXADR/THRB/BIN1/GSN/DMD/JUP,6,Multicellular non-vertebrate
GO:0030888,regulation of B cell proliferation,3/139,68/18860,0.04411764705882353,5.9860347016504445,3.5491590334241896,0.013853238308986441,0.04930668547462115,0.030651481802418917,AHR/CASP3/CDKN2A,3,Multicellular non-vertebrate
GO:0038066,p38MAPK cascade,3/139,68/18860,0.04411764705882353,5.9860347016504445,3.5491590334241896,0.013853238308986441,0.04930668547462115,0.030651481802418917,LGALS9/BMP4/HGF,3,Multicellular non-vertebrate
