ID,Description,GeneRatio,BgRatio,pvalue,p.adjust,qvalue,geneID,Count,evolutionary_group
GO:0052548,regulation of endopeptidase activity,20/155,288/18870,2.8030919648005547e-13,9.662258002667513e-10,6.18745668440712e-10,NGFR/CD44/TNFSF10/LGALS9/TIMP1/TIMP2/TIMP3/TIMP4/SERPINF1/SERPINB5/CASP8/THBS1/DLC1/RECK/HGF/BIN1/GSN/SYK/KLF4/DAPK1,20,Vertebrates
GO:0040013,negative regulation of locomotion,23/155,423/18870,6.993624588249835e-13,1.0697817857306848e-9,6.850602063357142e-10,NGFR/IGFBP3/ENG/TIMP1/SERPINF1/TGFB1/BMP4/NKX2-1/SFRP1/BRMS1/THBS1/SEMA3F/DLC1/CDH1/RECK/GATA3/DPYSL3/CERS2/SLIT2/KLF4/PTEN/JUP/ARHGDIB,23,Vertebrates
GO:2000146,negative regulation of cell motility,22/155,388/18870,1.0055856890410469e-12,1.0697817857306848e-9,6.850602063357142e-10,NGFR/IGFBP3/ENG/TIMP1/SERPINF1/TGFB1/BMP4/NKX2-1/SFRP1/BRMS1/THBS1/DLC1/CDH1/RECK/GATA3/DPYSL3/CERS2/SLIT2/KLF4/PTEN/JUP/ARHGDIB,22,Vertebrates
GO:0052547,regulation of peptidase activity,20/155,312/18870,1.2414061917385378e-12,1.0697817857306848e-9,6.850602063357142e-10,NGFR/CD44/TNFSF10/LGALS9/TIMP1/TIMP2/TIMP3/TIMP4/SERPINF1/SERPINB5/CASP8/THBS1/DLC1/RECK/HGF/BIN1/GSN/SYK/KLF4/DAPK1,20,Vertebrates
GO:0030336,negative regulation of cell migration,21/155,373/18870,3.938669882994842e-12,2.715319017336644e-9,1.7388191041347757e-9,NGFR/IGFBP3/ENG/TIMP1/SERPINF1/TGFB1/BMP4/NKX2-1/SFRP1/BRMS1/THBS1/DLC1/CDH1/RECK/DPYSL3/CERS2/SLIT2/KLF4/PTEN/JUP/ARHGDIB,21,Vertebrates
GO:0060562,epithelial tube morphogenesis,19/155,334/18870,3.759177600109462e-11,2.159647531262886e-8,1.3829816539350075e-8,ENG/MTSS1/TWIST1/SKI/TGFB1/BMP4/GPC3/NKX2-1/ESR1/SFRP1/SMAD4/CASP3/DLC1/PKD1/MAGED1/PFN1/GATA3/KDM5B/SLIT2,19,Vertebrates
GO:0050673,epithelial cell proliferation,22/155,480/18870,6.486659252390523e-11,3.1942163489985907e-8,2.0454923988365307e-8,NGFR/IGFBP3/CLDN1/MTSS1/TWIST1/TP63/SERPINF1/SERPINB5/TGFB1/BMP4/GPC3/ESR1/SFRP1/THBS1/RUNX3/HGF/SOX11/MAGED1/GATA3/KDM5B/NME1/NME2,22,Vertebrates
GO:0048608,reproductive structure development,17/155,305/18870,5.875267997041592e-10,2.247661772872629e-7,1.439343666564031e-7,TNFSF10/HOXA10/TP63/SERPINF1/SERPINB5/BMP4/NKX2-1/ESR1/SFRP1/SMAD4/CASP3/PKD1/GATA3/RRM1/KDM5B/IDH1/SLIT2,17,Vertebrates
GO:0010951,negative regulation of endopeptidase activity,12/155,128/18870,6.423942197834671e-10,2.247661772872629e-7,1.439343666564031e-7,CD44/TIMP1/TIMP2/TIMP3/TIMP4/SERPINF1/SERPINB5/THBS1/RECK/HGF/BIN1/KLF4,12,Vertebrates
GO:0048732,gland development,20/155,443/18870,6.698586601159792e-10,2.247661772872629e-7,1.439343666564031e-7,CLDN1/CADM1/HOXA10/TP63/SERPINF1/SERPINB5/TGFB1/BMP4/NKX2-1/ESR1/SFRP1/SMAD4/PKD1/CDH1/ITGA2/HGF/GATA3/KDM5B/EPHB3/NME1,20,Vertebrates
GO:0061458,reproductive system development,17/155,309/18870,7.172694952596147e-10,2.247661772872629e-7,1.439343666564031e-7,TNFSF10/HOXA10/TP63/SERPINF1/SERPINB5/BMP4/NKX2-1/ESR1/SFRP1/SMAD4/CASP3/PKD1/GATA3/RRM1/KDM5B/IDH1/SLIT2,17,Vertebrates
GO:0001667,ameboidal-type cell migration,21/155,497/18870,8.016605408845772e-10,2.302769903690948e-7,1.4746334686271567e-7,AKAP12/TWIST1/TIMP1/SERPINF1/TGFB1/BMP4/GPC3/SMAD4/THBS1/SEMA3F/ITGA2/ITGB1/PLG/PFN1/GATA3/SLIT2/KLF4/TNS1/PTEN/JUP/ARHGDIB,21,Vertebrates
GO:0090287,regulation of cellular response to growth factor stimulus,18/155,357/18870,8.913367248071969e-10,2.3634136080080056e-7,1.5134681068183742e-7,NGFR/ENG/SKI/TGFB1/BMP4/GPC3/NKX2-1/SFRP1/SMAD4/BRMS1/THBS1/CD63/CREB3L1/SOX11/GATA3/HTRA1/SLIT2/EP300,18,Vertebrates
GO:0050678,regulation of epithelial cell proliferation,19/155,407/18870,1.0642777766377596e-9,2.620403925764541e-7,1.6780379681273548e-7,NGFR/CLDN1/MTSS1/TWIST1/TP63/SERPINF1/SERPINB5/TGFB1/BMP4/GPC3/SFRP1/THBS1/RUNX3/SOX11/MAGED1/GATA3/KDM5B/NME1/NME2,19,Vertebrates
GO:0010466,negative regulation of peptidase activity,12/155,137/18870,1.4128008137960094e-9,3.2466162701032297e-7,2.0790479344071804e-7,CD44/TIMP1/TIMP2/TIMP3/TIMP4/SERPINF1/SERPINB5/THBS1/RECK/HGF/BIN1/KLF4,12,Vertebrates
GO:0008625,extrinsic apoptotic signaling pathway via death domain receptors,10/155,86/18870,2.1657340699681563e-9,4.665803336987647e-7,2.987858121528437e-7,TNFRSF10A/TNFRSF10B/MAL/TIMP3/SFRP1/CASP8/THBS1/HGF/PTEN/DAPK1,10,Vertebrates
GO:0009612,response to mechanical stimulus,14/155,213/18870,2.536628601012255e-9,5.143387522170142e-7,3.293690511654922e-7,TNFRSF10A/TNFRSF10B/ENG/CASP8/CASP5/THBS1/PKD1/MAP2K4/ITGA2/POSTN/TXNIP/GSN/DMD/JUP,14,Vertebrates
GO:0048511,rhythmic process,16/155,296/18870,3.0127844638755927e-9,5.76948224832176e-7,3.6946251583316484e-7,KISS1/NGFR/TWIST1/AHR/SERPINF1/NKX2-1/BHLHE41/ESR1/CASP3/MAGED1/KDM5B/NOS2/SLIT2/KLF10/EP300/PTEN,16,Vertebrates
GO:0061138,morphogenesis of a branching epithelium,13/155,187/18870,4.897326794269524e-9,8.884781820972132e-7,5.689581322760773e-7,ENG/TP63/BMP4/GPC3/NKX2-1/ESR1/SFRP1/SMAD4/PKD1/HGF/MAGED1/KDM5B/SLIT2,13,Vertebrates
GO:0043281,regulation of cysteine-type endopeptidase activity involved in apoptotic process,12/155,163/18870,1.026885576327279e-8,1.7698372908000653e-6,1.1333573966096338e-6,NGFR/CD44/TNFSF10/LGALS9/CASP8/THBS1/DLC1/HGF/GSN/SYK/KLF4/DAPK1,12,Vertebrates
GO:0001763,morphogenesis of a branching structure,13/155,203/18870,1.316857468096966e-8,2.1615274726334486e-6,1.3841855190974127e-6,ENG/TP63/BMP4/GPC3/NKX2-1/ESR1/SFRP1/SMAD4/PKD1/HGF/MAGED1/KDM5B/SLIT2,13,Vertebrates
GO:0071214,cellular response to abiotic stimulus,16/155,334/18870,1.6721332840697304e-8,2.506018882690592e-6,1.604788785672414e-6,TNFRSF10A/TNFRSF10B/GPR68/ENG/CRYAB/TIMP1/SFRP1/CASP3/CASP8/CASP5/TRPM1/MAP2K4/ITGA2/GATA3/EP300/PTEN,16,Vertebrates
GO:0104004,cellular response to environmental stimulus,16/155,334/18870,1.6721332840697304e-8,2.506018882690592e-6,1.604788785672414e-6,TNFRSF10A/TNFRSF10B/GPR68/ENG/CRYAB/TIMP1/SFRP1/CASP3/CASP8/CASP5/TRPM1/MAP2K4/ITGA2/GATA3/EP300/PTEN,16,Vertebrates
GO:0051346,negative regulation of hydrolase activity,13/155,218/18870,3.07740025900459e-8,4.419916121995343e-6,2.830398396110801e-6,CD44/TIMP1/TIMP2/TIMP3/TIMP4/SERPINF1/SERPINB5/THBS1/RECK/HGF/BIN1/KLF4/RRP1B,13,Vertebrates
GO:0031589,cell-substrate adhesion,16/155,356/18870,4.0686818924282935e-8,5.6098985932801305e-6,3.59243196986195e-6,CD44/OLFM4/TMEM8B/SFRP1/THBS1/DLC1/CD63/PKD1/ITGA2/ITGB1/PLG/POSTN/EPHB3/CDKN2A/PTEN/JUP,16,Vertebrates
GO:0036462,TRAIL-activated apoptotic signaling pathway,5/155,13/18870,4.277870581240505e-8,5.671469189821546e-6,3.631860165530907e-6,TNFRSF10A/TNFRSF10B/TIMP3/CASP8/PTEN,5,Vertebrates
GO:0007162,negative regulation of cell adhesion,15/155,312/18870,4.5777818630057884e-8,5.844301511770723e-6,3.7425374529135044e-6,LGALS9/TGFB1/BMP4/CASP3/PLA2G2A/THBS1/DLC1/CD9/RUNX3/CDH1/PLG/POSTN/CDKN2A/KLF4/PTEN,15,Vertebrates
GO:0016331,morphogenesis of embryonic epithelium,11/155,152/18870,5.1513740480291044e-8,6.341709408412973e-6,4.0610644280891105e-6,TWIST1/SKI/TP63/TGFB1/BMP4/SFRP1/CASP3/DLC1/SOX11/PFN1/GATA3,11,Vertebrates
GO:0097191,extrinsic apoptotic signaling pathway,13/155,229/18870,5.498919070498156e-8,6.536128977933498e-6,4.18556562280749e-6,TNFRSF10A/TNFRSF10B/TNFSF10/MAL/TIMP3/TGFB1/BMP4/SFRP1/CASP8/THBS1/HGF/PTEN/DAPK1,13,Vertebrates
GO:1902043,positive regulation of extrinsic apoptotic signaling pathway via death domain receptors,5/155,14/18870,6.610424264923454e-8,7.595377480397049e-6,4.8638805907173635e-6,MAL/TIMP3/SFRP1/THBS1/PTEN,5,Vertebrates
GO:0045861,negative regulation of proteolysis,13/155,235/18870,7.445516594139818e-8,7.890517871495684e-6,5.052880758715116e-6,CD44/GAS1/TIMP1/TIMP2/TIMP3/TIMP4/SERPINF1/SERPINB5/THBS1/RECK/HGF/BIN1/KLF4,13,Vertebrates
GO:0001655,urogenital system development,8/155,67/18870,7.479462407841614e-8,7.890517871495684e-6,5.052880758715116e-6,HOXA10/TP63/SERPINF1/SERPINB5/BMP4/ESR1/SFRP1/EPHB3,8,Vertebrates
GO:2000116,regulation of cysteine-type endopeptidase activity,12/155,195/18870,7.554020590639907e-8,7.890517871495684e-6,5.052880758715116e-6,NGFR/CD44/TNFSF10/LGALS9/CASP8/THBS1/DLC1/HGF/GSN/SYK/KLF4/DAPK1,12,Vertebrates
GO:0007160,cell-matrix adhesion,13/155,239/18870,9.067164371474463e-8,9.192504584844845e-6,5.886638912378313e-6,CD44/TMEM8B/SFRP1/THBS1/DLC1/CD63/PKD1/ITGA2/ITGB1/POSTN/CDKN2A/PTEN/JUP,13,Vertebrates
GO:1902893,regulation of miRNA transcription,8/155,70/18870,1.0602785186380714e-7,1.0442228724986948e-5,6.686929484463266e-6,NGFR/TWIST1/TGFB1/BMP4/ESR1/SMAD4/GATA3/KLF4,8,Vertebrates
GO:0061614,miRNA transcription,8/155,71/18870,1.1866613989709285e-7,1.136228289514664e-5,7.276108051584904e-6,NGFR/TWIST1/TGFB1/BMP4/ESR1/SMAD4/GATA3/KLF4,8,Vertebrates
GO:0071559,response to transforming growth factor beta,14/155,293/18870,1.417414101930703e-7,1.320493624150036e-5,8.45609494096354e-6,CLDN1/ENG/SKI/TGFB1/NKX2-1/SFRP1/SMAD4/BRMS1/THBS1/RUNX3/SOX11/POSTN/HTRA1/EP300,14,Vertebrates
GO:0030850,prostate gland development,7/155,50/18870,1.6358599761623506e-7,1.4838971941662166e-5,9.502488559591273e-6,HOXA10/TP63/SERPINF1/SERPINB5/BMP4/ESR1/SFRP1,7,Vertebrates
GO:2001233,regulation of apoptotic signaling pathway,16/155,398/18870,1.871799413105657e-7,1.654382712044923e-5,1.0594233115472505e-5,CLU/NGFR/CD44/TNFSF10/MAL/TP63/TIMP3/BMP4/SFRP1/THBS1/HGF/CREB3L1/GNAI2/MAGED1/IVNS1ABP/PTEN,16,Vertebrates
GO:0050680,negative regulation of epithelial cell proliferation,11/155,173/18870,1.9323246588078166e-7,1.665180774727636e-5,1.066338107768419e-5,NGFR/MTSS1/SERPINF1/TGFB1/BMP4/GPC3/SFRP1/THBS1/RUNX3/MAGED1/GATA3,11,Vertebrates
GO:0010586,miRNA metabolic process,9/155,105/18870,2.0693428112455316e-7,1.7397621147227677e-5,1.1140980424086985e-5,NGFR/TWIST1/TGFB1/BMP4/ESR1/SMAD4/GATA3/DICER1/KLF4,9,Vertebrates
GO:0032760,positive regulation of tumor necrosis factor production,9/155,106/18870,2.2456303982528154e-7,1.8430209482803464e-5,1.1802222920140737e-5,CLU/AKAP12/TWIST1/LGALS9/TGFB1/THBS1/APP/MMP8/SYK,9,Vertebrates
GO:0001837,epithelial to mesenchymal transition,11/155,178/18870,2.576285337810636e-7,2.065222223124015e-5,1.3225141623963047e-5,ENG/TWIST1/TGFB1/BMP4/NKX2-1/SFRP1/SMAD4/HGF/PDCD4/GATA3/PTEN,11,Vertebrates
GO:1903557,positive regulation of tumor necrosis factor superfamily cytokine production,9/155,110/18870,3.0879491528325877e-7,2.419127438594075e-5,1.549145783131564e-5,CLU/AKAP12/TWIST1/LGALS9/TGFB1/THBS1/APP/MMP8/SYK,9,Vertebrates
GO:0070372,regulation of ERK1 and ERK2 cascade,14/155,313/18870,3.1679618533941935e-7,2.426658779699952e-5,1.5539686565070466e-5,AKAP12/CD44/LGALS9/TIMP3/TGFB1/BMP4/SMAD4/PLA2G2A/SHC1/NDRG2/APP/GNAI2/SYK/PTEN,14,Vertebrates
GO:0010717,regulation of epithelial to mesenchymal transition,9/155,111/18870,3.337068634799147e-7,2.5006251269897088e-5,1.6013347659436644e-5,ENG/TWIST1/TGFB1/BMP4/NKX2-1/SFRP1/SMAD4/GATA3/PTEN,9,Vertebrates
GO:0042692,muscle cell differentiation,16/155,419/18870,3.734646929634733e-7,2.739005950308707e-5,1.753987594948272e-5,ENG/CXADR/SKI/TGFB1/BMP4/BHLHE41/SMAD4/CASP3/CD9/MAP2K4/ITGB1/PDCD4/BIN1/MYO18B/DMD/FOXO4,16,Vertebrates
GO:0032355,response to estradiol,9/155,113/18870,3.8880847189397145e-7,2.7921308387885824e-5,1.7880073806176718e-5,CRYAB/TGFB1/ESR1/SFRP1/CASP3/CASP8/ITGA2/POSTN/TXNIP,9,Vertebrates
GO:0043086,negative regulation of catalytic activity,17/155,480/18870,4.5452517907526525e-7,3.1974454944335496e-5,2.0475602589061897e-5,CD44/TIMP1/TIMP2/TIMP3/TIMP4/SERPINF1/SERPINB5/THBS1/RECK/HGF/PDCD4/BIN1/GNAI2/CDKN2A/KLF4/RRP1B/PTEN,17,Vertebrates
GO:0007411,axon guidance,12/155,233/18870,5.187130760741527e-7,3.505890143583538e-5,2.245080124927757e-5,NGFR/LGI1/NKX2-1/DCC/SMAD4/SEMA3F/APP/LMX1A/GATA3/EPHB3/EPHB6/SLIT2,12,Vertebrates
GO:0097485,neuron projection guidance,12/155,233/18870,5.187130760741527e-7,3.505890143583538e-5,2.245080124927757e-5,NGFR/LGI1/NKX2-1/DCC/SMAD4/SEMA3F/APP/LMX1A/GATA3/EPHB3/EPHB6/SLIT2,12,Vertebrates
GO:2000628,regulation of miRNA metabolic process,8/155,86/18870,5.333891216228814e-7,3.5357544273732156e-5,2.2642044292372112e-5,NGFR/TWIST1/TGFB1/BMP4/ESR1/SMAD4/GATA3/KLF4,8,Vertebrates
GO:0048754,branching morphogenesis of an epithelial tube,10/155,156/18870,6.564243121481749e-7,4.269235101839168e-5,2.733906221598258e-5,ENG/BMP4/GPC3/NKX2-1/ESR1/SMAD4/PKD1/MAGED1/KDM5B/SLIT2,10,Vertebrates
GO:0071560,cellular response to transforming growth factor beta stimulus,13/155,287/18870,7.39033394982919e-7,4.651901876969614e-5,2.9789559910235542e-5,CLDN1/ENG/SKI/TGFB1/NKX2-1/SFRP1/SMAD4/BRMS1/THBS1/SOX11/POSTN/HTRA1/EP300,13,Vertebrates
GO:0070371,ERK1 and ERK2 cascade,14/155,336/18870,7.422529829803561e-7,4.651901876969614e-5,2.9789559910235542e-5,AKAP12/CD44/LGALS9/TIMP3/TGFB1/BMP4/SMAD4/PLA2G2A/SHC1/NDRG2/APP/GNAI2/SYK/PTEN,14,Vertebrates
GO:0007548,sex differentiation,13/155,288/18870,7.685456938964471e-7,4.705739408506476e-5,3.0134321346214347e-5,TNFSF10/HOXA10/TP63/NKX2-1/ESR1/SFRP1/SMAD4/CASP3/PKD1/GATA3/RRM1/IDH1/SLIT2,13,Vertebrates
GO:0001819,positive regulation of cytokine production,17/155,499/18870,7.781466384823589e-7,4.705739408506476e-5,3.0134321346214347e-5,CLU/AKAP12/CADM1/IRF8/TWIST1/LGALS9/TGFB1/CASP8/THBS1/HGF/APP/MMP8/POSTN/GATA3/SYK/TYK2/NOS2,17,Vertebrates
GO:0001843,neural tube closure,8/155,91/18870,8.252476898848571e-7,4.839882030550176e-5,3.0993335526128656e-5,TWIST1/SKI/TGFB1/BMP4/SFRP1/CASP3/DLC1/PFN1,8,Vertebrates
GO:0017015,regulation of transforming growth factor beta receptor signaling pathway,10/155,160/18870,8.284103272482169e-7,4.839882030550176e-5,3.0993335526128656e-5,ENG/SKI/TGFB1/NKX2-1/SMAD4/BRMS1/THBS1/SOX11/HTRA1/EP300,10,Vertebrates
GO:0060606,tube closure,8/155,92/18870,8.976044180774565e-7,5.072200703463923e-5,3.2481043394450843e-5,TWIST1/SKI/TGFB1/BMP4/SFRP1/CASP3/DLC1/PFN1,8,Vertebrates
GO:0140747,regulation of ncRNA transcription,8/155,92/18870,8.976044180774565e-7,5.072200703463923e-5,3.2481043394450843e-5,NGFR/TWIST1/TGFB1/BMP4/ESR1/SMAD4/GATA3/KLF4,8,Vertebrates
GO:0001838,embryonic epithelial tube formation,9/155,125/18870,9.159018645971968e-7,5.092118914946028e-5,3.260859439830767e-5,TWIST1/SKI/TGFB1/BMP4/SFRP1/CASP3/DLC1/PFN1/GATA3,9,Vertebrates
GO:1903844,regulation of cellular response to transforming growth factor beta stimulus,10/155,163/18870,9.820766902288637e-7,5.3236214993601226e-5,3.40910762498532e-5,ENG/SKI/TGFB1/NKX2-1/SMAD4/BRMS1/THBS1/SOX11/HTRA1/EP300,10,Vertebrates
GO:0043388,positive regulation of DNA binding,6/155,41/18870,9.88429869332892e-7,5.3236214993601226e-5,3.40910762498532e-5,TWIST1/SKI/TGFB1/GATA3/NME1/EP300,6,Vertebrates
GO:0060065,uterus development,5/155,23/18870,1.0466518801668013e-6,5.4676434662165666e-05,3.501335516362403e-5,HOXA10/ESR1/SMAD4/GATA3/KDM5B,5,Vertebrates
GO:0051099,positive regulation of binding,9/155,127/18870,1.0468943103286725e-6,5.4676434662165666e-05,3.501335516362403e-5,TWIST1/SKI/TGFB1/BMP4/PKD1/APP/GATA3/NME1/EP300,9,Vertebrates
GO:0090092,regulation of transmembrane receptor protein serine/threonine kinase signaling pathway,13/155,297/18870,1.0853822196334928e-6,5.5840485239949994e-5,3.575878263270125e-5,ENG/SKI/TGFB1/BMP4/GPC3/NKX2-1/SFRP1/SMAD4/BRMS1/THBS1/SOX11/HTRA1/EP300,13,Vertebrates
GO:0010712,regulation of collagen metabolic process,6/155,43/18870,1.322146835872262e-6,6.702117857723069e-5,4.2918605492633644e-5,ENG/TGFB1/BMP4/ITGA2/ITGB1/CREB3L1,6,Vertebrates
GO:0014020,primary neural tube formation,8/155,97/18870,1.3462196561067597e-6,6.725245151594204e-5,4.306670661870138e-5,TWIST1/SKI/TGFB1/BMP4/SFRP1/CASP3/DLC1/PFN1,8,Vertebrates
GO:0072163,mesonephric epithelium development,8/155,99/18870,1.572821770372695e-6,7.635938933062929e-5,4.889855081499691e-5,BMP4/GPC3/SFRP1/SMAD4/PKD1/MAGED1/GATA3/SLIT2,8,Vertebrates
GO:0072164,mesonephric tubule development,8/155,99/18870,1.572821770372695e-6,7.635938933062929e-5,4.889855081499691e-5,BMP4/GPC3/SFRP1/SMAD4/PKD1/MAGED1/GATA3/SLIT2,8,Vertebrates
GO:0002347,response to tumor cell,6/155,45/18870,1.7426822562000006e-6,8.343091301557503e-5,5.342696917034213e-5,TNFRSF10B/AHR/TGFB1/TXNIP/KLF4/DAPK1,6,Vertebrates
GO:0048762,mesenchymal cell differentiation,12/155,262/18870,1.7857677591715716e-6,8.4322485833759e-5,5.399790902642806e-5,ENG/TWIST1/TGFB1/BMP4/NKX2-1/SFRP1/SMAD4/SEMA3F/HGF/PDCD4/GATA3/PTEN,12,Vertebrates
GO:0072175,epithelial tube formation,9/155,137/18870,1.9737405887327903e-6,9.193897039678281e-5,5.887530603944042e-5,TWIST1/SKI/TGFB1/BMP4/SFRP1/CASP3/DLC1/PFN1/GATA3,9,Vertebrates
GO:0032967,positive regulation of collagen biosynthetic process,5/155,26/18870,2.0057957842336725e-6,9.218637424337959e-5,5.903373697597209e-5,ENG/TGFB1/BMP4/ITGA2/CREB3L1,5,Vertebrates
GO:0071260,cellular response to mechanical stimulus,7/155,72/18870,2.0744322462006857e-6,9.408642042965479e-5,6.025047673521936e-5,TNFRSF10A/TNFRSF10B/ENG/CASP8/CASP5/MAP2K4/ITGA2,7,Vertebrates
GO:0001823,mesonephros development,8/155,103/18870,2.124664301338998e-6,9.511321878851333e-5,6.090801148199425e-5,BMP4/GPC3/SFRP1/SMAD4/PKD1/MAGED1/GATA3/SLIT2,8,Vertebrates
GO:0001841,neural tube formation,8/155,104/18870,2.2858429128614537e-6,9.77859295327958e-5,6.261954536523683e-5,TWIST1/SKI/TGFB1/BMP4/SFRP1/CASP3/DLC1/PFN1,8,Vertebrates
GO:0090100,positive regulation of transmembrane receptor protein serine/threonine kinase signaling pathway,8/155,104/18870,2.2858429128614537e-6,9.77859295327958e-5,6.261954536523683e-5,ENG/TGFB1/BMP4/GPC3/SMAD4/THBS1/SOX11/EP300,8,Vertebrates
GO:0071772,response to BMP,10/155,179/18870,2.2978416861492485e-6,9.77859295327958e-5,6.261954536523683e-5,ENG/SKI/BMP4/GPC3/SFRP1/SMAD4/PDCD4/SOX11/GATA3/HTRA1,10,Vertebrates
GO:0071773,cellular response to BMP stimulus,10/155,179/18870,2.2978416861492485e-6,9.77859295327958e-5,6.261954536523683e-5,ENG/SKI/BMP4/GPC3/SFRP1/SMAD4/PDCD4/SOX11/GATA3/HTRA1,10,Vertebrates
GO:0010714,positive regulation of collagen metabolic process,5/155,27/18870,2.44539820248699e-6,1.0279619029234946e-4,6.58279849886421e-5,ENG/TGFB1/BMP4/ITGA2/CREB3L1,5,Vertebrates
GO:0060512,prostate gland morphogenesis,5/155,28/18870,2.9573451511152516e-6,1.228189004324611e-4,7.865000357499916e-5,TP63/SERPINB5/BMP4/ESR1/SFRP1,5,Vertebrates
GO:0022407,regulation of cell-cell adhesion,16/155,493/18870,3.1308290859201333e-6,1.2808656561687527e-4,8.202327824304504e-5,CD44/LGALS9/TGFB1/BMP4/CASP3/PLA2G2A/CD9/RUNX3/CDH1/PLG/GATA3/EPHB3/SYK/TYK2/ZDHHC2/KLF4,16,Vertebrates
GO:2001235,positive regulation of apoptotic signaling pathway,9/155,145/18870,3.1585024883766747e-6,1.2808656561687527e-4,8.202327824304504e-5,NGFR/TNFSF10/MAL/TP63/TIMP3/SFRP1/THBS1/MAGED1/PTEN,9,Vertebrates
GO:0032640,tumor necrosis factor production,10/155,186/18870,3.2427581592405104e-6,1.2848031465404643e-4,8.227542480250878e-5,CLU/AKAP12/TWIST1/LGALS9/TGFB1/THBS1/APP/MMP8/DICER1/SYK,10,Vertebrates
GO:0032680,regulation of tumor necrosis factor production,10/155,186/18870,3.2427581592405104e-6,1.2848031465404643e-4,8.227542480250878e-5,CLU/AKAP12/TWIST1/LGALS9/TGFB1/THBS1/APP/MMP8/DICER1/SYK,10,Vertebrates
GO:1902041,regulation of extrinsic apoptotic signaling pathway via death domain receptors,6/155,50/18870,3.2868219161663695e-6,1.2874630846619858e-4,8.244576026556073e-5,MAL/TIMP3/SFRP1/THBS1/HGF/PTEN,6,Vertebrates
GO:0016049,cell growth,16/155,497/18870,3.4710947923677913e-6,1.3443667134035704e-4,8.608971945115622e-5,IGFBP3/LGI1/CRYAB/TGFB1/DCC/SFRP1/SMAD4/SEMA3F/MAP2K4/CDH1/ITGB1/APP/POSTN/LMX1A/SLIT2/CDKN2A,16,Vertebrates
GO:0008406,gonad development,11/155,233/18870,3.652026584586374e-6,1.398726181896581e-4,8.957075728511845e-5,TNFSF10/HOXA10/NKX2-1/ESR1/SFRP1/SMAD4/CASP3/GATA3/RRM1/IDH1/SLIT2,11,Vertebrates
GO:0043280,positive regulation of cysteine-type endopeptidase activity involved in apoptotic process,8/155,111/18870,3.733030302358474e-6,1.414039060684578e-4,9.055135389295224e-5,NGFR/TNFSF10/LGALS9/CASP8/DLC1/GSN/SYK/DAPK1,8,Vertebrates
GO:0010720,positive regulation of cell development,15/155,444/18870,3.987713090609871e-6,1.4799412326892014e-4,9.477155619529585e-5,GPR68/LGALS9/SERPINF1/TGFB1/BMP4/CASP8/RUNX3/ITGB1/SOX11/BIN1/GATA3/DICER1/SYK/SLIT2/KLF10,15,Vertebrates
GO:0071706,tumor necrosis factor superfamily cytokine production,10/155,191/18870,4.109418717611216e-6,1.4799412326892014e-4,9.477155619529585e-5,CLU/AKAP12/TWIST1/LGALS9/TGFB1/THBS1/APP/MMP8/DICER1/SYK,10,Vertebrates
GO:1903555,regulation of tumor necrosis factor superfamily cytokine production,10/155,191/18870,4.109418717611216e-6,1.4799412326892014e-4,9.477155619529585e-5,CLU/AKAP12/TWIST1/LGALS9/TGFB1/THBS1/APP/MMP8/DICER1/SYK,10,Vertebrates
GO:1905049,negative regulation of metallopeptidase activity,4/155,14/18870,4.111524698924876e-6,1.4799412326892014e-4,9.477155619529585e-5,TIMP1/TIMP2/TIMP3/RECK,4,Vertebrates
GO:1902903,regulation of supramolecular fiber organization,14/155,389/18870,4.126834938514694e-6,1.4799412326892014e-4,9.477155619529585e-5,CLU/MTSS1/CRYAB/SFRP1/SMAD4/DLC1/APP/BIN1/GSN/PFN1/LIMA1/DRG1/RNH1/SLIT2,14,Vertebrates
GO:0072073,kidney epithelium development,9/155,150/18870,4.174545913736809e-6,1.4799412326892014e-4,9.477155619529585e-5,MTSS1/BMP4/GPC3/SFRP1/SMAD4/PKD1/MAGED1/GATA3/SLIT2,9,Vertebrates
GO:0034329,cell junction assembly,15/155,446/18870,4.21078139447257e-6,1.4799412326892014e-4,9.477155619529585e-5,CLDN1/LZTS1/SFRP1/THBS1/DLC1/EPB41L3/CD9/CDH1/ITGA2/APP/EPHB3/ZDHHC2/PTEN/JUP/VMP1,15,Vertebrates
GO:0050767,regulation of neurogenesis,14/155,390/18870,4.2504839581152e-6,1.4799412326892014e-4,9.477155619529585e-5,SKI/SERPINF1/TGFB1/BHLHE41/DCC/SEMA3F/CDH1/ITGB1/SOX11/BIN1/DICER1/CERS2/SLIT2/PTEN,14,Vertebrates
GO:0035148,tube formation,9/155,151/18870,4.408331172885075e-6,1.5109728296763128e-4,9.675873830275689e-5,TWIST1/SKI/TGFB1/BMP4/SFRP1/CASP3/DLC1/PFN1/GATA3,9,Vertebrates
GO:0007409,axonogenesis,15/155,448/18870,4.444942279578499e-6,1.5109728296763128e-4,9.675873830275689e-5,NGFR/LGI1/NKX2-1/DCC/SMAD4/SEMA3F/CDH1/ITGB1/APP/LMX1A/GATA3/EPHB3/EPHB6/SLIT2/PTEN,15,Vertebrates
GO:0045137,development of primary sexual characteristics,11/155,238/18870,4.476691818840459e-6,1.5109728296763128e-4,9.675873830275689e-5,TNFSF10/HOXA10/NKX2-1/ESR1/SFRP1/SMAD4/CASP3/GATA3/RRM1/IDH1/SLIT2,11,Vertebrates
GO:0042063,gliogenesis,13/155,338/18870,4.514946372400934e-6,1.5109728296763128e-4,9.675873830275689e-5,CLU/MAL/SKI/TGFB1/NKX2-1/CD9/NDRG1/APP/SOX11/BIN1/DICER1/CERS2/PTEN,13,Vertebrates
GO:0010721,negative regulation of cell development,12/155,287/18870,4.574187595752732e-6,1.5112913499590197e-4,9.677913550651412e-5,GPR68/SKI/BMP4/DCC/SFRP1/SEMA3F/RUNX3/CDH1/SOX11/DICER1/CERS2/PTEN,12,Vertebrates
GO:0061333,renal tubule morphogenesis,7/155,81/18870,4.6035854872555e-6,1.5112913499590197e-4,9.677913550651412e-5,MTSS1/BMP4/GPC3/SMAD4/PKD1/MAGED1/GATA3,7,Vertebrates
GO:2001238,positive regulation of extrinsic apoptotic signaling pathway,6/155,53/18870,4.653145346348156e-6,1.5131501895152919e-4,9.689817071789557e-5,TNFSF10/MAL/TIMP3/SFRP1/THBS1/PTEN,6,Vertebrates
GO:0044344,cellular response to fibroblast growth factor stimulus,8/155,115/18870,4.864410005526256e-6,1.5670674101914955e-4,1.0035088816122536e-4,NGFR/CD44/SFRP1/THBS1/CREB3L1/POSTN/GATA3/KDM5B,8,Vertebrates
GO:0055001,muscle cell development,10/155,195/18870,4.941019377383764e-6,1.5770086846149847e-4,1.009875013096857e-4,ENG/CXADR/SKI/BMP4/SMAD4/MAP2K4/ITGB1/BIN1/MYO18B/DMD,10,Vertebrates
GO:0010975,regulation of neuron projection development,15/155,453/18870,5.082068313107729e-6,1.6071458234203983e-4,1.0291740466042402e-4,LZTS1/SERPINF1/DCC/SFRP1/SEMA3F/CDH1/GATA3/CRMP1/DPYSL3/CERS2/EPHB3/SLIT2/KLF4/EP300/PTEN,15,Vertebrates
GO:0010763,positive regulation of fibroblast migration,4/155,15/18870,5.570806328782479e-6,1.7299612085867753e-4,1.107821799095008e-4,AKAP12/TGFB1/THBS1/ITGB1,4,Vertebrates
GO:0072176,nephric duct development,4/155,15/18870,5.570806328782479e-6,1.7299612085867753e-4,1.107821799095008e-4,BMP4/GPC3/PKD1/GATA3,4,Vertebrates
GO:0060560,developmental growth involved in morphogenesis,11/155,244/18870,5.677649917047513e-6,1.7473981485770338e-4,1.1189879582752478e-4,BMP4/ESR1/DCC/SFRP1/SEMA3F/CDH1/ITGB1/APP/POSTN/KDM5B/SLIT2,11,Vertebrates
GO:0051101,regulation of DNA binding,7/155,85/18870,6.358006965071984e-6,1.8971005524669323e-4,1.2148534525897905e-4,TWIST1/SKI/TGFB1/SOX11/GATA3/NME1/EP300,7,Vertebrates
GO:0033002,muscle cell proliferation,11/155,247/18870,6.377281115770425e-6,1.8971005524669323e-4,1.2148534525897905e-4,IGFBP3/SKI/TGFB1/BMP4/THBS1/NDRG2/ITGA2/HGF/PDCD4/GNAI2/PTEN,11,Vertebrates
GO:0045926,negative regulation of growth,11/155,247/18870,6.377281115770425e-6,1.8971005524669323e-4,1.2148534525897905e-4,CRYAB/TGFB1/GPC3/DCC/SFRP1/SMAD4/SEMA3F/CDH1/SLIT2/CDKN2A/PTEN,11,Vertebrates
GO:0045765,regulation of angiogenesis,13/155,349/18870,6.384208415612537e-6,1.8971005524669323e-4,1.2148534525897905e-4,ENG/TWIST1/SERPINF1/SFRP1/THBS1/RECK/ITGB1/CREB3L1/HTATIP2/FOXO4/RNH1/KLF4/JUP,13,Vertebrates
GO:0030326,embryonic limb morphogenesis,8/155,120/18870,6.675458807940527e-6,1.9428811636103152e-4,1.2441701556168848e-4,HOXA10/TWIST1/SKI/TP63/BMP4/GPC3/SMAD4/RECK,8,Vertebrates
GO:0035113,embryonic appendage morphogenesis,8/155,120/18870,6.675458807940527e-6,1.9428811636103152e-4,1.2441701556168848e-4,HOXA10/TWIST1/SKI/TP63/BMP4/GPC3/SMAD4/RECK,8,Vertebrates
GO:0001666,response to hypoxia,12/155,298/18870,6.707364620528794e-6,1.9428811636103152e-4,1.2441701556168848e-4,CRYAB/TWIST1/TGFB1/SFRP1/SMAD4/CASP3/THBS1/NDRG1/ITGA2/POSTN/NOS2/EP300,12,Vertebrates
GO:0030510,regulation of BMP signaling pathway,8/155,121/18870,7.098795983579954e-6,2.033098996145234e-4,1.3019432900971268e-4,ENG/SKI/BMP4/GPC3/SFRP1/SMAD4/SOX11/HTRA1,8,Vertebrates
GO:0051960,regulation of nervous system development,15/155,466/18870,7.136784987919156e-6,2.033098996145234e-4,1.3019432900971268e-4,SKI/SERPINF1/TGFB1/BHLHE41/DCC/SEMA3F/CDH1/ITGB1/SOX11/BIN1/DICER1/CERS2/EPHB3/SLIT2/PTEN,15,Vertebrates
GO:0007517,muscle organ development,13/155,354/18870,7.439644771606238e-6,2.063988258386969e-4,1.3217239637327574e-4,ENG/CRYAB/TWIST1/SKI/TGFB1/BMP4/SMAD4/ITGB1/PAX5/SOX11/DMD/FOXO4/EP300,13,Vertebrates
GO:1901342,regulation of vasculature development,13/155,354/18870,7.439644771606238e-6,2.063988258386969e-4,1.3217239637327574e-4,ENG/TWIST1/SERPINF1/SFRP1/THBS1/RECK/ITGB1/CREB3L1/HTATIP2/FOXO4/RNH1/KLF4/JUP,13,Vertebrates
GO:0007178,transmembrane receptor protein serine/threonine kinase signaling pathway,14/155,410/18870,7.5240710597624455e-6,2.063988258386969e-4,1.3217239637327574e-4,ENG/SKI/TGFB1/BMP4/GPC3/NKX2-1/SFRP1/SMAD4/BRMS1/THBS1/PDCD4/SOX11/HTRA1/EP300,14,Vertebrates
GO:0021782,glial cell development,8/155,122/18870,7.544604599847928e-6,2.063988258386969e-4,1.3217239637327574e-4,CLU/MAL/SKI/NDRG1/APP/SOX11/DICER1/PTEN,8,Vertebrates
GO:0022612,gland morphogenesis,8/155,122/18870,7.544604599847928e-6,2.063988258386969e-4,1.3217239637327574e-4,TP63/SERPINB5/TGFB1/BMP4/ESR1/SFRP1/HGF/KDM5B,8,Vertebrates
GO:0022408,negative regulation of cell-cell adhesion,10/155,205/18870,7.685942121267998e-6,2.076614319666481e-4,1.3298093623259312e-4,LGALS9/TGFB1/BMP4/CASP3/PLA2G2A/CD9/RUNX3/CDH1/PLG/KLF4,10,Vertebrates
GO:0010001,glial cell differentiation,11/155,252/18870,7.71124551544269e-6,2.076614319666481e-4,1.3298093623259312e-4,CLU/MAL/SKI/TGFB1/NKX2-1/NDRG1/APP/SOX11/BIN1/DICER1/PTEN,11,Vertebrates
GO:0021915,neural tube development,9/155,162/18870,7.819167294967327e-6,2.089354237655223e-4,1.3379676717704194e-4,TWIST1/SKI/TGFB1/BMP4/SFRP1/CASP3/DLC1/PKD1/PFN1,9,Vertebrates
GO:0071774,response to fibroblast growth factor,8/155,123/18870,8.013841110031743e-6,2.1249007927907245e-4,1.3607307536628798e-4,NGFR/CD44/SFRP1/THBS1/CREB3L1/POSTN/GATA3/KDM5B,8,Vertebrates
GO:1901654,response to ketone,10/155,208/18870,8.731796108460406e-6,2.2829480578241156e-4,1.4619400782548276e-4,CLDN1/HOXA10/AHR/SERPINF1/TGFB1/SFRP1/THBS1/POSTN/TXNIP/SLIT2,10,Vertebrates
GO:0043410,positive regulation of MAPK cascade,15/155,474/18870,8.742359838490956e-6,2.2829480578241156e-4,1.4619400782548276e-4,KISS1/AKAP12/IGFBP3/CD44/LGALS9/TGFB1/BMP4/PLA2G2A/THBS1/SHC1/MAP2K4/HGF/APP/GNAI2/SYK,15,Vertebrates
GO:0035051,cardiocyte differentiation,9/155,165/18870,9.070524411404676e-6,2.350834409482099e-4,1.505412717903887e-4,CXADR/TWIST1/TGFB1/BMP4/SMAD4/MAP2K4/ITGB1/PDCD4/MYO18B,9,Vertebrates
GO:0060253,negative regulation of glial cell proliferation,4/155,17/18870,9.589532893546446e-6,2.4667999913473586e-4,1.5796740359596935e-4,SKI/SOX11/DICER1/CERS2,4,Vertebrates
GO:0030509,BMP signaling pathway,9/155,167/18870,9.996695615850822e-6,2.55248961391391e-4,1.6345474235040293e-4,ENG/SKI/BMP4/GPC3/SFRP1/SMAD4/PDCD4/SOX11/HTRA1,9,Vertebrates
GO:0090288,negative regulation of cellular response to growth factor stimulus,8/155,127/18870,1.0145264974994166e-5,2.5713770859415357e-4,1.646642465368635e-4,NGFR/SKI/SFRP1/THBS1/CREB3L1/GATA3/HTRA1/SLIT2,8,Vertebrates
GO:0003179,heart valve morphogenesis,6/155,61/18870,1.066184536763677e-5,2.682582553448463e-4,0.00017178555309976421,TWIST1/TGFB1/BMP4/SMAD4/GATA3/SLIT2,6,Vertebrates
GO:0051098,regulation of binding,11/155,262/18870,1.1125159499061068e-5,2.778871361830689e-4,1.7795163592319654e-4,TWIST1/SKI/TGFB1/BMP4/PKD1/APP/SOX11/GATA3/CRMP1/NME1/EP300,11,Vertebrates
GO:2001056,positive regulation of cysteine-type endopeptidase activity,8/155,129/18870,1.137868840870308e-5,2.8217510032229866e-4,1.8069753572927193e-4,NGFR/TNFSF10/LGALS9/CASP8/DLC1/GSN/SYK/DAPK1,8,Vertebrates
GO:0007009,plasma membrane organization,9/155,170/18870,1.153701999574505e-5,2.824216693505355e-4,1.808554320700145e-4,CLU/MTSS1/EPB41L3/CD9/NDRG1/BIN1/GSN/PTEN/VMP1,9,Vertebrates
GO:1900182,positive regulation of protein localization to nucleus,7/155,93/18870,1.155249648344227e-5,2.824216693505355e-4,1.808554320700145e-4,NGFR/TGFB1/BMP4/CDH1/TYK2/EP300/JUP,7,Vertebrates
GO:0036293,response to decreased oxygen levels,12/155,315/18870,1.1725932717901189e-5,2.846428878775028e-4,1.8227784217523198e-4,CRYAB/TWIST1/TGFB1/SFRP1/SMAD4/CASP3/THBS1/NDRG1/ITGA2/POSTN/NOS2/EP300,12,Vertebrates
GO:0048660,regulation of smooth muscle cell proliferation,9/155,171/18870,1.2093538533495014e-5,2.915134777969043e-4,1.8667758781552485e-4,IGFBP3/TGFB1/BMP4/THBS1/NDRG2/ITGA2/PDCD4/GNAI2/PTEN,9,Vertebrates
GO:0043217,myelin maintenance,4/155,18/18870,1.2250686587393923e-5,2.93250810185742e-4,1.877901299251832e-4,CLU/EPB41L3/NDRG1/PTEN,4,Vertebrates
GO:0010631,epithelial cell migration,13/155,372/18870,1.2627949303309168e-5,3.00196836196598e-4,1.9223818286053963e-4,SERPINF1/TGFB1/SMAD4/THBS1/ITGA2/ITGB1/PLG/PFN1/GATA3/SLIT2/KLF4/PTEN/JUP,13,Vertebrates
GO:0090132,epithelium migration,13/155,375/18870,1.3748776278212443e-5,3.2460295774656365e-4,2.0786722318249097e-4,SERPINF1/TGFB1/SMAD4/THBS1/ITGA2/ITGB1/PLG/PFN1/GATA3/SLIT2/KLF4/PTEN/JUP,13,Vertebrates
GO:0060537,muscle tissue development,14/155,433/18870,1.3907753623268722e-5,3.248531298812378e-4,2.0802742685812402e-4,ENG/CXADR/TWIST1/SKI/TGFB1/BMP4/SMAD4/MAP2K4/ITGB1/PAX5/SOX11/MYO18B/DMD/EP300,14,Vertebrates
GO:0003180,aortic valve morphogenesis,5/155,38/18870,1.4136341596224448e-5,3.248531298812378e-4,2.0802742685812402e-4,TWIST1/TGFB1/BMP4/GATA3/SLIT2,5,Vertebrates
GO:0032965,regulation of collagen biosynthetic process,5/155,38/18870,1.4136341596224448e-5,3.248531298812378e-4,2.0802742685812402e-4,ENG/TGFB1/BMP4/ITGA2/CREB3L1,5,Vertebrates
GO:0071404,cellular response to low-density lipoprotein particle stimulus,5/155,38/18870,1.4136341596224448e-5,3.248531298812378e-4,2.0802742685812402e-4,TGFB1/CD9/ITGB1/TXNIP/SYK,5,Vertebrates
GO:0048659,smooth muscle cell proliferation,9/155,175/18870,1.4554843542853756e-5,3.322552694848801e-4,2.1276756297918667e-4,IGFBP3/TGFB1/BMP4/THBS1/NDRG2/ITGA2/PDCD4/GNAI2/PTEN,9,Vertebrates
GO:0031400,negative regulation of protein modification process,14/155,437/18870,1.540975724486973e-5,3.455433075210516e-4,2.2127687413056214e-4,IGFBP3/CADM1/ENG/TGFB1/SFRP1/HGF/PDCD4/SENP2/DMD/SET/IVNS1ABP/SLIT2/CDKN2A/PTEN,14,Vertebrates
GO:0010812,negative regulation of cell-substrate adhesion,6/155,65/18870,1.5437676054030155e-5,3.455433075210516e-4,2.2127687413056214e-4,THBS1/DLC1/PLG/POSTN/CDKN2A/PTEN,6,Vertebrates
GO:1905330,regulation of morphogenesis of an epithelium,6/155,65/18870,1.5437676054030155e-5,3.455433075210516e-4,2.2127687413056214e-4,BMP4/ESR1/SFRP1/HGF/MAGED1/GATA3,6,Vertebrates
GO:0090130,tissue migration,13/155,380/18870,1.5812103230381078e-5,3.5164077312982954e-4,2.2518153123333873e-4,SERPINF1/TGFB1/SMAD4/THBS1/ITGA2/ITGB1/PLG/PFN1/GATA3/SLIT2/KLF4/PTEN/JUP,13,Vertebrates
GO:0055094,response to lipoprotein particle,5/155,39/18870,1.6108304709647192e-5,3.5593157906508893e-4,2.2792925085108074e-4,TGFB1/CD9/ITGB1/TXNIP/SYK,5,Vertebrates
GO:0001657,ureteric bud development,7/155,98/18870,1.6302464764325584e-5,3.5792736332885535e-4,2.292072987649397e-4,BMP4/GPC3/SFRP1/SMAD4/MAGED1/GATA3/SLIT2,7,Vertebrates
GO:0098781,ncRNA transcription,8/155,136/18870,1.6738609207006616e-5,3.6517712618070765e-4,2.3384985680941292e-4,NGFR/TWIST1/TGFB1/BMP4/ESR1/SMAD4/GATA3/KLF4,8,Vertebrates
GO:0060485,mesenchyme development,12/155,327/18870,1.70142238354081e-5,3.6885553182799827e-4,2.3620541133962788e-4,ENG/TWIST1/TGFB1/BMP4/NKX2-1/SFRP1/SMAD4/SEMA3F/HGF/PDCD4/GATA3/PTEN,12,Vertebrates
GO:0001953,negative regulation of cell-matrix adhesion,5/155,40/18870,1.8288132006508967e-5,3.915477703505367e-4,2.5073692590813537e-4,THBS1/DLC1/POSTN/CDKN2A/PTEN,5,Vertebrates
GO:2000677,regulation of transcription regulatory region DNA binding,5/155,40/18870,1.8288132006508967e-5,3.915477703505367e-4,2.5073692590813537e-4,TWIST1/TGFB1/SOX11/GATA3/EP300,5,Vertebrates
GO:0072080,nephron tubule development,7/155,100/18870,1.8606831056795478e-5,3.938455693472217e-4,2.5220837613825105e-4,MTSS1/BMP4/GPC3/SMAD4/PKD1/MAGED1/GATA3,7,Vertebrates
GO:0048545,response to steroid hormone,12/155,330/18870,1.8623970932288116e-5,3.938455693472217e-4,2.5220837613825105e-4,CLDN1/TP63/SERPINF1/TGFB1/ESR1/SFRP1/CASP3/THBS1/TXNIP/IDH1/SLIT2/EP300,12,Vertebrates
GO:0007179,transforming growth factor beta receptor signaling pathway,10/155,229/18870,2.0135928996255997e-5,4.232228490859416e-4,2.7102081582252137e-4,ENG/SKI/TGFB1/NKX2-1/SMAD4/BRMS1/THBS1/SOX11/HTRA1/EP300,10,Vertebrates
GO:0010977,negative regulation of neuron projection development,8/155,140/18870,2.065768957490923e-5,4.315579149376492e-4,2.7635837345189575e-4,DCC/SEMA3F/CDH1/CRMP1/DPYSL3/CERS2/SLIT2/PTEN,8,Vertebrates
GO:0030513,positive regulation of BMP signaling pathway,5/155,42/18870,2.3332149543360255e-5,4.81592332191394e-4,3.083991023789881e-4,ENG/BMP4/GPC3/SMAD4/SOX11,5,Vertebrates
GO:0071402,cellular response to lipoprotein particle stimulus,5/155,42/18870,2.3332149543360255e-5,4.81592332191394e-4,3.083991023789881e-4,TGFB1/CD9/ITGB1/TXNIP/SYK,5,Vertebrates
GO:0032642,regulation of chemokine production,7/155,104/18870,2.4026048754697386e-5,4.8823376595568985e-4,3.1265210242593304e-4,TWIST1/LGALS9/TGFB1/APP/POSTN/SYK/KLF4,7,Vertebrates
GO:0061326,renal tubule development,7/155,104/18870,2.4026048754697386e-5,4.8823376595568985e-4,3.1265210242593304e-4,MTSS1/BMP4/GPC3/SMAD4/PKD1/MAGED1/GATA3,7,Vertebrates
GO:1900180,regulation of protein localization to nucleus,8/155,143/18870,2.407883383013266e-5,4.8823376595568985e-4,3.1265210242593304e-4,NGFR/TGFB1/BMP4/CDH1/MAGED1/TYK2/EP300/JUP,8,Vertebrates
GO:0032602,chemokine production,7/155,105/18870,2.5566673716114325e-5,5.153703175406203e-4,3.300296385515035e-4,TWIST1/LGALS9/TGFB1/APP/POSTN/SYK/KLF4,7,Vertebrates
GO:0003176,aortic valve development,5/155,43/18870,2.6228202531187615e-5,5.256314774709518e-4,3.3660061632742003e-4,TWIST1/TGFB1/BMP4/GATA3/SLIT2,5,Vertebrates
GO:0016055,Wnt signaling pathway,14/155,459/18870,2.6523072332174633e-5,5.272294200935557e-4,3.376238968855256e-4,SKI/TGFB1/GPC5/GPC3/SFRP1/PKD1/RECK/NDRG2/APP/GATA3/SENP2/KLF4/PTEN/JUP,14,Vertebrates
GO:0042552,myelination,8/155,145/18870,2.6613843660075046e-5,5.272294200935557e-4,3.376238968855256e-4,CLU/MAL/SKI/EPB41L3/CD9/NDRG1/DICER1/PTEN,8,Vertebrates
GO:0030308,negative regulation of cell growth,9/155,189/18870,2.6814728684301912e-5,5.281735415702211e-4,3.3822848752469844e-4,CRYAB/TGFB1/DCC/SFRP1/SMAD4/SEMA3F/CDH1/SLIT2/CDKN2A,9,Vertebrates
GO:0032963,collagen metabolic process,7/155,106/18870,2.7187782520762576e-5,5.29605016959711e-4,3.391451668314214e-4,ENG/TGFB1/BMP4/ITGA2/ITGB1/CREB3L1/MMP8,7,Vertebrates
GO:0070482,response to oxygen levels,12/155,343/18870,2.723681785349132e-5,5.29605016959711e-4,3.391451668314214e-4,CRYAB/TWIST1/TGFB1/SFRP1/SMAD4/CASP3/THBS1/NDRG1/ITGA2/POSTN/NOS2/EP300,12,Vertebrates
GO:0198738,cell-cell signaling by wnt,14/155,461/18870,2.78181327068931e-5,5.29605016959711e-4,3.391451668314214e-4,SKI/TGFB1/GPC5/GPC3/SFRP1/PKD1/RECK/NDRG2/APP/GATA3/SENP2/KLF4/PTEN/JUP,14,Vertebrates
GO:0032722,positive regulation of chemokine production,6/155,72/18870,2.7853279977958592e-5,5.29605016959711e-4,3.391451668314214e-4,TWIST1/LGALS9/TGFB1/APP/POSTN/SYK,6,Vertebrates
GO:0002040,sprouting angiogenesis,9/155,190/18870,2.7953061424674288e-5,5.29605016959711e-4,3.391451668314214e-4,NGFR/TGFB1/BMP4/THBS1/RECK/ITGB1/CREB3L1/SLIT2/KLF4,9,Vertebrates
GO:0035107,appendage morphogenesis,8/155,146/18870,2.796289906778863e-5,5.29605016959711e-4,3.391451668314214e-4,HOXA10/TWIST1/SKI/TP63/BMP4/GPC3/SMAD4/RECK,8,Vertebrates
GO:0035108,limb morphogenesis,8/155,146/18870,2.796289906778863e-5,5.29605016959711e-4,3.391451668314214e-4,HOXA10/TWIST1/SKI/TP63/BMP4/GPC3/SMAD4/RECK,8,Vertebrates
GO:0048485,sympathetic nervous system development,4/155,22/18870,2.8545247261233724e-5,5.347579745080036e-4,3.424449857368828e-4,TP63/SEMA3F/SOX11/GATA3,4,Vertebrates
GO:2000679,positive regulation of transcription regulatory region DNA binding,4/155,22/18870,2.8545247261233724e-5,5.347579745080036e-4,3.424449857368828e-4,TWIST1/TGFB1/GATA3/EP300,4,Vertebrates
GO:0007272,ensheathment of neurons,8/155,147/18870,2.9368767862782717e-5,5.418581953425839e-4,3.4699178099442646e-4,CLU/MAL/SKI/EPB41L3/CD9/NDRG1/DICER1/PTEN,8,Vertebrates
GO:0008366,axon ensheathment,8/155,147/18870,2.9368767862782717e-5,5.418581953425839e-4,3.4699178099442646e-4,CLU/MAL/SKI/EPB41L3/CD9/NDRG1/DICER1/PTEN,8,Vertebrates
GO:0060428,lung epithelium development,5/155,44/18870,2.9395846396595063e-5,5.418581953425839e-4,3.4699178099442646e-4,SPDEF/BMP4/NKX2-1/THRB/PKD1,5,Vertebrates
GO:0003170,heart valve development,6/155,73/18870,3.0143535044865844e-5,5.526849218066626e-4,3.539249327496287e-4,TWIST1/TGFB1/BMP4/SMAD4/GATA3/SLIT2,6,Vertebrates
GO:0051090,regulation of DNA-binding transcription factor activity,13/155,406/18870,3.1555390809998667e-5,5.755102228680709e-4,3.6854165707918247e-4,CLU/LGALS9/TGFB1/ESR1/BRMS1/PKD1/APP/SYK/CDKN2A/KLF4/EP300/PTEN/JUP,13,Vertebrates
GO:0050768,negative regulation of neurogenesis,8/155,149/18870,3.2358551685995495e-5,5.841521280938224e-4,3.7407570659849014e-4,SKI/DCC/SEMA3F/CDH1/SOX11/DICER1/CERS2/PTEN,8,Vertebrates
GO:0030900,forebrain development,13/155,407/18870,3.236816259527708e-5,5.841521280938224e-4,3.7407570659849014e-4,SKI/BMP4/NKX2-1/CASP3/DLC1/CDH1/APP/PAX5/LMX1A/RRM1/EPHB3/SLIT2/PTEN,13,Vertebrates
GO:0010632,regulation of epithelial cell migration,11/155,295/18870,3.3347456171972955e-5,5.986910490874519e-4,3.83386050398176e-4,SERPINF1/TGFB1/THBS1/ITGA2/PLG/PFN1/GATA3/SLIT2/KLF4/PTEN/JUP,11,Vertebrates
GO:0008584,male gonad development,8/155,150/18870,3.394638299710868e-5,6.062859180882571e-4,3.8824960537189483e-4,TNFSF10/HOXA10/NKX2-1/ESR1/SFRP1/SMAD4/GATA3/RRM1,8,Vertebrates
GO:0046546,development of primary male sexual characteristics,8/155,151/18870,3.559886142084126e-5,6.32522037719793e-4,4.0505052848347335e-4,TNFSF10/HOXA10/NKX2-1/ESR1/SFRP1/SMAD4/GATA3/RRM1,8,Vertebrates
GO:1905314,semi-lunar valve development,5/155,47/18870,4.0705385814732536e-5,7.091230817339117e-4,4.5410382862168865e-4,TWIST1/TGFB1/BMP4/GATA3/SLIT2,5,Vertebrates
GO:0072078,nephron tubule morphogenesis,6/155,77/18870,4.086575062347062e-5,7.091230817339117e-4,4.5410382862168865e-4,BMP4/GPC3/SMAD4/PKD1/MAGED1/GATA3,6,Vertebrates
GO:0040037,negative regulation of fibroblast growth factor receptor signaling pathway,4/155,24/18870,4.093864034379124e-5,7.091230817339117e-4,4.5410382862168865e-4,NGFR/THBS1/CREB3L1/GATA3,4,Vertebrates
GO:0051043,regulation of membrane protein ectodomain proteolysis,4/155,24/18870,4.093864034379124e-5,7.091230817339117e-4,4.5410382862168865e-4,TIMP1/TIMP2/TIMP3/TIMP4,4,Vertebrates
GO:1905048,regulation of metallopeptidase activity,4/155,24/18870,4.093864034379124e-5,7.091230817339117e-4,4.5410382862168865e-4,TIMP1/TIMP2/TIMP3/RECK,4,Vertebrates
GO:0051961,negative regulation of nervous system development,8/155,155/18870,4.289744012634971e-5,7.393373805776373e-4,4.7345227339450183e-4,SKI/DCC/SEMA3F/CDH1/SOX11/DICER1/CERS2/PTEN,8,Vertebrates
GO:0001933,negative regulation of protein phosphorylation,11/155,304/18870,4.3823193106226875e-5,7.515350578963384e-4,4.812633461312268e-4,IGFBP3/CADM1/ENG/TGFB1/SFRP1/HGF/PDCD4/DMD/SLIT2/CDKN2A/PTEN,11,Vertebrates
GO:0032102,negative regulation of response to external stimulus,14/155,481/18870,4.416288663986237e-5,7.536112388495326e-4,4.8259287797702653e-4,LGALS9/AHR/TGFB1/THBS1/SEMA3F/CD9/HGF/PLG/GATA3/CERS2/SYK/SLIT2/KLF4/PTEN,14,Vertebrates
GO:0010950,positive regulation of endopeptidase activity,8/155,156/18870,4.49052200130965e-5,7.591051843434636e-4,4.8611105662230874e-4,NGFR/TNFSF10/LGALS9/CASP8/DLC1/GSN/SYK/DAPK1,8,Vertebrates
GO:0032964,collagen biosynthetic process,5/155,48/18870,4.513940702330233e-5,7.591051843434636e-4,4.8611105662230874e-4,ENG/TGFB1/BMP4/ITGA2/CREB3L1,5,Vertebrates
GO:0051146,striated muscle cell differentiation,11/155,305/18870,4.5145507046826234e-5,7.591051843434636e-4,4.8611105662230874e-4,CXADR/SKI/TGFB1/BMP4/BHLHE41/SMAD4/CASP3/CD9/MAP2K4/ITGB1/MYO18B,11,Vertebrates
GO:0072088,nephron epithelium morphogenesis,6/155,79/18870,4.7268191211019195e-5,7.90939102448462e-4,5.064966631042784e-4,BMP4/GPC3/SMAD4/PKD1/MAGED1/GATA3,6,Vertebrates
GO:1902894,negative regulation of miRNA transcription,4/155,25/18870,4.842584044303202e-5,8.03850288120841e-4,5.147646478827978e-4,TWIST1/TGFB1/BMP4/ESR1,4,Vertebrates
GO:0010633,negative regulation of epithelial cell migration,7/155,116/18870,4.858042403410395e-5,8.03850288120841e-4,5.147646478827978e-4,SERPINF1/TGFB1/THBS1/SLIT2/KLF4/PTEN/JUP,7,Vertebrates
GO:0007623,circadian rhythm,9/155,204/18870,4.8739399540834284e-5,8.03850288120841e-4,5.147646478827978e-4,NGFR/AHR/NKX2-1/BHLHE41/MAGED1/NOS2/KLF10/EP300/PTEN,9,Vertebrates
GO:2001236,regulation of extrinsic apoptotic signaling pathway,8/155,158/18870,4.915658556379884e-5,8.068702401829267e-4,5.166985460014345e-4,TNFSF10/MAL/TIMP3/BMP4/SFRP1/THBS1/HGF/PTEN,8,Vertebrates
GO:0001649,osteoblast differentiation,10/155,257/18870,5.365170732322975e-5,8.764807352757011e-4,5.612752818997895e-4,IGFBP3/TWIST1/SKI/TP63/BMP4/SFRP1/SMAD4/HGF/CREB3L1/SOX11,10,Vertebrates
GO:0072028,nephron morphogenesis,6/155,81/18870,5.4449700276549266e-5,8.853213059116288e-4,5.669365515388471e-4,BMP4/GPC3/SMAD4/PKD1/MAGED1/GATA3,6,Vertebrates
GO:0060740,prostate gland epithelium morphogenesis,4/155,26/18870,5.686584856281358e-5,9.159653270841982e-4,5.86560179223906e-4,TP63/BMP4/ESR1/SFRP1,4,Vertebrates
GO:2000629,negative regulation of miRNA metabolic process,4/155,26/18870,5.686584856281358e-5,9.159653270841982e-4,5.86560179223906e-4,TWIST1/TGFB1/BMP4/ESR1,4,Vertebrates
GO:0034612,response to tumor necrosis factor,10/155,259/18870,5.725184278255366e-5,9.178934980068023e-4,5.87794929326879e-4,AKAP12/CLDN1/SFRP1/CASP3/CASP8/THBS1/MMP8/POSTN/GATA3/SYK,10,Vertebrates
GO:0001822,kidney development,11/155,314/18870,5.8676484280924904e-5,9.363788949830932e-4,5.996324928708555e-4,MTSS1/SERPINF1/BMP4/GPC3/SFRP1/SMAD4/PKD1/SOX11/MAGED1/GATA3/SLIT2,11,Vertebrates
GO:0046660,female sex differentiation,7/155,120/18870,6.0307702343340574e-5,9.492267122260044e-4,6.078598981686383e-4,TP63/ESR1/SFRP1/SMAD4/CASP3/IDH1/SLIT2,7,Vertebrates
GO:0071346,cellular response to type II interferon,7/155,120/18870,6.0307702343340574e-5,9.492267122260044e-4,6.078598981686383e-4,CLDN1/IRF8/LGALS9/GSN/TYK2/NOS2/DAPK1,7,Vertebrates
GO:0072009,nephron epithelium development,7/155,120/18870,6.0307702343340574e-5,9.492267122260044e-4,6.078598981686383e-4,MTSS1/BMP4/GPC3/SMAD4/PKD1/MAGED1/GATA3,7,Vertebrates
GO:0006228,UTP biosynthetic process,3/155,10/18870,6.252791588150355e-5,9.708726398357781e-4,6.217213826624607e-4,NME3/NME1/NME2,3,Vertebrates
GO:0032025,response to cobalt ion,3/155,10/18870,6.252791588150355e-5,9.708726398357781e-4,6.217213826624607e-4,SERPINF1/CASP3/CASP8,3,Vertebrates
GO:0060525,prostate glandular acinus development,3/155,10/18870,6.252791588150355e-5,9.708726398357781e-4,6.217213826624607e-4,TP63/ESR1/SFRP1,3,Vertebrates
GO:0043588,skin development,11/155,317/18870,6.39001985732897e-5,9.87730872117173e-4,6.325169525994265e-4,NGFR/CLDN1/TP63/SMAD4/CASP3/PKD1/ITGA2/TXNIP/NME2/KLF4/JUP,11,Vertebrates
GO:0060688,regulation of morphogenesis of a branching structure,5/155,52/18870,6.672735769048047e-5,0.001019897538495094,6.531156423508506e-4,BMP4/ESR1/SFRP1/HGF/MAGED1,5,Vertebrates
GO:1902895,positive regulation of miRNA transcription,5/155,52/18870,6.672735769048047e-5,0.001019897538495094,6.531156423508506e-4,NGFR/TGFB1/SMAD4/GATA3/KLF4,5,Vertebrates
GO:0003007,heart morphogenesis,10/155,264/18870,6.716470590031517e-5,0.001019897538495094,6.531156423508506e-4,ENG/TWIST1/TGFB1/BMP4/SMAD4/DLC1/PDCD4/SOX11/GATA3/SLIT2,10,Vertebrates
GO:0014706,striated muscle tissue development,10/155,264/18870,6.716470590031517e-5,0.001019897538495094,6.531156423508506e-4,ENG/CXADR/TWIST1/SKI/TGFB1/BMP4/SMAD4/MAP2K4/ITGB1/MYO18B,10,Vertebrates
GO:0051170,import into nucleus,8/155,166/18870,6.967023638680537e-5,0.001053303968532097,6.745082442434482e-4,TGFB1/BMP4/CDH1/TXNIP/HTATIP2/SYK/EP300/JUP,8,Vertebrates
GO:0060541,respiratory system development,9/155,214/18870,7.054211497222348e-5,0.0010618282546255647,6.799669735543676e-4,SPDEF/SKI/BMP4/GPC3/NKX2-1/THRB/PKD1/SOX11/EP300,9,Vertebrates
GO:0030198,extracellular matrix organization,11/155,321/18870,7.148277733977158e-5,0.0010713092760443158,6.860383710823845e-4,ENG/DPT/SERPINB5/TGFB1/RECK/ITGB1/PLG/CREB3L1/APP/MMP8/POSTN,11,Vertebrates
GO:1902904,negative regulation of supramolecular fiber organization,8/155,167/18870,7.267267868974657e-5,0.00108442737421453,6.944388571993556e-4,CLU/CRYAB/SMAD4/DLC1/GSN/PFN1/LIMA1/SLIT2,8,Vertebrates
GO:0043062,extracellular structure organization,11/155,322/18870,7.349469258916078e-5,0.0010919664023915398,6.992666531736396e-4,ENG/DPT/SERPINB5/TGFB1/RECK/ITGB1/PLG/CREB3L1/APP/MMP8/POSTN,11,Vertebrates
GO:0045229,external encapsulating structure organization,11/155,323/18870,7.555497188121681e-5,0.0011177596054701903,7.157839441378434e-4,ENG/DPT/SERPINB5/TGFB1/RECK/ITGB1/PLG/CREB3L1/APP/MMP8/POSTN,11,Vertebrates
GO:0035116,embryonic hindlimb morphogenesis,4/155,28/18870,7.689242963932264e-5,0.0011326846366100218,7.253415427515052e-4,TWIST1/TP63/BMP4/GPC3,4,Vertebrates
GO:0072001,renal system development,11/155,324/18870,7.766456760464168e-5,0.0011391904873753185,7.295077190008225e-4,MTSS1/SERPINF1/BMP4/GPC3/SFRP1/SMAD4/PKD1/SOX11/MAGED1/GATA3/SLIT2,11,Vertebrates
GO:0001952,regulation of cell-matrix adhesion,7/155,125/18870,7.812520293114692e-5,0.0011410914173884043,7.307250247395857e-4,SFRP1/THBS1/DLC1/POSTN/CDKN2A/PTEN/JUP,7,Vertebrates
GO:0001503,ossification,13/155,444/18870,7.86083879386719e-5,0.0011433042752092913,7.321420808678436e-4,IGFBP3/TWIST1/SKI/TP63/BMP4/GPC3/SFRP1/SMAD4/RUNX3/HGF/CREB3L1/SOX11/KLF10,13,Vertebrates
GO:0010761,fibroblast migration,5/155,54/18870,8.013157517862625e-5,0.0011605610909274147,7.431928931869937e-4,AKAP12/TGFB1/THBS1/ITGB1/TNS1,5,Vertebrates
GO:0050679,positive regulation of epithelial cell proliferation,9/155,218/18870,8.131059707835626e-5,0.0011678234505378918,7.478435178654082e-4,CLDN1/TWIST1/TP63/BMP4/SFRP1/SOX11/KDM5B/NME1/NME2,9,Vertebrates
GO:0070374,positive regulation of ERK1 and ERK2 cascade,9/155,218/18870,8.131059707835626e-5,0.0011678234505378918,7.478435178654082e-4,AKAP12/CD44/LGALS9/TGFB1/BMP4/PLA2G2A/SHC1/APP/GNAI2,9,Vertebrates
GO:2000027,regulation of animal organ morphogenesis,7/155,126/18870,8.215773608804769e-5,0.0011727240298531375,7.509817203676819e-4,NGFR/BMP4/GPC3/SFRP1/HGF/MAGED1/GATA3,7,Vertebrates
GO:0010952,positive regulation of peptidase activity,8/155,170/18870,8.23322353421698e-5,0.0011727240298531375,7.509817203676819e-4,NGFR/TNFSF10/LGALS9/CASP8/DLC1/GSN/SYK/DAPK1,8,Vertebrates
GO:0042326,negative regulation of phosphorylation,11/155,327/18870,8.429899095930069e-5,0.00119260226071397,7.637112182117768e-4,IGFBP3/CADM1/ENG/TGFB1/SFRP1/HGF/PDCD4/DMD/SLIT2/CDKN2A/PTEN,11,Vertebrates
GO:0006183,GTP biosynthetic process,3/155,11/18870,8.545771929107937e-5,0.00119260226071397,7.637112182117768e-4,NME3/NME1/NME2,3,Vertebrates
GO:0010624,regulation of Schwann cell proliferation,3/155,11/18870,8.545771929107937e-5,0.00119260226071397,7.637112182117768e-4,SKI/DICER1/CERS2,3,Vertebrates
GO:0014010,Schwann cell proliferation,3/155,11/18870,8.545771929107937e-5,0.00119260226071397,7.637112182117768e-4,SKI/DICER1/CERS2,3,Vertebrates
GO:0072178,nephric duct morphogenesis,3/155,11/18870,8.545771929107937e-5,0.00119260226071397,7.637112182117768e-4,BMP4/GPC3/GATA3,3,Vertebrates
GO:0003206,cardiac chamber morphogenesis,7/155,127/18870,8.635846356964253e-5,0.001195492465560473,7.65562029615474e-4,ENG/TGFB1/BMP4/SMAD4/SOX11/GATA3/SLIT2,7,Vertebrates
GO:0003231,cardiac ventricle development,7/155,127/18870,8.635846356964253e-5,0.001195492465560473,7.65562029615474e-4,ENG/TGFB1/BMP4/SMAD4/SOX11/GATA3/SLIT2,7,Vertebrates
GO:0010810,regulation of cell-substrate adhesion,9/155,220/18870,8.719301798670326e-5,0.0012022173320006646,7.698684577604917e-4,OLFM4/SFRP1/THBS1/DLC1/PLG/POSTN/CDKN2A/PTEN/JUP,9,Vertebrates
GO:0002088,lens development in camera-type eye,6/155,89/18870,9.237923081873552e-5,0.0012636159072705608,8.091864955174955e-4,CRYAB/SKI/BMP4/SOX11/GATA3/KDM5B,6,Vertebrates
GO:0014910,regulation of smooth muscle cell migration,6/155,89/18870,9.237923081873552e-5,0.0012636159072705608,8.091864955174955e-4,IGFBP3/BMP4/ITGA2/POSTN/FOXO4/SLIT2,6,Vertebrates
GO:1903034,regulation of response to wounding,8/155,173/18870,9.303396286697559e-5,0.001267541778665869,8.11700520624289e-4,CLDN1/THBS1/CD9/ITGB1/PLG/CERS2/KLF4/PTEN,8,Vertebrates
GO:0046661,male sex differentiation,8/155,174/18870,9.684751877614332e-5,0.0013143047134699449,8.416462779675613e-4,TNFSF10/HOXA10/NKX2-1/ESR1/SFRP1/SMAD4/GATA3/RRM1,8,Vertebrates
GO:1902905,positive regulation of supramolecular fiber organization,8/155,175/18870,1.0078968285917563e-4,0.0013624393600610918,8.724704435735453e-4,CLU/MTSS1/SFRP1/APP/BIN1/GSN/PFN1/DRG1,8,Vertebrates
GO:0042113,B cell activation,10/155,278/18870,1.0302602863752715e-4,0.0013818315981072222,8.848887243616401e-4,IRF8/AHR/TGFB1/SFRP1/CASP3/CASP8/ITGB1/PAX5/SYK/EP300,10,Vertebrates
GO:0051402,neuron apoptotic process,10/155,278/18870,1.0302602863752715e-4,0.0013818315981072222,8.848887243616401e-4,CLU/NGFR/TP63/THRB/CASP3/CASP8/MAP2K4/APP/GATA3/SET,10,Vertebrates
GO:0055007,cardiac muscle cell differentiation,7/155,131/18870,1.0495076213218323e-4,0.0014021909963939363,8.979263492092543e-4,CXADR/TGFB1/BMP4/SMAD4/MAP2K4/ITGB1/MYO18B,7,Vertebrates
GO:0042306,regulation of protein import into nucleus,5/155,58/18870,1.1307804597232099e-4,0.0014957755402465616,9.578554373435451e-4,TGFB1/BMP4/CDH1/EP300/JUP,5,Vertebrates
GO:0046051,UTP metabolic process,3/155,12/18870,1.1325715578890415e-4,0.0014957755402465616,9.578554373435451e-4,NME3/NME1/NME2,3,Vertebrates
GO:0060442,branching involved in prostate gland morphogenesis,3/155,12/18870,1.1325715578890415e-4,0.0014957755402465616,9.578554373435451e-4,BMP4/ESR1/SFRP1,3,Vertebrates
GO:0055006,cardiac cell development,6/155,93/18870,1.1795512386821208e-4,0.0015518752365409427,9.93780211939095e-4,CXADR/BMP4/SMAD4/MAP2K4/PDCD4/MYO18B,6,Vertebrates
GO:0009743,response to carbohydrate,9/155,230/18870,1.222513862306236e-4,0.0015904955880596309,0.0010185116724416492,GPR68/SERPINF1/SMAD4/CASP3/THBS1/MAP2K4/ITGA2/RASAL2/TXNIP,9,Vertebrates
GO:0010718,positive regulation of epithelial to mesenchymal transition,5/155,59/18870,1.2273624207248676e-4,0.0015904955880596309,0.0010185116724416492,ENG/TWIST1/TGFB1/BMP4/SMAD4,5,Vertebrates
GO:0014009,glial cell proliferation,5/155,59/18870,1.2273624207248676e-4,0.0015904955880596309,0.0010185116724416492,CLU/SKI/SOX11/DICER1/CERS2,5,Vertebrates
GO:0033619,membrane protein proteolysis,5/155,59/18870,1.2273624207248676e-4,0.0015904955880596309,0.0010185116724416492,TIMP1/TIMP2/TIMP3/TIMP4/TGFB1,5,Vertebrates
GO:0045165,cell fate commitment,10/155,286/18870,1.299988387492182e-4,0.0016782996148635024,0.0010747390690207395,GAS1/SPDEF/BMP4/NKX2-1/SFRP1/SMAD4/CASP3/ITGB1/GATA3/KLF4,10,Vertebrates
GO:0043010,camera-type eye development,11/155,344/18870,1.3180966967762722e-4,0.0016887192048899618,0.0010814115012762432,CRYAB/TWIST1/SKI/SERPINF1/BMP4/THRB/SOX11/GATA3/RRM1/KDM5B/KLF4,11,Vertebrates
GO:0048736,appendage development,8/155,182/18870,1.3227565573550613e-4,0.0016887192048899618,0.0010814115012762432,HOXA10/TWIST1/SKI/TP63/BMP4/GPC3/SMAD4/RECK,8,Vertebrates
GO:0060173,limb development,8/155,182/18870,1.3227565573550613e-4,0.0016887192048899618,0.0010814115012762432,HOXA10/TWIST1/SKI/TP63/BMP4/GPC3/SMAD4/RECK,8,Vertebrates
GO:0071496,cellular response to external stimulus,11/155,346/18870,1.3866681668549933e-4,0.0017637805059591003,0.0011294787904039313,TNFRSF10A/TNFRSF10B/ENG/SFRP1/CASP8/CASP5/MAP2K4/ITGA2/POSTN/KLF10/EP300,11,Vertebrates
GO:0045786,negative regulation of cell cycle,12/155,407/18870,1.3966306025624663e-4,0.0017699212084679489,0.0011334111352838592,GAS1/MTBP/TGFB1/BMP4/CASP3/RUNX3/GATA3/FOXO4/NAA10/CDKN2A/KLF4/PTEN,12,Vertebrates
GO:0014909,smooth muscle cell migration,6/155,96/18870,1.4059039884556972e-4,0.0017751469041050506,0.0011367575337542307,IGFBP3/BMP4/ITGA2/POSTN/FOXO4/SLIT2,6,Vertebrates
GO:0002573,myeloid leukocyte differentiation,9/155,235/18870,1.4379030794869552e-4,0.0018042043847626631,0.0011553651824919625,GPR68/TGFB1/BMP4/GPC3/SFRP1/CASP8/APP/GATA3/KLF10,9,Vertebrates
GO:0034113,heterotypic cell-cell adhesion,5/155,61/18870,1.439385569508942e-4,0.0018042043847626631,0.0011553651824919625,CD44/CXADR/ITGB1/KLF4/JUP,5,Vertebrates
GO:0002357,defense response to tumor cell,3/155,13/18870,1.4634759544072137e-4,0.00182115581763237,0.0011662204356420018,TNFRSF10B/KLF4/DAPK1,3,Vertebrates
GO:1901862,negative regulation of muscle tissue development,3/155,13/18870,1.4634759544072137e-4,0.00182115581763237,0.0011662204356420018,TWIST1/TGFB1/BMP4,3,Vertebrates
GO:1902107,positive regulation of leukocyte differentiation,8/155,185/18870,1.4805382616253008e-4,0.0018291811425886783,0.0011713596433232433,GPR68/LGALS9/TGFB1/CASP8/RUNX3/GATA3/SYK/KLF10,8,Vertebrates
GO:1903708,positive regulation of hemopoiesis,8/155,185/18870,1.4805382616253008e-4,0.0018291811425886783,0.0011713596433232433,GPR68/LGALS9/TGFB1/CASP8/RUNX3/GATA3/SYK/KLF10,8,Vertebrates
GO:0060993,kidney morphogenesis,6/155,98/18870,1.5749986832264102e-4,0.0019389358789576557,0.0012416436987690914,BMP4/GPC3/SMAD4/PKD1/MAGED1/GATA3,6,Vertebrates
GO:0071356,cellular response to tumor necrosis factor,9/155,238/18870,1.5817295621184263e-4,0.0019402924557374432,0.001242512414969972,AKAP12/CLDN1/SFRP1/CASP8/THBS1/MMP8/POSTN/GATA3/SYK,9,Vertebrates
GO:0030324,lung development,8/155,188/18870,1.6535268714969385e-4,0.0020201890696853854,0.0012936761116852957,SPDEF/BMP4/GPC3/NKX2-1/THRB/PKD1/SOX11/EP300,8,Vertebrates
GO:0010596,negative regulation of endothelial cell migration,6/155,99/18870,1.6653707282923756e-4,0.0020201890696853854,0.0012936761116852957,SERPINF1/TGFB1/THBS1/SLIT2/KLF4/JUP,6,Vertebrates
GO:0034405,response to fluid shear stress,4/155,34/18870,1.6761649954453734e-4,0.0020201890696853854,0.0012936761116852957,MTSS1/PKD1/TFPI2/KLF4,4,Vertebrates
GO:0048333,mesodermal cell differentiation,4/155,34/18870,1.6761649954453734e-4,0.0020201890696853854,0.0012936761116852957,BMP4/ITGA2/ITGB1/KLF4,4,Vertebrates
GO:0060317,cardiac epithelial to mesenchymal transition,4/155,34/18870,1.6761649954453734e-4,0.0020201890696853854,0.0012936761116852957,ENG/TWIST1/SMAD4/PDCD4,4,Vertebrates
GO:0001558,regulation of cell growth,12/155,417/18870,1.7491792702978932e-4,0.0021008435347445427,0.0013453251163816917,IGFBP3/LGI1/CRYAB/TGFB1/DCC/SFRP1/SMAD4/SEMA3F/CDH1/LMX1A/SLIT2/CDKN2A,12,Vertebrates
GO:0030225,macrophage differentiation,5/155,64/18870,1.8086267471432464e-4,0.002152561106331688,0.001378443693212267,TGFB1/BMP4/CASP8/APP/GATA3,5,Vertebrates
GO:2000630,positive regulation of miRNA metabolic process,5/155,64/18870,1.8086267471432464e-4,0.002152561106331688,0.001378443693212267,NGFR/TGFB1/SMAD4/GATA3/KLF4,5,Vertebrates
GO:0034341,response to type II interferon,7/155,143/18870,1.8109739507867406e-4,0.002152561106331688,0.001378443693212267,CLDN1/IRF8/LGALS9/GSN/TYK2/NOS2/DAPK1,7,Vertebrates
GO:0006241,CTP biosynthetic process,3/155,14/18870,1.8513925109757553e-4,0.0021863138705413006,0.001400058078428262,NME3/NME1/NME2,3,Vertebrates
GO:0008585,female gonad development,6/155,101/18870,1.8583985032451437e-4,0.0021863138705413006,0.001400058078428262,ESR1/SFRP1/SMAD4/CASP3/IDH1/SLIT2,6,Vertebrates
GO:0032755,positive regulation of interleukin-6 production,6/155,101/18870,1.8583985032451437e-4,0.0021863138705413006,0.001400058078428262,TWIST1/LGALS9/TGFB1/APP/SYK/NOS2,6,Vertebrates
GO:1904019,epithelial cell apoptotic process,7/155,144/18870,1.8905683649802897e-4,0.002216594950369748,0.0014194492879927203,TGFB1/ESR1/CASP3/THBS1/PDCD4/GSN/GATA3,7,Vertebrates
GO:0030323,respiratory tube development,8/155,192/18870,1.9097568255163882e-4,0.0022239634383631724,0.0014241678745049312,SPDEF/BMP4/GPC3/NKX2-1/THRB/PKD1/SOX11/EP300,8,Vertebrates
GO:0031345,negative regulation of cell projection organization,8/155,192/18870,1.9097568255163882e-4,0.0022239634383631724,0.0014241678745049312,DCC/SEMA3F/CDH1/CRMP1/DPYSL3/CERS2/SLIT2/PTEN,8,Vertebrates
GO:0042060,wound healing,12/155,423/18870,1.9952659841919002e-4,0.0023157177937742357,0.0014829249579480473,CD44/CLDN1/TIMP1/TGFB1/THBS1/CD9/ITGA2/ITGB1/PLG/TFPI2/SYK/PTEN,12,Vertebrates
GO:0048863,stem cell differentiation,9/155,246/18870,2.0251018121424103e-4,0.0023424583712935865,0.0015000489226643008,TWIST1/TP63/BMP4/ESR1/SFRP1/SMAD4/SEMA3F/ITGB1/FOXO4,9,Vertebrates
GO:0050804,modulation of chemical synaptic transmission,13/155,489/18870,2.0431108062636655e-4,0.0023553856017360718,0.0015083271820929085,KISS1/NGFR/AKAP12/LGI1/LZTS1/DCC/CDH1/ITGB1/APP/GNAI2/PFN1/ZDHHC2/PTEN,13,Vertebrates
GO:0030177,positive regulation of Wnt signaling pathway,7/155,146/18870,2.05824299861495e-4,0.0023649212054085776,0.0015144335326651055,SKI/TGFB1/GPC5/GPC3/SFRP1/RECK/JUP,7,Vertebrates
GO:0050727,regulation of inflammatory response,12/155,425/18870,2.083607465176933e-4,0.002374401219444584,0.0015205042850916257,AHR/TGFB1/ESR1/PLA2G2A/PTGER3/HGF/PDCD4/APP/MMP8/GATA3/SYK/KLF4,12,Vertebrates
GO:0099177,regulation of trans-synaptic signaling,13/155,490/18870,2.084096068833943e-4,0.002374401219444584,0.0015205042850916257,KISS1/NGFR/AKAP12/LGI1/LZTS1/DCC/CDH1/ITGB1/APP/GNAI2/PFN1/ZDHHC2/PTEN,13,Vertebrates
GO:0048738,cardiac muscle tissue development,9/155,247/18870,2.0871586002080327e-4,0.002374401219444584,0.0015205042850916257,ENG/CXADR/SKI/TGFB1/BMP4/SMAD4/MAP2K4/ITGB1/MYO18B,9,Vertebrates
GO:0035137,hindlimb morphogenesis,4/155,36/18870,2.1020136618025642e-4,0.0023762461018799258,0.0015216856994311465,TWIST1/TP63/BMP4/GPC3,4,Vertebrates
GO:0010639,negative regulation of organelle organization,11/155,363/18870,2.102567627134834e-4,0.0023762461018799258,0.0015216856994311465,CLU/MTBP/BMP4/SMAD4/DLC1/HGF/GSN/PFN1/LIMA1/NAA10/SLIT2,11,Vertebrates
GO:0042176,regulation of protein catabolic process,11/155,364/18870,2.152973528623255e-4,0.002425261357243255,0.0015530737838056299,CLU/TIMP1/TIMP2/TIMP3/TIMP4/GPC3/SMAD4/PKD1/CDH1/NOS2/ZDHHC2,11,Vertebrates
GO:0038061,non-canonical NF-kappaB signal transduction,7/155,148/18870,2.2377258109374185e-4,0.002512521456124196,0.0016089528632044462,TNFRSF10A/TNFRSF10B/LGALS9/PDCD4/APP/DICER1/EP300,7,Vertebrates
GO:0060675,ureteric bud morphogenesis,5/155,67/18870,2.2460890518300342e-4,0.0025137236888500415,0.0016097227415200212,BMP4/GPC3/SMAD4/MAGED1/GATA3,5,Vertebrates
GO:0007369,gastrulation,8/155,197/18870,2.275081905475547e-4,0.002537931174166411,0.0016252245804061396,BMP4/GPC3/SFRP1/SMAD4/ITGA2/ITGB1/MMP8/KLF4,8,Vertebrates
GO:0046545,development of primary female sexual characteristics,6/155,105/18870,2.297284637780353e-4,0.002541404185297596,0.0016274486056736016,ESR1/SFRP1/SMAD4/CASP3/IDH1/SLIT2,6,Vertebrates
GO:0009209,pyrimidine ribonucleoside triphosphate biosynthetic process,3/155,15/18870,2.300313622897737e-4,0.002541404185297596,0.0016274486056736016,NME3/NME1/NME2,3,Vertebrates
GO:0071639,positive regulation of monocyte chemotactic protein-1 production,3/155,15/18870,2.300313622897737e-4,0.002541404185297596,0.0016274486056736016,TWIST1/LGALS9/SYK,3,Vertebrates
GO:0003002,regionalization,12/155,430/18870,2.31920240124511e-4,0.002545952444933724,0.001630361191891048,ENG/HOXA10/SKI/TP63/BMP4/GPC3/NKX2-1/BHLHE41/SFRP1/SMAD4/SEMA3F/EP300,12,Vertebrates
GO:0030099,myeloid cell differentiation,12/155,430/18870,2.31920240124511e-4,0.002545952444933724,0.001630361191891048,GPR68/IRF8/TGFB1/BMP4/GPC3/SFRP1/CASP3/CASP8/APP/GATA3/KLF10/EP300,12,Vertebrates
GO:0072171,mesonephric tubule morphogenesis,5/155,68/18870,2.408440102813059e-4,0.0026355215982211476,0.0016877189291893018,BMP4/GPC3/SMAD4/MAGED1/GATA3,5,Vertebrates
GO:0002237,response to molecule of bacterial origin,11/155,369/18870,2.4206465123578395e-4,0.0026404963696510988,0.0016909046423765459,AKAP12/CLDN1/IRF8/LGALS9/AHR/CASP3/CASP8/PTGER1/PDCD4/MMP8/NOS2,11,Vertebrates
GO:0045667,regulation of osteoblast differentiation,7/155,150/18870,2.42962572809796e-4,0.0026419305630137756,0.0016918230622020333,TWIST1/SKI/TP63/BMP4/SFRP1/HGF/SOX11,7,Vertebrates
GO:0034504,protein localization to nucleus,10/155,310/18870,2.4925647045003293e-4,0.0027018460806329044,0.001730191388724658,NGFR/TGFB1/BMP4/CDH1/TXNIP/MAGED1/SYK/TYK2/EP300/JUP,10,Vertebrates
GO:0035019,somatic stem cell population maintenance,5/155,69/18870,2.5795619271199994e-4,0.002778671863369574,0.0017793886056482367,SKI/TP63/SFRP1/KLF10/KLF4,5,Vertebrates
GO:0043627,response to estrogen,5/155,69/18870,2.5795619271199994e-4,0.002778671863369574,0.0017793886056482367,HOXA10/ESR1/SFRP1/GATA3/EP300,5,Vertebrates
GO:0040036,regulation of fibroblast growth factor receptor signaling pathway,4/155,38/18870,2.600701783642833e-4,0.0027927162143977714,0.001788382239809484,NGFR/THBS1/CREB3L1/GATA3,4,Vertebrates
GO:0003279,cardiac septum development,6/155,108/18870,2.677012760727141e-4,0.0028657338466541783,0.0018351408170136697,ENG/BMP4/SMAD4/SOX11/GATA3/SLIT2,6,Vertebrates
GO:0048662,negative regulation of smooth muscle cell proliferation,5/155,70/18870,2.759765048079403e-4,0.0029451734119906197,0.001886011831781818,IGFBP3/BMP4/NDRG2/PDCD4/PTEN,5,Vertebrates
GO:0032930,positive regulation of superoxide anion generation,3/155,16/18870,2.814123766479949e-4,0.0029664478969591386,0.0018996354541472571,TGFB1/GNAI2/SYK,3,Vertebrates
GO:0046036,CTP metabolic process,3/155,16/18870,2.814123766479949e-4,0.0029664478969591386,0.0018996354541472571,NME3/NME1/NME2,3,Vertebrates
GO:0051895,negative regulation of focal adhesion assembly,3/155,16/18870,2.814123766479949e-4,0.0029664478969591386,0.0018996354541472571,THBS1/DLC1/PTEN,3,Vertebrates
GO:0150118,negative regulation of cell-substrate junction organization,3/155,16/18870,2.814123766479949e-4,0.0029664478969591386,0.0018996354541472571,THBS1/DLC1/PTEN,3,Vertebrates
GO:0045936,negative regulation of phosphate metabolic process,11/155,376/18870,2.842333549340178e-4,0.002987049922126705,0.0019128284508877899,IGFBP3/CADM1/ENG/TGFB1/SFRP1/HGF/PDCD4/DMD/SLIT2/CDKN2A/PTEN,11,Vertebrates
GO:0010762,regulation of fibroblast migration,4/155,39/18870,2.8795153535338483e-4,0.0030077846738276286,0.001926106442220249,AKAP12/TGFB1/THBS1/ITGB1,4,Vertebrates
GO:0021955,central nervous system neuron axonogenesis,4/155,39/18870,2.8795153535338483e-4,0.0030077846738276286,0.001926106442220249,DCC/EPHB3/SLIT2/PTEN,4,Vertebrates
GO:0010563,negative regulation of phosphorus metabolic process,11/155,377/18870,2.9073569560358686e-4,0.0030276916699261748,0.0019388543605683628,IGFBP3/CADM1/ENG/TGFB1/SFRP1/HGF/PDCD4/DMD/SLIT2/CDKN2A/PTEN,11,Vertebrates
GO:0042698,ovulation cycle,5/155,71/18870,2.9493646406104435e-4,0.0030420041976651113,0.001948019728063683,KISS1/SERPINF1/ESR1/CASP3/SLIT2,5,Vertebrates
GO:0014013,regulation of gliogenesis,6/155,110/18870,2.956400946381817e-4,0.0030420041976651113,0.001948019728063683,SKI/TGFB1/SOX11/BIN1/DICER1/CERS2,6,Vertebrates
GO:0014812,muscle cell migration,6/155,110/18870,2.956400946381817e-4,0.0030420041976651113,0.001948019728063683,IGFBP3/BMP4/ITGA2/POSTN/FOXO4/SLIT2,6,Vertebrates
GO:0090263,positive regulation of canonical Wnt signaling pathway,6/155,110/18870,2.956400946381817e-4,0.0030420041976651113,0.001948019728063683,TGFB1/GPC5/GPC3/SFRP1/RECK/JUP,6,Vertebrates
GO:0032970,regulation of actin filament-based process,11/155,379/18870,3.0411778817755454e-4,0.0031199226662143764,0.001997916672331867,MTSS1/SFRP1/SMAD4/DLC1/BIN1/GSN/PFN1/LIMA1/RNH1/SLIT2/JUP,11,Vertebrates
GO:0034284,response to monosaccharide,8/155,206/18870,3.0766005376302373e-4,0.0031468967516947856,0.0020151901694238977,GPR68/SERPINF1/SMAD4/CASP3/THBS1/ITGA2/RASAL2/TXNIP,8,Vertebrates
GO:0072006,nephron development,7/155,156/18870,3.0861998822131207e-4,0.003147376033724446,0.0020154970890691104,MTSS1/BMP4/GPC3/SMAD4/PKD1/MAGED1/GATA3,7,Vertebrates
GO:0007229,integrin-mediated signaling pathway,6/155,111/18870,3.104414306624674e-4,0.0031566124232847346,0.002021411830769117,TIMP1/CD63/ITGA2/ITGB1/SYK/NME2,6,Vertebrates
GO:0060411,cardiac septum morphogenesis,5/155,72/18870,3.1486804496276674e-4,0.003192206326431344,0.002044205233086446,ENG/BMP4/SMAD4/SOX11/SLIT2,5,Vertebrates
GO:0042307,positive regulation of protein import into nucleus,4/155,40/18870,3.179141357252594e-4,0.0032052664951164943,0.0020525686226800692,TGFB1/CDH1/EP300/JUP,4,Vertebrates
GO:0001818,negative regulation of cytokine production,11/155,381/18870,3.1801599690450854e-4,0.0032052664951164943,0.0020525686226800692,TWIST1/LGALS9/TGFB1/CASP3/THBS1/NDRG2/HGF/PDCD4/GATA3/DICER1/KLF4,11,Vertebrates
GO:1902105,regulation of leukocyte differentiation,10/155,321/18870,3.288553012082276e-4,0.0033048519628710218,0.002116340545139338,GPR68/LGALS9/TGFB1/BMP4/SFRP1/CASP8/RUNX3/GATA3/SYK/KLF10,10,Vertebrates
GO:1905906,regulation of amyloid fibril formation,3/155,17/18870,3.3966012888109035e-4,0.003403512977479996,0.002179520472042982,CLU/CRYAB/APP,3,Vertebrates
GO:0042177,negative regulation of protein catabolic process,6/155,113/18870,3.417849114311927e-4,0.0034050074846916803,0.0021804775152759696,TIMP1/TIMP2/TIMP3/TIMP4/SMAD4/NOS2,6,Vertebrates
GO:1904035,regulation of epithelial cell apoptotic process,6/155,113/18870,3.417849114311927e-4,0.0034050074846916803,0.0021804775152759696,TGFB1/ESR1/THBS1/PDCD4/GSN/GATA3,6,Vertebrates
GO:0060251,regulation of glial cell proliferation,4/155,41/18870,3.500463808399417e-4,0.0034772618869028213,0.00222674733997075,SKI/SOX11/DICER1/CERS2,4,Vertebrates
GO:0003281,ventricular septum development,5/155,74/18870,3.5777620465871686e-4,0.0035438349926971177,0.00226937901140148,BMP4/SMAD4/SOX11/GATA3/SLIT2,5,Vertebrates
GO:0006606,protein import into nucleus,7/155,161/18870,3.73603310582047e-4,0.003690001752367668,0.0023629803718611155,TGFB1/BMP4/CDH1/TXNIP/SYK/EP300/JUP,7,Vertebrates
GO:1904706,negative regulation of vascular associated smooth muscle cell proliferation,4/155,42/18870,3.8443735255537097e-4,0.0037683011031313823,0.0024131212231128544,BMP4/NDRG2/PDCD4/PTEN,4,Vertebrates
GO:1990000,amyloid fibril formation,4/155,42/18870,3.8443735255537097e-4,0.0037683011031313823,0.0024131212231128544,CLU/CRYAB/APP/GSN,4,Vertebrates
GO:1901888,regulation of cell junction assembly,8/155,213/18870,3.848105565135615e-4,0.0037683011031313823,0.0024131212231128544,CLDN1/LZTS1/SFRP1/THBS1/DLC1/APP/EPHB3/PTEN,8,Vertebrates
GO:0051147,regulation of muscle cell differentiation,7/155,162/18870,3.8782607838469026e-4,0.0037870722158414374,0.002425141751521382,ENG/TGFB1/BMP4/BHLHE41/SMAD4/PDCD4/FOXO4,7,Vertebrates
GO:0001654,eye development,11/155,391/18870,3.9581282920204616e-4,0.0038541435657046697,0.002468092485390101,CRYAB/TWIST1/SKI/SERPINF1/BMP4/THRB/SOX11/GATA3/RRM1/KDM5B/KLF4,11,Vertebrates
GO:0045216,cell-cell junction organization,8/155,214/18870,3.9701515618506924e-4,0.003854961248929391,0.002468616108287888,CLDN1/CXADR/MTSS1/TGFB1/EPB41L3/CD9/CDH1/JUP,8,Vertebrates
GO:0009208,pyrimidine ribonucleoside triphosphate metabolic process,3/155,18/18870,4.051420173398291e-4,0.003911833427928266,0.0025050355605532116,NME3/NME1/NME2,3,Vertebrates
GO:0016202,regulation of striated muscle tissue development,3/155,18/18870,4.051420173398291e-4,0.003911833427928266,0.0025050355605532116,TWIST1/TGFB1/BMP4,3,Vertebrates
GO:0010719,negative regulation of epithelial to mesenchymal transition,4/155,43/18870,4.2117675255785126e-4,0.004032767405741425,0.0025824785091047193,NKX2-1/SFRP1/GATA3/PTEN,4,Vertebrates
GO:0060412,ventricular septum morphogenesis,4/155,43/18870,4.2117675255785126e-4,0.004032767405741425,0.0025824785091047193,BMP4/SMAD4/SOX11/SLIT2,4,Vertebrates
GO:1904037,positive regulation of epithelial cell apoptotic process,4/155,43/18870,4.2117675255785126e-4,0.004032767405741425,0.0025824785091047193,TGFB1/THBS1/PDCD4/GSN,4,Vertebrates
GO:0150063,visual system development,11/155,395/18870,4.3112287911578937e-4,0.0041165666601443935,0.0026361413544417856,CRYAB/TWIST1/SKI/SERPINF1/BMP4/THRB/SOX11/GATA3/RRM1/KDM5B/KLF4,11,Vertebrates
GO:0110053,regulation of actin filament organization,9/155,273/18870,4.351765285089592e-4,0.004143794181686139,0.0026535771453425052,MTSS1/SFRP1/DLC1/BIN1/GSN/PFN1/LIMA1/RNH1/SLIT2,9,Vertebrates
GO:0007519,skeletal muscle tissue development,7/155,166/18870,4.491140258071475e-4,0.004264727402086053,0.0027310196088664303,TWIST1/SKI/TGFB1/PAX5/SOX11/DMD/EP300,7,Vertebrates
GO:0006509,membrane protein ectodomain proteolysis,4/155,44/18870,4.603548431739762e-4,0.004350332790115142,0.0027858390548215696,TIMP1/TIMP2/TIMP3/TIMP4,4,Vertebrates
GO:0007015,actin filament organization,12/155,464/18870,4.606531675056648e-4,0.004350332790115142,0.0027858390548215696,MTSS1/SFRP1/DLC1/BIN1/GSN/PFN1/DPYSL3/LIMA1/RNH1/RND3/RHOBTB2/SLIT2,12,Vertebrates
GO:0009952,anterior/posterior pattern specification,8/155,219/18870,4.628590450594391e-4,0.004359221662076192,0.0027915312553627955,HOXA10/SKI/BMP4/GPC3/BHLHE41/SFRP1/SMAD4/EP300,8,Vertebrates
GO:0021537,telencephalon development,9/155,276/18870,4.7097451179090076e-4,0.004423567144804455,0.002832736415389413,SKI/BMP4/NKX2-1/CASP3/PAX5/LMX1A/EPHB3/SLIT2/PTEN,9,Vertebrates
GO:0009148,pyrimidine nucleoside triphosphate biosynthetic process,3/155,19/18870,4.7821517819548077e-4,0.004467229591435832,0.002860696701400437,NME3/NME1/NME2,3,Vertebrates
GO:0032928,regulation of superoxide anion generation,3/155,19/18870,4.7821517819548077e-4,0.004467229591435832,0.002860696701400437,TGFB1/GNAI2/SYK,3,Vertebrates
GO:0032956,regulation of actin cytoskeleton organization,10/155,337/18870,4.817464304068413e-4,0.00448324834051922,0.0028709546883083094,MTSS1/SFRP1/SMAD4/DLC1/BIN1/GSN/PFN1/LIMA1/RNH1/SLIT2,10,Vertebrates
GO:0003205,cardiac chamber development,7/155,168/18870,4.8253122550990157e-4,0.00448324834051922,0.0028709546883083094,ENG/TGFB1/BMP4/SMAD4/SOX11/GATA3/SLIT2,7,Vertebrates
GO:0048880,sensory system development,11/155,401/18870,4.89025065520762e-4,0.004531369357123835,0.0029017701256282913,CRYAB/TWIST1/SKI/SERPINF1/BMP4/THRB/SOX11/GATA3/RRM1/KDM5B/KLF4,11,Vertebrates
GO:0051250,negative regulation of lymphocyte activation,7/155,169/18870,4.999677298802367e-4,0.004614957485555723,0.002955297771429115,LGALS9/BMP4/SFRP1/CASP3/PLA2G2A/RUNX3/SOX11,7,Vertebrates
GO:0014014,negative regulation of gliogenesis,4/155,45/18870,5.02062389638351e-4,0.004614957485555723,0.002955297771429115,SKI/SOX11/DICER1/CERS2,4,Vertebrates
GO:0051150,regulation of smooth muscle cell differentiation,4/155,45/18870,5.02062389638351e-4,0.004614957485555723,0.002955297771429115,ENG/BMP4/PDCD4/FOXO4,4,Vertebrates
GO:0050866,negative regulation of cell activation,8/155,223/18870,5.21692034565446e-4,0.0047826394764550325,0.003062676921846978,LGALS9/BMP4/SFRP1/CASP3/PLA2G2A/CD9/RUNX3/SOX11,8,Vertebrates
GO:0002065,columnar/cuboidal epithelial cell differentiation,6/155,123/18870,5.375320140083122e-4,0.004914782101556107,0.003147297594235462,SPDEF/TP63/TGFB1/BMP4/SOX11/KLF4,6,Vertebrates
GO:0003151,outflow tract morphogenesis,5/155,81/18870,5.434663211567788e-4,0.0049428190211805185,0.003165251702446231,ENG/TWIST1/BMP4/SMAD4/SOX11,5,Vertebrates
GO:0007422,peripheral nervous system development,5/155,81/18870,5.434663211567788e-4,0.0049428190211805185,0.003165251702446231,CLDN1/SKI/RUNX3/NDRG1/DICER1,5,Vertebrates
GO:0032309,icosanoid secretion,4/155,46/18870,5.463906037917782e-4,0.004943329163439001,0.0031655783841728386,PLA2G2A/NTSR1/SYK/NOS2,4,Vertebrates
GO:0048483,autonomic nervous system development,4/155,46/18870,5.463906037917782e-4,0.004943329163439001,0.0031655783841728386,TP63/SEMA3F/SOX11/GATA3,4,Vertebrates
GO:0072567,chemokine (C-X-C motif) ligand 2 production,3/155,20/18870,5.592266572618312e-4,0.005033039915356481,0.003223026797521122,TGFB1/POSTN/KLF4,3,Vertebrates
GO:2000341,regulation of chemokine (C-X-C motif) ligand 2 production,3/155,20/18870,5.592266572618312e-4,0.005033039915356481,0.003223026797521122,TGFB1/POSTN/KLF4,3,Vertebrates
GO:0007389,pattern specification process,12/155,475/18870,5.668338138025766e-4,0.0050882191567121916,0.0032583621369079037,ENG/HOXA10/SKI/TP63/BMP4/GPC3/NKX2-1/BHLHE41/SFRP1/SMAD4/SEMA3F/EP300,12,Vertebrates
GO:0043542,endothelial cell migration,9/155,284/18870,5.784404992528149e-4,0.005178920521881697,0.003316444913009304,SERPINF1/TGFB1/THBS1/ITGB1/PLG/GATA3/SLIT2/KLF4/JUP,9,Vertebrates
GO:0032496,response to lipopolysaccharide,10/155,348/18870,6.179225250346869e-4,0.005518080165270895,0.0035336338560069225,AKAP12/CLDN1/IRF8/LGALS9/CASP3/CASP8/PTGER1/PDCD4/MMP8/NOS2,10,Vertebrates
GO:1903131,mononuclear cell differentiation,12/155,481/18870,6.329648871137332e-4,0.005637803529408368,0.0036103015593023217,GPR68/IRF8/LGALS9/TGFB1/BMP4/SFRP1/RUNX3/ITGB1/PAX5/GATA3/SYK/EP300,12,Vertebrates
GO:0014003,oligodendrocyte development,4/155,48/18870,6.43275787563329e-4,0.005688107655212027,0.0036425150025131306,CLU/MAL/SOX11/PTEN,4,Vertebrates
GO:0045862,positive regulation of proteolysis,10/155,350/18870,6.458115199103794e-4,0.005688107655212027,0.0036425150025131306,CLU/NGFR/TNFSF10/LGALS9/CASP8/DLC1/GSN/SYK/PTEN/DAPK1,10,Vertebrates
GO:0060973,cell migration involved in heart development,3/155,21/18870,6.485135794889257e-4,0.005688107655212027,0.0036425150025131306,ENG/TWIST1/BMP4,3,Vertebrates
GO:0071498,cellular response to fluid shear stress,3/155,21/18870,6.485135794889257e-4,0.005688107655212027,0.0036425150025131306,MTSS1/TFPI2/KLF4,3,Vertebrates
GO:0071605,monocyte chemotactic protein-1 production,3/155,21/18870,6.485135794889257e-4,0.005688107655212027,0.0036425150025131306,TWIST1/LGALS9/SYK,3,Vertebrates
GO:0071637,regulation of monocyte chemotactic protein-1 production,3/155,21/18870,6.485135794889257e-4,0.005688107655212027,0.0036425150025131306,TWIST1/LGALS9/SYK,3,Vertebrates
GO:0010594,regulation of endothelial cell migration,8/155,231/18870,6.575563593084445e-4,0.005730133452975665,0.0036694272215015257,SERPINF1/TGFB1/THBS1/PLG/GATA3/SLIT2/KLF4/JUP,8,Vertebrates
GO:0032635,interleukin-6 production,7/155,177/18870,6.582920938144367e-4,0.005730133452975665,0.0036694272215015257,TWIST1/LGALS9/TGFB1/HGF/APP/SYK/NOS2,7,Vertebrates
GO:0032675,regulation of interleukin-6 production,7/155,177/18870,6.582920938144367e-4,0.005730133452975665,0.0036694272215015257,TWIST1/LGALS9/TGFB1/HGF/APP/SYK/NOS2,7,Vertebrates
GO:0043491,phosphatidylinositol 3-kinase/protein kinase B signal transduction,9/155,290/18870,6.715930524552696e-4,0.005831187032275351,0.003734139284101022,ENG/IRS1/TWIST1/TGFB1/THBS1/ITGB1/HGF/GATA3/PTEN,9,Vertebrates
GO:0048041,focal adhesion assembly,5/155,85/18870,6.777232279709795e-4,0.005869628057326549,0.0037587559086356627,SFRP1/THBS1/DLC1/ITGA2/PTEN,5,Vertebrates
GO:0060538,skeletal muscle organ development,7/155,178/18870,6.805967290160289e-4,0.005879741666461782,0.003765232398751122,TWIST1/SKI/TGFB1/PAX5/SOX11/DMD/EP300,7,Vertebrates
GO:0048546,digestive tract morphogenesis,4/155,49/18870,6.960169267081242e-4,0.00599792586590726,0.0038409144613340443,TP63/SFRP1/SOX11/EPHB3,4,Vertebrates
GO:0007159,leukocyte cell-cell adhesion,11/155,419/18870,7.032124954848484e-4,0.00604482162577624,0.0038709452763662612,CD44/LGALS9/BMP4/CASP3/PLA2G2A/RUNX3/ITGB1/GATA3/SYK/TYK2/KLF4,11,Vertebrates
GO:0055013,cardiac muscle cell development,5/155,86/18870,7.148501721695687e-4,0.006129573491215182,0.003925218148833689,CXADR/BMP4/SMAD4/MAP2K4/MYO18B,5,Vertebrates
GO:0002089,lens morphogenesis in camera-type eye,3/155,22/18870,7.464033161564552e-4,0.0063527215575093846,0.004068116319636352,SKI/BMP4/SOX11,3,Vertebrates
GO:0072111,cell proliferation involved in kidney development,3/155,22/18870,7.464033161564552e-4,0.0063527215575093846,0.004068116319636352,BMP4/GPC3/GATA3,3,Vertebrates
GO:2000725,regulation of cardiac muscle cell differentiation,3/155,22/18870,7.464033161564552e-4,0.0063527215575093846,0.004068116319636352,TGFB1/BMP4/SMAD4,3,Vertebrates
GO:0043534,blood vessel endothelial cell migration,7/155,181/18870,7.511277598461947e-4,0.006366761189801098,0.004077106932042479,TGFB1/THBS1/ITGB1/PLG/SLIT2/KLF4/JUP,7,Vertebrates
GO:0022602,ovulation cycle process,4/155,50/18870,7.517469696109797e-4,0.006366761189801098,0.004077106932042479,KISS1/ESR1/CASP3/SLIT2,4,Vertebrates
GO:0050672,negative regulation of lymphocyte proliferation,5/155,88/18870,7.936425267764799e-4,0.006705112229898349,0.0042937780666931855,LGALS9/BMP4/CASP3/PLA2G2A/SOX11,5,Vertebrates
GO:0050670,regulation of lymphocyte proliferation,8/155,238/18870,7.986570479296733e-4,0.006730980059201916,0.004310343146335156,LGALS9/AHR/BMP4/CASP3/PLA2G2A/SOX11/SYK/TYK2,8,Vertebrates
GO:0030879,mammary gland development,6/155,133/18870,8.11097687571037e-4,0.006802563817657821,0.004356183508353092,BMP4/ESR1/ITGA2/GATA3/KDM5B/NME1,6,Vertebrates
GO:0061041,regulation of wound healing,6/155,133/18870,8.11097687571037e-4,0.006802563817657821,0.004356183508353092,CLDN1/THBS1/CD9/ITGB1/PLG/PTEN,6,Vertebrates
GO:0048588,developmental cell growth,8/155,239/18870,8.206633126911383e-4,0.006866083589432898,0.004396859904735098,DCC/SEMA3F/MAP2K4/CDH1/ITGB1/APP/POSTN/SLIT2,8,Vertebrates
GO:0032945,negative regulation of mononuclear cell proliferation,5/155,89/18870,8.353843896311079e-4,0.006955483070189441,0.0044541089881933215,LGALS9/BMP4/CASP3/PLA2G2A/SOX11,5,Vertebrates
GO:0097194,execution phase of apoptosis,5/155,89/18870,8.353843896311079e-4,0.006955483070189441,0.0044541089881933215,CASP3/CASP8/CASP5/DLC1/DICER1,5,Vertebrates
GO:0048565,digestive tract development,6/155,134/18870,8.434492453379361e-4,0.007005709755855098,0.004486272840770202,SPDEF/TP63/SFRP1/PKD1/SOX11/EPHB3,6,Vertebrates
GO:0030098,lymphocyte differentiation,11/155,429/18870,8.526783578021015e-4,0.007035950839334037,0.004505638437721123,IRF8/LGALS9/TGFB1/BMP4/SFRP1/RUNX3/ITGB1/PAX5/GATA3/SYK/EP300,11,Vertebrates
GO:0002834,regulation of response to tumor cell,3/155,23/18870,8.53213649794496e-4,0.007035950839334037,0.004505638437721123,AHR/TGFB1/DAPK1,3,Vertebrates
GO:0048634,regulation of muscle organ development,3/155,23/18870,8.53213649794496e-4,0.007035950839334037,0.004505638437721123,TWIST1/TGFB1/BMP4,3,Vertebrates
GO:0002274,myeloid leukocyte activation,8/155,241/18870,8.661389732886014e-4,0.007125491744453006,0.004562978085632954,CLU/LGALS9/PLA2G2A/THBS1/NDRG1/APP/MMP8/SYK,8,Vertebrates
GO:0003197,endocardial cushion development,4/155,52/18870,8.725444988962485e-4,0.007144087619228904,0.004574886396263116,ENG/TWIST1/BMP4/SMAD4,4,Vertebrates
GO:0043154,negative regulation of cysteine-type endopeptidase activity involved in apoptotic process,4/155,52/18870,8.725444988962485e-4,0.007144087619228904,0.004574886396263116,CD44/THBS1/HGF/KLF4,4,Vertebrates
GO:0007565,female pregnancy,7/155,186/18870,8.814278203677524e-4,0.007199719660681617,0.004610511696959784,LGALS9/TIMP1/ESR1/RECK/ITGA2/ARHGDIB/VMP1,7,Vertebrates
GO:0032944,regulation of mononuclear cell proliferation,8/155,242/18870,8.896240282815383e-4,0.007249489421953812,0.004642382947135464,LGALS9/AHR/BMP4/CASP3/PLA2G2A/SOX11/SYK/TYK2,8,Vertebrates
GO:0007498,mesoderm development,6/155,136/18870,9.111326335551679e-4,0.007407250443077037,0.00474340896863254,TP63/BMP4/SMAD4/ITGA2/ITGB1/KLF4,6,Vertebrates
GO:2001234,negative regulation of apoptotic signaling pathway,8/155,243/18870,9.136177889713489e-4,0.007409977690786447,0.004745155426558314,CLU/CD44/BMP4/THBS1/HGF/CREB3L1/GNAI2/IVNS1ABP,8,Vertebrates
GO:0060021,roof of mouth development,5/155,91/18870,9.237528165461244e-4,0.00747459145219364,0.004786532385216761,TWIST1/SKI/SMAD4/SOX11/EPHB3,5,Vertebrates
GO:0051091,positive regulation of DNA-binding transcription factor activity,8/155,244/18870,9.381282593528958e-4,0.00757313374704785,0.004849636287102238,CLU/LGALS9/TGFB1/ESR1/APP/EP300/PTEN/JUP,8,Vertebrates
GO:0007266,Rho protein signal transduction,6/155,137/18870,9.465050737037277e-4,0.0076229041800391344,0.004881507967429212,NGFR/DLC1/ITGB1/RHOBTB2/ARHGDIB/ARHGDIA,6,Vertebrates
GO:0003148,outflow tract septum morphogenesis,3/155,24/18870,9.692529368588809e-4,0.007715969684417004,0.004941104676292873,ENG/BMP4/SMAD4,3,Vertebrates
GO:0009220,pyrimidine ribonucleotide biosynthetic process,3/155,24/18870,9.692529368588809e-4,0.007715969684417004,0.004941104676292873,NME3/NME1/NME2,3,Vertebrates
GO:0032288,myelin assembly,3/155,24/18870,9.692529368588809e-4,0.007715969684417004,0.004941104676292873,EPB41L3/CD9/DICER1,3,Vertebrates
GO:0046039,GTP metabolic process,3/155,24/18870,9.692529368588809e-4,0.007715969684417004,0.004941104676292873,NME3/NME1/NME2,3,Vertebrates
GO:2000353,positive regulation of endothelial cell apoptotic process,3/155,24/18870,9.692529368588809e-4,0.007715969684417004,0.004941104676292873,TGFB1/THBS1/PDCD4,3,Vertebrates
GO:0033135,regulation of peptidyl-serine phosphorylation,6/155,138/18870,9.82925373805217e-4,0.007806782865222541,0.004999259056195829,CD44/TGFB1/HGF/APP/DMD/PTEN,6,Vertebrates
GO:1904705,regulation of vascular associated smooth muscle cell proliferation,5/155,93/18870,0.0010188951888334358,0.00807386601358357,0.0051702921015939875,BMP4/NDRG2/PDCD4/GNAI2/PTEN,5,Vertebrates
GO:0046879,hormone secretion,9/155,308/18870,0.0010271489699107083,0.00812060206257388,0.005200220641967058,KISS1/GPR68/IRS1/SFRP1/SMAD4/SOX11/GATA3/KDM5B/NOS2,9,Vertebrates
GO:0051896,regulation of phosphatidylinositol 3-kinase/protein kinase B signal transduction,8/155,248/18870,0.001041499742870101,0.008215216507261414,0.005260809251592441,ENG/TWIST1/TGFB1/THBS1/ITGB1/HGF/GATA3/PTEN,8,Vertebrates
GO:0001656,metanephros development,5/155,94/18870,0.0010691054645834922,0.008413713553468717,0.005387921555471241,BMP4/GPC3/SMAD4/PKD1/GATA3,5,Vertebrates
GO:0009749,response to glucose,7/155,193/18870,0.0010931311896289144,0.00855747270849233,0.0054799811490414,GPR68/SERPINF1/SMAD4/CASP3/THBS1/RASAL2/TXNIP,7,Vertebrates
GO:0009147,pyrimidine nucleoside triphosphate metabolic process,3/155,25/18870,0.0010948202681883138,0.00855747270849233,0.0054799811490414,NME3/NME1/NME2,3,Vertebrates
GO:0046641,positive regulation of alpha-beta T cell proliferation,3/155,25/18870,0.0010948202681883138,0.00855747270849233,0.0054799811490414,LGALS9/SYK/TYK2,3,Vertebrates
GO:0007044,cell-substrate junction assembly,5/155,95/18870,0.0011211283543454415,0.008703895129344002,0.005573746228218092,SFRP1/THBS1/DLC1/ITGA2/PTEN,5,Vertebrates
GO:0014033,neural crest cell differentiation,5/155,95/18870,0.0011211283543454415,0.008703895129344002,0.005573746228218092,TWIST1/BMP4/SFRP1/SMAD4/SEMA3F,5,Vertebrates
GO:1990874,vascular associated smooth muscle cell proliferation,5/155,95/18870,0.0011211283543454415,0.008703895129344002,0.005573746228218092,BMP4/NDRG2/PDCD4/GNAI2/PTEN,5,Vertebrates
GO:0046883,regulation of hormone secretion,8/155,251/18870,0.0011248562818737455,0.0087132125924018,0.005579712887260188,KISS1/GPR68/IRS1/SFRP1/SMAD4/SOX11/KDM5B/NOS2,8,Vertebrates
GO:0060986,endocrine hormone secretion,4/155,56/18870,0.001154089559200828,0.00891961145866649,0.00571188530952121,KISS1/SMAD4/GATA3/KDM5B,4,Vertebrates
GO:0070664,negative regulation of leukocyte proliferation,5/155,96/18870,0.0011750040661860966,0.009060937396294128,0.005802386734468963,LGALS9/BMP4/CASP3/PLA2G2A/SOX11,5,Vertebrates
GO:0097305,response to alcohol,8/155,254/18870,0.0012134622218861345,0.009336616693842647,0.005978924528419229,CLDN1/AHR/TGFB1/SFRP1/CASP8/CDH1/SLIT2/JUP,8,Vertebrates
GO:0060070,canonical Wnt signaling pathway,9/155,316/18870,0.001227893901784097,0.009365286169784196,0.005997283709110122,TGFB1/GPC5/GPC3/SFRP1/RECK/GATA3/KLF4/PTEN/JUP,9,Vertebrates
GO:0033598,mammary gland epithelial cell proliferation,3/155,26/18870,0.001230205627269903,0.009365286169784196,0.005997283709110122,ESR1/GATA3/KDM5B,3,Vertebrates
GO:0044346,fibroblast apoptotic process,3/155,26/18870,0.001230205627269903,0.009365286169784196,0.005997283709110122,TP63/SFRP1/CASP3,3,Vertebrates
GO:0060391,positive regulation of SMAD protein signal transduction,3/155,26/18870,0.001230205627269903,0.009365286169784196,0.005997283709110122,TGFB1/BMP4/SMAD4,3,Vertebrates
GO:1903035,negative regulation of response to wounding,5/155,97/18870,0.0012307730301457038,0.009365286169784196,0.005997283709110122,THBS1/CD9/PLG/CERS2/PTEN,5,Vertebrates
GO:1903037,regulation of leukocyte cell-cell adhesion,10/155,382/18870,0.0012537119549872972,0.009518821825641439,0.006095603917478233,CD44/LGALS9/BMP4/CASP3/PLA2G2A/RUNX3/GATA3/SYK/TYK2/KLF4,10,Vertebrates
GO:0009746,response to hexose,7/155,198/18870,0.0012673888703614322,0.009580459289771616,0.006135074933397792,GPR68/SERPINF1/SMAD4/CASP3/THBS1/RASAL2/TXNIP,7,Vertebrates
GO:0045664,regulation of neuron differentiation,7/155,198/18870,0.0012673888703614322,0.009580459289771616,0.006135074933397792,BMP4/SFRP1/ITGB1/APP/SOX11/LMX1A/BIN1,7,Vertebrates
GO:0009798,axis specification,5/155,98/18870,0.0012884758883082356,0.009697328355891896,0.006209914819081523,SKI/BMP4/GPC3/SFRP1/SMAD4,5,Vertebrates
GO:0048661,positive regulation of smooth muscle cell proliferation,5/155,98/18870,0.0012884758883082356,0.009697328355891896,0.006209914819081523,TGFB1/BMP4/THBS1/ITGA2/GNAI2,5,Vertebrates
GO:0009914,hormone transport,9/155,319/18870,0.0013108908617079662,0.009823132174581216,0.006290476286044864,KISS1/GPR68/IRS1/SFRP1/SMAD4/SOX11/GATA3/KDM5B/NOS2,9,Vertebrates
GO:0097193,intrinsic apoptotic signaling pathway,9/155,319/18870,0.0013108908617079662,0.009823132174581216,0.006290476286044864,TNFRSF10B/CLU/CD44/TP63/CASP3/MAP2K4/CREB3L1/IVNS1ABP/EP300,9,Vertebrates
GO:0055123,digestive system development,6/155,146/18870,0.0013145334881648142,0.009829060593718254,0.006294272690219467,SPDEF/TP63/SFRP1/PKD1/SOX11/EPHB3,6,Vertebrates
GO:0008544,epidermis development,10/155,385/18870,0.0013290010644061965,0.009915728720796881,0.006349772686397345,NGFR/CLDN1/CST6/TP63/BMP4/SMAD4/CASP3/TXNIP/NME2/KLF4,10,Vertebrates
GO:0031333,negative regulation of protein-containing complex assembly,6/155,147/18870,0.001361337165258573,0.01013505228649309,0.006490221747293913,CLU/CRYAB/GSN/PFN1/SLIT2/EP300,6,Vertebrates
GO:0022010,central nervous system myelination,3/155,27/18870,0.0013756900463395842,0.010175973368524778,0.006516426535292768,CLU/MAL/PTEN,3,Vertebrates
GO:0032291,axon ensheathment in central nervous system,3/155,27/18870,0.0013756900463395842,0.010175973368524778,0.006516426535292768,CLU/MAL/PTEN,3,Vertebrates
GO:0032753,positive regulation of interleukin-4 production,3/155,27/18870,0.0013756900463395842,0.010175973368524778,0.006516426535292768,LGALS9/GATA3/SYK,3,Vertebrates
GO:0044403,biological process involved in symbiotic interaction,9/155,322/18870,0.0013983605882788408,0.010321518089501422,0.006609629558482428,CLDN1/CXADR/LGALS9/ITGA2/ITGB1/PLG/GSN/EP300/RRP1B,9,Vertebrates
GO:0009948,anterior/posterior axis specification,4/155,59/18870,0.0014031292881997288,0.010334586872701848,0.006617998464585766,SKI/BMP4/GPC3/SMAD4,4,Vertebrates
GO:0002695,negative regulation of leukocyte activation,7/155,202/18870,0.0014218713523926599,0.010450299683789976,0.0066920979148634456,LGALS9/BMP4/SFRP1/CASP3/PLA2G2A/RUNX3/SOX11,7,Vertebrates
GO:0001658,branching involved in ureteric bud morphogenesis,4/155,60/18870,0.001493851791904757,0.01088648441161881,0.006971419177977693,BMP4/GPC3/SMAD4/MAGED1,4,Vertebrates
GO:0002011,morphogenesis of an epithelial sheet,4/155,60/18870,0.001493851791904757,0.01088648441161881,0.006971419177977693,CD44/ITGB1/SOX11/PTEN,4,Vertebrates
GO:0002763,positive regulation of myeloid leukocyte differentiation,4/155,60/18870,0.001493851791904757,0.01088648441161881,0.006971419177977693,GPR68/TGFB1/CASP8/KLF10,4,Vertebrates
GO:0007566,embryo implantation,4/155,60/18870,0.001493851791904757,0.01088648441161881,0.006971419177977693,TIMP1/RECK/ARHGDIB/VMP1,4,Vertebrates
GO:0022011,myelination in peripheral nervous system,3/155,28/18870,0.0015315457603436165,0.011067585400218963,0.007087391502682476,SKI/NDRG1/DICER1,3,Vertebrates
GO:0032292,peripheral nervous system axon ensheathment,3/155,28/18870,0.0015315457603436165,0.011067585400218963,0.007087391502682476,SKI/NDRG1/DICER1,3,Vertebrates
GO:0060479,lung cell differentiation,3/155,28/18870,0.0015315457603436165,0.011067585400218963,0.007087391502682476,SPDEF/NKX2-1/THRB,3,Vertebrates
GO:0060487,lung epithelial cell differentiation,3/155,28/18870,0.0015315457603436165,0.011067585400218963,0.007087391502682476,SPDEF/NKX2-1/THRB,3,Vertebrates
GO:0150115,cell-substrate junction organization,5/155,102/18870,0.0015394459706678525,0.011101402219439515,0.007109046907047978,SFRP1/THBS1/DLC1/ITGA2/PTEN,5,Vertebrates
GO:2000351,regulation of endothelial cell apoptotic process,4/155,61/18870,0.001588582545234851,0.011423167011998884,0.007315096643660136,TGFB1/THBS1/PDCD4/GATA3,4,Vertebrates
GO:0044703,multi-organism reproductive process,7/155,206/18870,0.0015906934046299578,0.011423167011998884,0.007315096643660136,LGALS9/TIMP1/ESR1/RECK/ITGA2/ARHGDIB/VMP1,7,Vertebrates
GO:0050729,positive regulation of inflammatory response,6/155,152/18870,0.001614739894139438,0.011547735301034529,0.007394866909828351,TGFB1/PLA2G2A/PTGER3/PDCD4/APP/MMP8,6,Vertebrates
GO:1903038,negative regulation of leukocyte cell-cell adhesion,6/155,152/18870,0.001614739894139438,0.011547735301034529,0.007394866909828351,LGALS9/BMP4/CASP3/PLA2G2A/RUNX3/KLF4,6,Vertebrates
GO:0051216,cartilage development,7/155,207/18870,0.0016352434792850574,0.011660598331862245,0.007467141435547351,CD44/TIMP1/TGFB1/BMP4/PKD1/RUNX3/GATA3,7,Vertebrates
GO:0050900,leukocyte migration,10/155,396/18870,0.0016372873781901151,0.011660598331862245,0.007467141435547351,CXADR/LGALS9/THBS1/CD9/ITGA2/ITGB1/APP/GATA3/SYK/SLIT2,10,Vertebrates
GO:0006913,nucleocytoplasmic transport,9/155,330/18870,0.0016548183379209702,0.01173695228562466,0.007516036505566981,TGFB1/BMP4/PKD1/CDH1/TXNIP/HTATIP2/SYK/EP300/JUP,9,Vertebrates
GO:0051169,nuclear transport,9/155,330/18870,0.0016548183379209702,0.01173695228562466,0.007516036505566981,TGFB1/BMP4/PKD1/CDH1/TXNIP/HTATIP2/SYK/EP300/JUP,9,Vertebrates
GO:0070663,regulation of leukocyte proliferation,8/155,267/18870,0.0016639117946868776,0.011777215515986997,0.007541820022605388,LGALS9/AHR/BMP4/CASP3/PLA2G2A/SOX11/SYK/TYK2,8,Vertebrates
GO:0030183,B cell differentiation,6/155,153/18870,0.001669455253046858,0.011792238232074835,0.007551440176098494,IRF8/SFRP1/ITGB1/PAX5/SYK/EP300,6,Vertebrates
GO:0031032,actomyosin structure organization,7/155,208/18870,0.0016807595731642478,0.011800668001488957,0.007556838379406149,SFRP1/SMAD4/DLC1/EPB41L3/ITGB1/PFN1/MYO18B,7,Vertebrates
GO:0031330,negative regulation of cellular catabolic process,7/155,208/18870,0.0016807595731642478,0.011800668001488957,0.007556838379406149,LZTS1/TIMP1/TIMP2/TIMP3/TIMP4/HGF/EP300,7,Vertebrates
GO:0046824,positive regulation of nucleocytoplasmic transport,4/155,62/18870,0.001687413323359787,0.011800668001488957,0.007556838379406149,TGFB1/CDH1/EP300/JUP,4,Vertebrates
GO:0090303,positive regulation of wound healing,4/155,62/18870,0.001687413323359787,0.011800668001488957,0.007556838379406149,CLDN1/THBS1/ITGB1/PLG,4,Vertebrates
GO:0003401,axis elongation,3/155,29/18870,0.001698036358786923,0.011800668001488957,0.007556838379406149,BMP4/ESR1/SFRP1,3,Vertebrates
GO:0010165,response to X-ray,3/155,29/18870,0.001698036358786923,0.011800668001488957,0.007556838379406149,SFRP1/CASP3/GATA3,3,Vertebrates
GO:0021952,central nervous system projection neuron axonogenesis,3/155,29/18870,0.001698036358786923,0.011800668001488957,0.007556838379406149,DCC/EPHB3/SLIT2,3,Vertebrates
GO:0098901,regulation of cardiac muscle cell action potential,3/155,29/18870,0.001698036358786923,0.011800668001488957,0.007556838379406149,CXADR/BIN1/JUP,3,Vertebrates
GO:0006979,response to oxidative stress,10/155,400/18870,0.0017628434390120219,0.012226401074998871,0.007829466677132713,CRYAB/CASP3/MAP2K4/HGF/APP/TXNIP/FOXO4/IDH1/DAPK1/MSRA,10,Vertebrates
GO:0045807,positive regulation of endocytosis,6/155,155/18870,0.001783103670284471,0.012318625685192663,0.007888524899408797,CLU/GPC3/CD63/ITGA2/BIN1/SYK,6,Vertebrates
GO:0051893,regulation of focal adhesion assembly,4/155,63/18870,0.0017904355869688203,0.012318625685192663,0.007888524899408797,SFRP1/THBS1/DLC1/PTEN,4,Vertebrates
GO:0071715,icosanoid transport,4/155,63/18870,0.0017904355869688203,0.012318625685192663,0.007888524899408797,PLA2G2A/NTSR1/SYK/NOS2,4,Vertebrates
GO:0090109,regulation of cell-substrate junction assembly,4/155,63/18870,0.0017904355869688203,0.012318625685192663,0.007888524899408797,SFRP1/THBS1/DLC1/PTEN,4,Vertebrates
GO:0048709,oligodendrocyte differentiation,5/155,106/18870,0.0018246581199011418,0.012529076771512422,0.008023292257145513,CLU/MAL/NKX2-1/SOX11/PTEN,5,Vertebrates
GO:0046718,viral entry into host cell,6/155,156/18870,0.0018420830175669993,0.012623578850006853,0.008083808910407027,CLDN1/CXADR/LGALS9/ITGA2/ITGB1/GSN,6,Vertebrates
GO:0033137,negative regulation of peptidyl-serine phosphorylation,3/155,30/18870,0.0018754169354939542,0.012826512255253294,0.008213762142294951,HGF/DMD/PTEN,3,Vertebrates
GO:0032615,interleukin-12 production,4/155,64/18870,0.0018977404477857878,0.012927887991141524,0.008278680505526935,IRF8/LGALS9/THBS1/SYK,4,Vertebrates
GO:0032655,regulation of interleukin-12 production,4/155,64/18870,0.0018977404477857878,0.012927887991141524,0.008278680505526935,IRF8/LGALS9/THBS1/SYK,4,Vertebrates
GO:0050770,regulation of axonogenesis,6/155,157/18870,0.0019025301831762027,0.012934953730588502,0.008283205219807946,DCC/SEMA3F/CDH1/EPHB3/SLIT2/PTEN,6,Vertebrates
GO:0030111,regulation of Wnt signaling pathway,9/155,338/18870,0.0019477709974321375,0.013216469740449956,0.00846348069128718,SKI/TGFB1/GPC5/GPC3/SFRP1/RECK/APP/SENP2/JUP,9,Vertebrates
GO:0007611,learning or memory,8/155,274/18870,0.0019561917105181278,0.013247530110326103,0.008483370937765513,SERPINF1/CASP3/NTSR1/ITGB1/APP/LMX1A/EP300/PTEN,8,Vertebrates
GO:2000117,negative regulation of cysteine-type endopeptidase activity,4/155,65/18870,0.002009418635098341,0.01358130595134114,0.008697112234883841,CD44/THBS1/HGF/KLF4,4,Vertebrates
GO:0046822,regulation of nucleocytoplasmic transport,5/155,109/18870,0.002062650500737509,0.013760892287332877,0.008812114615771775,TGFB1/BMP4/CDH1/EP300/JUP,5,Vertebrates
GO:0014044,Schwann cell development,3/155,31/18870,0.002063934236307252,0.013760892287332877,0.008812114615771775,SKI/NDRG1/DICER1,3,Vertebrates
GO:0031646,positive regulation of nervous system process,3/155,31/18870,0.002063934236307252,0.013760892287332877,0.008812114615771775,NTSR1/ITGA2/DICER1,3,Vertebrates
GO:0050482,arachidonic acid secretion,3/155,31/18870,0.002063934236307252,0.013760892287332877,0.008812114615771775,PLA2G2A/NTSR1/SYK,3,Vertebrates
GO:0090322,regulation of superoxide metabolic process,3/155,31/18870,0.002063934236307252,0.013760892287332877,0.008812114615771775,TGFB1/GNAI2/SYK,3,Vertebrates
GO:1903963,arachidonate transport,3/155,31/18870,0.002063934236307252,0.013760892287332877,0.008812114615771775,PLA2G2A/NTSR1/SYK,3,Vertebrates
GO:2000191,regulation of fatty acid transport,3/155,31/18870,0.002063934236307252,0.013760892287332877,0.008812114615771775,THBS1/NTSR1/SYK,3,Vertebrates
GO:0044706,multi-multicellular organism process,7/155,216/18870,0.0020813937205829535,0.013850509951446797,0.008869503418131384,LGALS9/TIMP1/ESR1/RECK/ITGA2/ARHGDIB/VMP1,7,Vertebrates
GO:0050771,negative regulation of axonogenesis,4/155,66/18870,0.0021255604632826274,0.01411716168966323,0.009040260199784343,DCC/SEMA3F/CDH1/PTEN,4,Vertebrates
GO:0034764,positive regulation of transmembrane transport,7/155,217/18870,0.002136255748453593,0.014160910701768337,0.009068275920055031,IRS1/GPC3/NTSR1/ITGB1/DMD/LRRC26/VMP1,7,Vertebrates
GO:0042116,macrophage activation,5/155,110/18870,0.0021467938534089084,0.014176242169924344,0.009078093790277235,CLU/THBS1/APP/MMP8/SYK,5,Vertebrates
GO:0090398,cellular senescence,5/155,110/18870,0.0021467938534089084,0.014176242169924344,0.009078093790277235,TWIST1/TP63/MAP2K4/CDKN2A/PTEN,5,Vertebrates
GO:0051017,actin filament bundle assembly,6/155,161/18870,0.00215946749057994,0.014232666233325149,0.009114226281062968,MTSS1/SFRP1/DLC1/PFN1/DPYSL3/LIMA1,6,Vertebrates
GO:0050808,synapse organization,11/155,483/18870,0.002187223094417666,0.014370402494869074,0.009202428971566565,LZTS1/SPARCL1/SEMA3F/CDH1/ITGB1/APP/LMX1A/PFN1/EPHB3/ZDHHC2/PTEN,11,Vertebrates
GO:0098742,cell-cell adhesion via plasma-membrane adhesion molecules,8/155,279/18870,0.0021887036001758814,0.014370402494869074,0.009202428971566565,CLDN1/CADM1/CXADR/SPARCL1/PKD1/CDH1/ITGB1/KLF4,8,Vertebrates
GO:0031341,regulation of cell killing,5/155,111/18870,0.0022334142507082666,0.014636081601124326,0.0093725629052136,CADM1/LGALS9/TGFB1/SYK/NOS2,5,Vertebrates
GO:0015909,long-chain fatty acid transport,4/155,67/18870,0.002246255800304829,0.01466447678721732,0.009390746437877247,PLA2G2A/THBS1/NTSR1/SYK,4,Vertebrates
GO:0072577,endothelial cell apoptotic process,4/155,67/18870,0.002246255800304829,0.01466447678721732,0.009390746437877247,TGFB1/THBS1/PDCD4/GATA3,4,Vertebrates
GO:0009218,pyrimidine ribonucleotide metabolic process,3/155,32/18870,0.0022638268047487967,0.014723416973526608,0.009428490187801841,NME3/NME1/NME2,3,Vertebrates
GO:1901889,negative regulation of cell junction assembly,3/155,32/18870,0.0022638268047487967,0.014723416973526608,0.009428490187801841,THBS1/DLC1/PTEN,3,Vertebrates
GO:0044409,entry into host,6/155,163/18870,0.0022973576791821154,0.014885323158159307,0.009532170663325873,CLDN1/CXADR/LGALS9/ITGA2/ITGB1/GSN,6,Vertebrates
GO:0051494,negative regulation of cytoskeleton organization,6/155,163/18870,0.0022973576791821154,0.014885323158159307,0.009532170663325873,SMAD4/DLC1/GSN/PFN1/LIMA1/SLIT2,6,Vertebrates
GO:0150116,regulation of cell-substrate junction organization,4/155,68/18870,0.0023715940371813,0.015308772745625358,0.009803336676462026,SFRP1/THBS1/DLC1/PTEN,4,Vertebrates
GO:2000379,positive regulation of reactive oxygen species metabolic process,4/155,68/18870,0.0023715940371813,0.015308772745625358,0.009803336676462026,TGFB1/THBS1/GNAI2/SYK,4,Vertebrates
GO:1903706,regulation of hemopoiesis,10/155,417/18870,0.002386517572123314,0.015376310413287969,0.009846586028022805,GPR68/LGALS9/TGFB1/BMP4/SFRP1/CASP8/RUNX3/GATA3/SYK/KLF10,10,Vertebrates
GO:0009895,negative regulation of catabolic process,9/155,349/18870,0.0024168409393879584,0.015542631936698307,0.009953093970731637,LZTS1/TIMP1/TIMP2/TIMP3/TIMP4/SMAD4/HGF/NOS2/EP300,9,Vertebrates
GO:0061572,actin filament bundle organization,6/155,165/18870,0.0024417845479785313,0.015627189941722606,0.010007242700072468,MTSS1/SFRP1/DLC1/PFN1/DPYSL3/LIMA1,6,Vertebrates
GO:0070661,leukocyte proliferation,9/155,350/18870,0.002463583651338982,0.015627189941722606,0.010007242700072468,CLU/LGALS9/AHR/BMP4/CASP3/PLA2G2A/SOX11/SYK/TYK2,9,Vertebrates
GO:0043254,regulation of protein-containing complex assembly,10/155,419/18870,0.002470283433014423,0.015627189941722606,0.010007242700072468,CLU/CRYAB/TGFB1/BIN1/GSN/PFN1/SYK/DRG1/SLIT2/EP300,10,Vertebrates
GO:0006221,pyrimidine nucleotide biosynthetic process,3/155,33/18870,0.002475325125668855,0.015627189941722606,0.010007242700072468,NME3/NME1/NME2,3,Vertebrates
GO:0030511,positive regulation of transforming growth factor beta receptor signaling pathway,3/155,33/18870,0.002475325125668855,0.015627189941722606,0.010007242700072468,SMAD4/THBS1/EP300,3,Vertebrates
GO:0034390,smooth muscle cell apoptotic process,3/155,33/18870,0.002475325125668855,0.015627189941722606,0.010007242700072468,MAP2K4/PDCD4/CDKN2A,3,Vertebrates
GO:0035115,embryonic forelimb morphogenesis,3/155,33/18870,0.002475325125668855,0.015627189941722606,0.010007242700072468,TWIST1/TP63/RECK,3,Vertebrates
GO:0061436,establishment of skin barrier,3/155,33/18870,0.002475325125668855,0.015627189941722606,0.010007242700072468,CLDN1/TP63/KLF4,3,Vertebrates
GO:1903846,positive regulation of cellular response to transforming growth factor beta stimulus,3/155,33/18870,0.002475325125668855,0.015627189941722606,0.010007242700072468,SMAD4/THBS1/EP300,3,Vertebrates
GO:1905207,regulation of cardiocyte differentiation,3/155,33/18870,0.002475325125668855,0.015627189941722606,0.010007242700072468,TGFB1/BMP4/SMAD4,3,Vertebrates
GO:0061448,connective tissue development,8/155,285/18870,0.002495846082428868,0.015727936830223596,0.01007175836592579,CD44/TIMP1/TGFB1/BMP4/PKD1/RUNX3/RASAL2/GATA3,8,Vertebrates
GO:1901224,positive regulation of non-canonical NF-kappaB signal transduction,4/155,69/18870,0.0025016640583794096,0.015735832133638366,0.010076814311220941,LGALS9/PDCD4/APP/EP300,4,Vertebrates
GO:0032922,circadian regulation of gene expression,4/155,70/18870,0.0026365542131413146,0.016524004313996567,0.010581539109966197,NGFR/AHR/BHLHE41/MAGED1,4,Vertebrates
GO:0051148,negative regulation of muscle cell differentiation,4/155,70/18870,0.0026365542131413146,0.016524004313996567,0.010581539109966197,BHLHE41/SMAD4/PDCD4/FOXO4,4,Vertebrates
GO:0010661,positive regulation of muscle cell apoptotic process,3/155,34/18870,0.0026986517669066925,0.016831590411503273,0.010778509182026283,SMAD4/PDCD4/CDKN2A,3,Vertebrates
GO:0090183,regulation of kidney development,3/155,34/18870,0.0026986517669066925,0.016831590411503273,0.010778509182026283,BMP4/MAGED1/GATA3,3,Vertebrates
GO:0015908,fatty acid transport,5/155,116/18870,0.002705164226275838,0.016831590411503273,0.010778509182026283,PLA2G2A/THBS1/NTSR1/SYK/NOS2,5,Vertebrates
GO:0046634,regulation of alpha-beta T cell activation,5/155,116/18870,0.002705164226275838,0.016831590411503273,0.010778509182026283,LGALS9/RUNX3/GATA3/SYK/TYK2,5,Vertebrates
GO:0003208,cardiac ventricle morphogenesis,4/155,71/18870,0.0027763522877132765,0.017184110709674807,0.011004253938035537,ENG/TGFB1/SMAD4/GATA3,4,Vertebrates
GO:1903317,regulation of protein maturation,4/155,71/18870,0.0027763522877132765,0.017184110709674807,0.011004253938035537,GAS1/THBS1/RASAL2/GSN,4,Vertebrates
GO:0051962,positive regulation of nervous system development,8/155,290/18870,0.0027767768103536023,0.017184110709674807,0.011004253938035537,SERPINF1/TGFB1/ITGB1/SOX11/BIN1/DICER1/EPHB3/SLIT2,8,Vertebrates
GO:0009314,response to radiation,10/155,428/18870,0.002876975519268495,0.017688303907157345,0.01132712604196142,CRYAB/TIMP1/SFRP1/CASP3/TRPM1/ITGB1/APP/GATA3/RRM1/EP300,10,Vertebrates
GO:0003253,cardiac neural crest cell migration involved in outflow tract morphogenesis,2/155,10/18870,0.0028890383231011275,0.017688303907157345,0.01132712604196142,TWIST1/BMP4,2,Vertebrates
GO:0032275,luteinizing hormone secretion,2/155,10/18870,0.0028890383231011275,0.017688303907157345,0.01132712604196142,KISS1/SMAD4,2,Vertebrates
GO:0035907,dorsal aorta development,2/155,10/18870,0.0028890383231011275,0.017688303907157345,0.01132712604196142,NGFR/ENG,2,Vertebrates
GO:0062042,regulation of cardiac epithelial to mesenchymal transition,2/155,10/18870,0.0028890383231011275,0.017688303907157345,0.01132712604196142,ENG/TWIST1,2,Vertebrates
GO:2000271,positive regulation of fibroblast apoptotic process,2/155,10/18870,0.0028890383231011275,0.017688303907157345,0.01132712604196142,TP63/SFRP1,2,Vertebrates
GO:0051897,positive regulation of phosphatidylinositol 3-kinase/protein kinase B signal transduction,6/155,171/18870,0.0029162284077725933,0.017712035334412894,0.011342323025747437,ENG/TGFB1/THBS1/ITGB1/HGF/GATA3,6,Vertebrates
GO:0006801,superoxide metabolic process,4/155,72/18870,0.002921145478463304,0.017712035334412894,0.011342323025747437,TGFB1/GNAI2/SYK/NOS2,4,Vertebrates
GO:0042130,negative regulation of T cell proliferation,4/155,72/18870,0.002921145478463304,0.017712035334412894,0.011342323025747437,LGALS9/BMP4/CASP3/PLA2G2A,4,Vertebrates
GO:0046635,positive regulation of alpha-beta T cell activation,4/155,72/18870,0.002921145478463304,0.017712035334412894,0.011342323025747437,LGALS9/RUNX3/SYK/TYK2,4,Vertebrates
GO:1904888,cranial skeletal system development,4/155,72/18870,0.002921145478463304,0.017712035334412894,0.011342323025747437,TWIST1/TP63/BMP4/PAX5,4,Vertebrates
GO:0032633,interleukin-4 production,3/155,35/18870,0.0029340215189874565,0.017712035334412894,0.011342323025747437,LGALS9/GATA3/SYK,3,Vertebrates
GO:0032673,regulation of interleukin-4 production,3/155,35/18870,0.0029340215189874565,0.017712035334412894,0.011342323025747437,LGALS9/GATA3/SYK,3,Vertebrates
GO:0110110,positive regulation of animal organ morphogenesis,3/155,35/18870,0.0029340215189874565,0.017712035334412894,0.011342323025747437,NGFR/BMP4/GATA3,3,Vertebrates
GO:0048705,skeletal system morphogenesis,7/155,230/18870,0.002956252389411179,0.01778394762007039,0.011388373767971421,TWIST1/SKI/BMP4/SFRP1/PKD1/PAX5/SOX11,7,Vertebrates
GO:0051403,stress-activated MAPK cascade,7/155,230/18870,0.002956252389411179,0.01778394762007039,0.011388373767971421,CRYAB/LGALS9/BMP4/MAP2K4/HGF/PDCD4/APP,7,Vertebrates
GO:0031644,regulation of nervous system process,5/155,119/18870,0.0030206717903939165,0.018139818225588553,0.011616263972961751,NTSR1/ITGA2/APP/DICER1/PTEN,5,Vertebrates
GO:0002067,glandular epithelial cell differentiation,4/155,73/18870,0.0030710203658703347,0.01841009948026964,0.01178934500179422,SPDEF/TP63/BMP4/KLF4,4,Vertebrates
GO:1905332,positive regulation of morphogenesis of an epithelium,3/155,36/18870,0.0031816415328790168,0.019040136048322866,0.012192803900671234,BMP4/MAGED1/GATA3,3,Vertebrates
GO:0045669,positive regulation of osteoblast differentiation,4/155,74/18870,0.0032260628893681365,0.019239167438844233,0.01232025838463847,TP63/BMP4/HGF/SOX11,4,Vertebrates
GO:0046637,regulation of alpha-beta T cell differentiation,4/155,74/18870,0.0032260628893681365,0.019239167438844233,0.01232025838463847,LGALS9/RUNX3/GATA3/SYK,4,Vertebrates
GO:0010634,positive regulation of epithelial cell migration,6/155,176/18870,0.0033616945636054767,0.019978898553013928,0.01279396279470179,TGFB1/THBS1/ITGA2/PLG/PFN1/GATA3,6,Vertebrates
GO:0043409,negative regulation of MAPK cascade,6/155,176/18870,0.0033616945636054767,0.019978898553013928,0.01279396279470179,TIMP3/SMAD4/NDRG2/PDCD4/PEBP1/PTEN,6,Vertebrates
GO:0001707,mesoderm formation,4/155,75/18870,0.0033863583230277065,0.02005631810906616,0.012843540248488156,BMP4/ITGA2/ITGB1/KLF4,4,Vertebrates
GO:0061045,negative regulation of wound healing,4/155,75/18870,0.0033863583230277065,0.02005631810906616,0.012843540248488156,THBS1/CD9/PLG/PTEN,4,Vertebrates
GO:0044319,"wound healing, spreading of cells",3/155,37/18870,0.0034417114558325046,0.020279622885905374,0.012986538772614959,CD44/ITGB1/PTEN,3,Vertebrates
GO:0048730,epidermis morphogenesis,3/155,37/18870,0.0034417114558325046,0.020279622885905374,0.012986538772614959,NGFR/TP63/KLF4,3,Vertebrates
GO:0090505,epiboly involved in wound healing,3/155,37/18870,0.0034417114558325046,0.020279622885905374,0.012986538772614959,CD44/ITGB1/PTEN,3,Vertebrates
GO:0032000,positive regulation of fatty acid beta-oxidation,2/155,11/18870,0.003512056235058913,0.020346315701257264,0.013029247102907635,IRS1/TWIST1,2,Vertebrates
GO:0032276,regulation of gonadotropin secretion,2/155,11/18870,0.003512056235058913,0.020346315701257264,0.013029247102907635,KISS1/SMAD4,2,Vertebrates
GO:0051709,regulation of killing of cells of another organism,2/155,11/18870,0.003512056235058913,0.020346315701257264,0.013029247102907635,SYK/NOS2,2,Vertebrates
GO:0060433,bronchus development,2/155,11/18870,0.003512056235058913,0.020346315701257264,0.013029247102907635,SPDEF/BMP4,2,Vertebrates
GO:0060601,lateral sprouting from an epithelium,2/155,11/18870,0.003512056235058913,0.020346315701257264,0.013029247102907635,TP63/BMP4,2,Vertebrates
GO:0060900,embryonic camera-type eye formation,2/155,11/18870,0.003512056235058913,0.020346315701257264,0.013029247102907635,TWIST1/SOX11,2,Vertebrates
GO:0061140,lung secretory cell differentiation,2/155,11/18870,0.003512056235058913,0.020346315701257264,0.013029247102907635,SPDEF/NKX2-1,2,Vertebrates
GO:0071481,cellular response to X-ray,2/155,11/18870,0.003512056235058913,0.020346315701257264,0.013029247102907635,SFRP1/GATA3,2,Vertebrates
GO:2000343,positive regulation of chemokine (C-X-C motif) ligand 2 production,2/155,11/18870,0.003512056235058913,0.020346315701257264,0.013029247102907635,TGFB1/POSTN,2,Vertebrates
GO:2000727,positive regulation of cardiac muscle cell differentiation,2/155,11/18870,0.003512056235058913,0.020346315701257264,0.013029247102907635,TGFB1/BMP4,2,Vertebrates
GO:0051145,smooth muscle cell differentiation,4/155,76/18870,0.003551991252061853,0.020474437869326432,0.013111293180027649,ENG/BMP4/PDCD4/FOXO4,4,Vertebrates
GO:0086001,cardiac muscle cell action potential,4/155,76/18870,0.003551991252061853,0.020474437869326432,0.013111293180027649,CXADR/BIN1/DMD/JUP,4,Vertebrates
GO:2000242,negative regulation of reproductive process,4/155,76/18870,0.003551991252061853,0.020474437869326432,0.013111293180027649,TIMP1/SERPINF1/BMP4/ARHGDIB,4,Vertebrates
GO:0032535,regulation of cellular component size,9/155,370/18870,0.0035593858673353997,0.02048280982421556,0.01311665436042937,DCC/SEMA3F/CDH1/BIN1/GSN/PFN1/LIMA1/SLIT2/PTEN,9,Vertebrates
GO:0031098,stress-activated protein kinase signaling cascade,7/155,238/18870,0.003569067352224538,0.020504291938529973,0.013130410943183958,CRYAB/LGALS9/BMP4/MAP2K4/HGF/PDCD4/APP,7,Vertebrates
GO:0002761,regulation of myeloid leukocyte differentiation,5/155,124/18870,0.0036043250093870274,0.02067239319027801,0.013238058577256498,GPR68/TGFB1/SFRP1/CASP8/KLF10,5,Vertebrates
GO:0014912,negative regulation of smooth muscle cell migration,3/155,38/18870,0.0037144235653297835,0.021072804616288486,0.01349447155584779,IGFBP3/BMP4/SLIT2,3,Vertebrates
GO:0035633,maintenance of blood-brain barrier,3/155,38/18870,0.0037144235653297835,0.021072804616288486,0.01349447155584779,CLDN1/ITGB1/DMD,3,Vertebrates
GO:0071392,cellular response to estradiol stimulus,3/155,38/18870,0.0037144235653297835,0.021072804616288486,0.01349447155584779,ESR1/SFRP1/ITGA2,3,Vertebrates
GO:0090504,epiboly,3/155,38/18870,0.0037144235653297835,0.021072804616288486,0.01349447155584779,CD44/ITGB1/PTEN,3,Vertebrates
GO:0032890,regulation of organic acid transport,4/155,77/18870,0.0037230455501362602,0.021072804616288486,0.01349447155584779,THBS1/NTSR1/ITGB1/SYK,4,Vertebrates
GO:0048332,mesoderm morphogenesis,4/155,77/18870,0.0037230455501362602,0.021072804616288486,0.01349447155584779,BMP4/ITGA2/ITGB1/KLF4,4,Vertebrates
GO:0070373,negative regulation of ERK1 and ERK2 cascade,4/155,77/18870,0.0037230455501362602,0.021072804616288486,0.01349447155584779,TIMP3/SMAD4/NDRG2/PTEN,4,Vertebrates
GO:1903036,positive regulation of response to wounding,4/155,77/18870,0.0037230455501362602,0.021072804616288486,0.01349447155584779,CLDN1/THBS1/ITGB1/PLG,4,Vertebrates
GO:0021953,central nervous system neuron differentiation,6/155,181/18870,0.003856020907154828,0.02171847069765146,0.01390793918524884,NKX2-1/DCC/LMX1A/EPHB3/SLIT2/PTEN,6,Vertebrates
GO:0071478,cellular response to radiation,6/155,181/18870,0.003856020907154828,0.02171847069765146,0.01390793918524884,CRYAB/TIMP1/SFRP1/TRPM1/GATA3/EP300,6,Vertebrates
GO:1905475,regulation of protein localization to membrane,6/155,181/18870,0.003856020907154828,0.02171847069765146,0.01390793918524884,TGFB1/GPC5/GPC3/ITGB1/GSN/ZDHHC2,6,Vertebrates
GO:0050769,positive regulation of neurogenesis,7/155,242/18870,0.003909595475104751,0.021984299514985442,0.01407816898994533,SERPINF1/TGFB1/ITGB1/SOX11/BIN1/DICER1/SLIT2,7,Vertebrates
GO:0046651,lymphocyte proliferation,8/155,307/18870,0.003920837395111662,0.022011606679071496,0.01409565578184323,LGALS9/AHR/BMP4/CASP3/PLA2G2A/SOX11/SYK/TYK2,8,Vertebrates
GO:0042129,regulation of T cell proliferation,6/155,182/18870,0.003961025647943838,0.022201065704816926,0.014216980374391494,LGALS9/BMP4/CASP3/PLA2G2A/SYK/TYK2,6,Vertebrates
GO:0014037,Schwann cell differentiation,3/155,39/18870,0.003999962901161143,0.02234663228574143,0.014310197396118602,SKI/NDRG1/DICER1,3,Vertebrates
GO:0044060,regulation of endocrine process,3/155,39/18870,0.003999962901161143,0.02234663228574143,0.014310197396118602,KISS1/SMAD4/KDM5B,3,Vertebrates
GO:0019827,stem cell population maintenance,6/155,183/18870,0.004068135768425608,0.02265406137926183,0.01450706692694244,SKI/TP63/SFRP1/BRMS1/KLF10/KLF4,6,Vertebrates
GO:2000045,regulation of G1/S transition of mitotic cell cycle,6/155,183/18870,0.004068135768425608,0.02265406137926183,0.01450706692694244,MTBP/PKD1/RRM1/CDKN2A/KLF4/PTEN,6,Vertebrates
GO:0001704,formation of primary germ layer,5/155,128/18870,0.004126353368509305,0.02286742775120832,0.014643701157156904,BMP4/ITGA2/ITGB1/MMP8/KLF4,5,Vertebrates
GO:0010927,cellular component assembly involved in morphogenesis,5/155,128/18870,0.004126353368509305,0.02286742775120832,0.014643701157156904,SMAD4/EPB41L3/CD9/ITGB1/DICER1,5,Vertebrates
GO:0098773,skin epidermis development,5/155,128/18870,0.004126353368509305,0.02286742775120832,0.014643701157156904,NGFR/CLDN1/TP63/SMAD4/KLF4,5,Vertebrates
GO:0051495,positive regulation of cytoskeleton organization,6/155,184/18870,0.004177376572333893,0.022935222107137825,0.014687114885153533,MTSS1/SFRP1/BIN1/GSN/PFN1/DRG1,6,Vertebrates
GO:0010936,negative regulation of macrophage cytokine production,2/155,12/18870,0.004191816050912918,0.022935222107137825,0.014687114885153533,TWIST1/TGFB1,2,Vertebrates
GO:0014004,microglia differentiation,2/155,12/18870,0.004191816050912918,0.022935222107137825,0.014687114885153533,TGFB1/APP,2,Vertebrates
GO:0042487,regulation of odontogenesis of dentin-containing tooth,2/155,12/18870,0.004191816050912918,0.022935222107137825,0.014687114885153533,NGFR/BMP4,2,Vertebrates
GO:0043589,skin morphogenesis,2/155,12/18870,0.004191816050912918,0.022935222107137825,0.014687114885153533,TP63/ITGA2,2,Vertebrates
GO:0061309,cardiac neural crest cell development involved in outflow tract morphogenesis,2/155,12/18870,0.004191816050912918,0.022935222107137825,0.014687114885153533,TWIST1/BMP4,2,Vertebrates
GO:0098911,regulation of ventricular cardiac muscle cell action potential,2/155,12/18870,0.004191816050912918,0.022935222107137825,0.014687114885153533,BIN1/JUP,2,Vertebrates
GO:2001267,regulation of cysteine-type endopeptidase activity involved in apoptotic signaling pathway,2/155,12/18870,0.004191816050912918,0.022935222107137825,0.014687114885153533,LGALS9/GSN,2,Vertebrates
GO:0043537,negative regulation of blood vessel endothelial cell migration,4/155,80/18870,0.0042695642675988485,0.02332359434296867,0.014935818282016492,TGFB1/THBS1/KLF4/JUP,4,Vertebrates
GO:0045766,positive regulation of angiogenesis,6/155,185/18870,0.0042887733901638605,0.02333378739027723,0.01494234564225531,ENG/TWIST1/THBS1/ITGB1/KLF4/JUP,6,Vertebrates
GO:1904018,positive regulation of vasculature development,6/155,185/18870,0.0042887733901638605,0.02333378739027723,0.01494234564225531,ENG/TWIST1/THBS1/ITGB1/KLF4/JUP,6,Vertebrates
GO:0010742,macrophage derived foam cell differentiation,3/155,40/18870,0.004298507395655945,0.02333378739027723,0.01494234564225531,TGFB1/PLA2G2A/EP300,3,Vertebrates
GO:0032570,response to progesterone,3/155,40/18870,0.004298507395655945,0.02333378739027723,0.01494234564225531,TGFB1/THBS1/TXNIP,3,Vertebrates
GO:0050864,regulation of B cell activation,5/155,130/18870,0.004406673444469987,0.023883338621207617,0.015294263841531883,AHR/TGFB1/SFRP1/CASP3/SYK,5,Vertebrates
GO:0032943,mononuclear cell proliferation,8/155,314/18870,0.0044859569040428355,0.024274871975252202,0.015544991535615676,LGALS9/AHR/BMP4/CASP3/PLA2G2A/SOX11/SYK/TYK2,8,Vertebrates
GO:0098727,maintenance of cell number,6/155,187/18870,0.004518136503289744,0.024410684211347566,0.015631962130669187,SKI/TP63/SFRP1/BRMS1/KLF10/KLF4,6,Vertebrates
GO:0002703,regulation of leukocyte mediated immunity,7/155,249/18870,0.004564266042362452,0.024621322453870696,0.01576684933833138,CADM1/LGALS9/AHR/TGFB1/GATA3/SYK/NOS2,7,Vertebrates
GO:0003203,endocardial cushion morphogenesis,3/155,41/18870,0.004610228002088778,0.024714550424883387,0.015826550086568174,ENG/TWIST1/SMAD4,3,Vertebrates
GO:0035136,forelimb morphogenesis,3/155,41/18870,0.004610228002088778,0.024714550424883387,0.015826550086568174,TWIST1/TP63/RECK,3,Vertebrates
GO:0042554,superoxide anion generation,3/155,41/18870,0.004610228002088778,0.024714550424883387,0.015826550086568174,TGFB1/GNAI2/SYK,3,Vertebrates
GO:0090077,foam cell differentiation,3/155,41/18870,0.004610228002088778,0.024714550424883387,0.015826550086568174,TGFB1/PLA2G2A/EP300,3,Vertebrates
GO:0006109,regulation of carbohydrate metabolic process,6/155,188/18870,0.004636153563265366,0.024776467182287935,0.015866199954577682,IGFBP3/IRS1/TGFB1/NTSR1/APP/EP300,6,Vertebrates
GO:0044000,movement in host,6/155,188/18870,0.004636153563265366,0.024776467182287935,0.015866199954577682,CLDN1/CXADR/LGALS9/ITGA2/ITGB1/GSN,6,Vertebrates
GO:0150076,neuroinflammatory response,4/155,82/18870,0.004662520651510268,0.024878806015102003,0.01593173505982896,CLU/ITGB1/APP/MMP8,4,Vertebrates
GO:0050890,cognition,8/155,317/18870,0.004746513730299578,0.025287840538396666,0.016193670043826918,SERPINF1/CASP3/NTSR1/ITGB1/APP/LMX1A/EP300/PTEN,8,Vertebrates
GO:0048593,camera-type eye morphogenesis,5/155,133/18870,0.004852238606760338,0.02569779541837581,0.016456194400114234,TWIST1/SKI/BMP4/THRB/SOX11,5,Vertebrates
GO:0050868,negative regulation of T cell activation,5/155,133/18870,0.004852238606760338,0.02569779541837581,0.016456194400114234,LGALS9/BMP4/CASP3/PLA2G2A/RUNX3,5,Vertebrates
GO:0007492,endoderm development,4/155,83/18870,0.00486782200140597,0.02569779541837581,0.016456194400114234,BMP4/NKX2-1/SMAD4/MMP8,4,Vertebrates
GO:0035023,regulation of Rho protein signal transduction,4/155,83/18870,0.00486782200140597,0.02569779541837581,0.016456194400114234,DLC1/ITGB1/ARHGDIB/ARHGDIA,4,Vertebrates
GO:0000082,G1/S transition of mitotic cell cycle,7/155,252/18870,0.00486889516145101,0.02569779541837581,0.016456194400114234,MTBP/PKD1/ITGB1/RRM1/CDKN2A/KLF4/PTEN,7,Vertebrates
GO:0036302,atrioventricular canal development,2/155,13/18870,0.00492735577008968,0.02569779541837581,0.016456194400114234,ENG/SMAD4,2,Vertebrates
GO:0051918,negative regulation of fibrinolysis,2/155,13/18870,0.00492735577008968,0.02569779541837581,0.016456194400114234,THBS1/PLG,2,Vertebrates
GO:0061029,eyelid development in camera-type eye,2/155,13/18870,0.00492735577008968,0.02569779541837581,0.016456194400114234,TWIST1/SOX11,2,Vertebrates
GO:0070278,extracellular matrix constituent secretion,2/155,13/18870,0.00492735577008968,0.02569779541837581,0.016456194400114234,ENG/CREB3L1,2,Vertebrates
GO:1903909,regulation of receptor clustering,2/155,13/18870,0.00492735577008968,0.02569779541837581,0.016456194400114234,GSN/ZDHHC2,2,Vertebrates
GO:1905907,negative regulation of amyloid fibril formation,2/155,13/18870,0.00492735577008968,0.02569779541837581,0.016456194400114234,CLU/CRYAB,2,Vertebrates
GO:0001709,cell fate determination,3/155,42/18870,0.004935288821283663,0.02569779541837581,0.016456194400114234,BMP4/GATA3/KLF4,3,Vertebrates
GO:0021983,pituitary gland development,3/155,42/18870,0.004935288821283663,0.02569779541837581,0.016456194400114234,BMP4/NKX2-1/CDH1,3,Vertebrates
GO:0032733,positive regulation of interleukin-10 production,3/155,42/18870,0.004935288821283663,0.02569779541837581,0.016456194400114234,LGALS9/HGF/SYK,3,Vertebrates
GO:0071634,regulation of transforming growth factor beta production,3/155,42/18870,0.004935288821283663,0.02569779541837581,0.016456194400114234,LGALS9/SMAD4/THBS1,3,Vertebrates
GO:0021543,pallium development,6/155,191/18870,0.0050038516261778744,0.02601550008361257,0.01665964413764389,NKX2-1/CASP3/PAX5/LMX1A/SLIT2/PTEN,6,Vertebrates
GO:0060395,SMAD protein signal transduction,4/155,84/18870,0.00507911016902352,0.026367007157566378,0.016884740051430442,SKI/TGFB1/BMP4/SMAD4,4,Vertebrates
GO:0003015,heart process,7/155,255/18870,0.0051886143031648355,0.026894967673698027,0.01722283212304972,CXADR/THRB/BIN1/GNAI2/GSN/DMD/JUP,7,Vertebrates
GO:0032735,positive regulation of interleukin-12 production,3/155,43/18870,0.005273847226438103,0.027213999086125963,0.017427131474693828,IRF8/LGALS9/SYK,3,Vertebrates
GO:0060443,mammary gland morphogenesis,3/155,43/18870,0.005273847226438103,0.027213999086125963,0.017427131474693828,BMP4/ESR1/KDM5B,3,Vertebrates
GO:0072528,pyrimidine-containing compound biosynthetic process,3/155,43/18870,0.005273847226438103,0.027213999086125963,0.017427131474693828,NME3/NME1/NME2,3,Vertebrates
GO:0072527,pyrimidine-containing compound metabolic process,4/155,85/18870,0.005296462610556974,0.027289845468744228,0.017475701509461056,RRM1/NME3/NME1/NME2,4,Vertebrates
GO:0006935,chemotaxis,10/155,468/18870,0.005377803310385188,0.027667594046116035,0.01771760179399488,CXADR/LGALS9/TGFB1/BMP4/THBS1/SEMA3F/ITGA2/HGF/SYK/SLIT2,10,Vertebrates
GO:0051051,negative regulation of transport,10/155,469/18870,0.0054570831706429665,0.028033629939204625,0.017952001582615583,IRS1/CRYAB/LGALS9/SFRP1/THBS1/PTGER3/NTSR1/BIN1/GNAI2/PTEN,10,Vertebrates
GO:0031647,regulation of protein stability,8/155,325/18870,0.005498347434551433,0.028203576795980338,0.018060831093756825,CLU/CRYAB/CASP3/GSN/PFN1/SENP2/EP300/PTEN,8,Vertebrates
GO:0008543,fibroblast growth factor receptor signaling pathway,4/155,86/18870,0.005519955900234408,0.028230397608468846,0.018078006438843598,NGFR/THBS1/CREB3L1/GATA3,4,Vertebrates
GO:1901379,regulation of potassium ion transmembrane transport,4/155,86/18870,0.005519955900234408,0.028230397608468846,0.018078006438843598,CD63/ITGB1/BIN1/LRRC26,4,Vertebrates
GO:0042330,taxis,10/155,470/18870,0.005537277209889197,0.028277028951834166,0.018107867928479765,CXADR/LGALS9/TGFB1/BMP4/THBS1/SEMA3F/ITGA2/HGF/SYK/SLIT2,10,Vertebrates
GO:0042771,intrinsic apoptotic signaling pathway in response to DNA damage by p53 class mediator,3/155,44/18870,0.005626053986189138,0.02864550678049329,0.018343831468613268,CD44/TP63/EP300,3,Vertebrates
GO:0046640,regulation of alpha-beta T cell proliferation,3/155,44/18870,0.005626053986189138,0.02864550678049329,0.018343831468613268,LGALS9/SYK/TYK2,3,Vertebrates
GO:0009581,detection of external stimulus,5/155,138/18870,0.005664538620745742,0.028756501657894805,0.018414909677860355,NGFR/PKD1/NTSR1/ITGA2/JUP,5,Vertebrates
GO:0010212,response to ionizing radiation,5/155,138/18870,0.005664538620745742,0.028756501657894805,0.018414909677860355,CRYAB/SFRP1/CASP3/GATA3/RRM1,5,Vertebrates
GO:0032736,positive regulation of interleukin-13 production,2/155,14/18870,0.005717725189921698,0.028898825116803657,0.01850604988928199,LGALS9/GATA3,2,Vertebrates
GO:0072160,nephron tubule epithelial cell differentiation,2/155,14/18870,0.005717725189921698,0.028898825116803657,0.01850604988928199,MTSS1/GATA3,2,Vertebrates
GO:0098814,spontaneous synaptic transmission,2/155,14/18870,0.005717725189921698,0.028898825116803657,0.01850604988928199,ITGB1/APP,2,Vertebrates
GO:0035270,endocrine system development,5/155,139/18870,0.005837826842821315,0.029462648795322215,0.018867107789776218,BMP4/NKX2-1/SMAD4/CDH1/GATA3,5,Vertebrates
GO:0031334,positive regulation of protein-containing complex assembly,6/155,198/18870,0.00594468270618814,0.029934214523687965,0.019169086117958763,CLU/TGFB1/BIN1/PFN1/SYK/DRG1,6,Vertebrates
GO:0008038,neuron recognition,3/155,45/18870,0.00599205338594276,0.029934214523687965,0.019169086117958763,CASP3/APP/EPHB3,3,Vertebrates
GO:0018198,peptidyl-cysteine modification,3/155,45/18870,0.00599205338594276,0.029934214523687965,0.019169086117958763,DMD/NOS2/ZDHHC2,3,Vertebrates
GO:0045687,positive regulation of glial cell differentiation,3/155,45/18870,0.00599205338594276,0.029934214523687965,0.019169086117958763,TGFB1/BIN1/DICER1,3,Vertebrates
GO:0048701,embryonic cranial skeleton morphogenesis,3/155,45/18870,0.00599205338594276,0.029934214523687965,0.019169086117958763,TWIST1/BMP4/PAX5,3,Vertebrates
GO:0071604,transforming growth factor beta production,3/155,45/18870,0.00599205338594276,0.029934214523687965,0.019169086117958763,LGALS9/SMAD4/THBS1,3,Vertebrates
GO:0090199,regulation of release of cytochrome c from mitochondria,3/155,45/18870,0.00599205338594276,0.029934214523687965,0.019169086117958763,CLU/TNFSF10/HGF,3,Vertebrates
GO:1903829,positive regulation of protein localization,10/155,476/18870,0.006038039755730297,0.03012029383213073,0.019288246428161224,NGFR/GPR68/TGFB1/BMP4/CDH1/ITGB1/TYK2/ZDHHC2/EP300/JUP,10,Vertebrates
GO:0009582,detection of abiotic stimulus,5/155,141/18870,0.0061955611086932086,0.030861414944603312,0.019762840956692517,NGFR/PKD1/NTSR1/ITGA2/JUP,5,Vertebrates
GO:0021954,central nervous system neuron development,4/155,89/18870,0.006228033051038698,0.030927352684322427,0.01980506575634774,DCC/EPHB3/SLIT2/PTEN,4,Vertebrates
GO:0048145,regulation of fibroblast proliferation,4/155,89/18870,0.006228033051038698,0.030927352684322427,0.01980506575634774,NGFR/SKI/ESR1/SFRP1,4,Vertebrates
GO:0007416,synapse assembly,6/155,200/18870,0.006235715148129993,0.030927352684322427,0.01980506575634774,LZTS1/CDH1/APP/EPHB3/ZDHHC2/PTEN,6,Vertebrates
GO:0071216,cellular response to biotic stimulus,7/155,265/18870,0.0063692157226950975,0.031503015291758675,0.020173704996508925,IRF8/AHR/PDCD4/MMP8/TXNIP/SYK/NOS2,7,Vertebrates
GO:1901861,regulation of muscle tissue development,3/155,46/18870,0.006371983347488182,0.031503015291758675,0.020173704996508925,TWIST1/TGFB1/BMP4,3,Vertebrates
GO:0001889,liver development,5/155,142/18870,0.006380088799637324,0.031503015291758675,0.020173704996508925,CLDN1/CADM1/PKD1/ITGA2/HGF,5,Vertebrates
GO:0031349,positive regulation of defense response,10/155,480/18870,0.006391074970036848,0.031503015291758675,0.020173704996508925,CADM1/TGFB1/ESR1/PLA2G2A/PTGER3/PDCD4/APP/MMP8/SYK/EP300,10,Vertebrates
GO:0010657,muscle cell apoptotic process,4/155,90/18870,0.006476837309082819,0.031503015291758675,0.020173704996508925,SMAD4/MAP2K4/PDCD4/CDKN2A,4,Vertebrates
GO:0051262,protein tetramerization,4/155,90/18870,0.006476837309082819,0.031503015291758675,0.020173704996508925,TP63/TRPM1/PKD1/RRM1,4,Vertebrates
GO:0003198,epithelial to mesenchymal transition involved in endocardial cushion formation,2/155,15/18870,0.0065619857787881436,0.031503015291758675,0.020173704996508925,ENG/SMAD4,2,Vertebrates
GO:0033599,regulation of mammary gland epithelial cell proliferation,2/155,15/18870,0.0065619857787881436,0.031503015291758675,0.020173704996508925,GATA3/KDM5B,2,Vertebrates
GO:0036446,myofibroblast differentiation,2/155,15/18870,0.0065619857787881436,0.031503015291758675,0.020173704996508925,TGFB1/PDCD4,2,Vertebrates
GO:0038065,collagen-activated signaling pathway,2/155,15/18870,0.0065619857787881436,0.031503015291758675,0.020173704996508925,ITGA2/SYK,2,Vertebrates
GO:0043518,"negative regulation of DNA damage response, signal transduction by p53 class mediator",2/155,15/18870,0.0065619857787881436,0.031503015291758675,0.020173704996508925,CD44/TWIST1,2,Vertebrates
GO:0046007,negative regulation of activated T cell proliferation,2/155,15/18870,0.0065619857787881436,0.031503015291758675,0.020173704996508925,LGALS9/CASP3,2,Vertebrates
GO:0046321,positive regulation of fatty acid oxidation,2/155,15/18870,0.0065619857787881436,0.031503015291758675,0.020173704996508925,IRS1/TWIST1,2,Vertebrates
GO:0051290,protein heterotetramerization,2/155,15/18870,0.0065619857787881436,0.031503015291758675,0.020173704996508925,PKD1/RRM1,2,Vertebrates
GO:0060148,positive regulation of post-transcriptional gene silencing,2/155,15/18870,0.0065619857787881436,0.031503015291758675,0.020173704996508925,TGFB1/BMP4,2,Vertebrates
GO:0060572,morphogenesis of an epithelial bud,2/155,15/18870,0.0065619857787881436,0.031503015291758675,0.020173704996508925,TP63/BMP4,2,Vertebrates
GO:0061307,cardiac neural crest cell differentiation involved in heart development,2/155,15/18870,0.0065619857787881436,0.031503015291758675,0.020173704996508925,TWIST1/BMP4,2,Vertebrates
GO:0061308,cardiac neural crest cell development involved in heart development,2/155,15/18870,0.0065619857787881436,0.031503015291758675,0.020173704996508925,TWIST1/BMP4,2,Vertebrates
GO:1900370,positive regulation of post-transcriptional gene silencing by RNA,2/155,15/18870,0.0065619857787881436,0.031503015291758675,0.020173704996508925,TGFB1/BMP4,2,Vertebrates
GO:1901722,regulation of cell proliferation involved in kidney development,2/155,15/18870,0.0065619857787881436,0.031503015291758675,0.020173704996508925,BMP4/GATA3,2,Vertebrates
GO:1902563,regulation of neutrophil activation,2/155,15/18870,0.0065619857787881436,0.031503015291758675,0.020173704996508925,PLA2G2A/SYK,2,Vertebrates
GO:2000052,positive regulation of non-canonical Wnt signaling pathway,2/155,15/18870,0.0065619857787881436,0.031503015291758675,0.020173704996508925,GPC3/SFRP1,2,Vertebrates
GO:2000637,positive regulation of miRNA-mediated gene silencing,2/155,15/18870,0.0065619857787881436,0.031503015291758675,0.020173704996508925,TGFB1/BMP4,2,Vertebrates
GO:0045785,positive regulation of cell adhesion,10/155,482/18870,0.006573524910900133,0.031514520678543476,0.020181072744539317,CD44/OLFM4/LGALS9/SFRP1/RUNX3/ITGA2/GATA3/SYK/TYK2/JUP,10,Vertebrates
GO:0032386,regulation of intracellular transport,8/155,336/18870,0.006676830674764155,0.03196532685543339,0.020469757200263793,GAS1/CRYAB/TGFB1/BMP4/CDH1/ZDHHC2/EP300/JUP,8,Vertebrates
GO:0030901,midbrain development,4/155,91/18870,0.006732151538624749,0.0321244045595401,0.020571626391020593,SFRP1/CASP5/NDRG2/LMX1A,4,Vertebrates
GO:0023061,signal release,10/155,484/18870,0.006760007800129895,0.0321244045595401,0.020571626391020593,KISS1/GPR68/IRS1/SFRP1/SMAD4/SOX11/GATA3/KDM5B/SYK/NOS2,10,Vertebrates
GO:0035196,miRNA processing,3/155,47/18870,0.0067659755469179315,0.0321244045595401,0.020571626391020593,TGFB1/BMP4/DICER1,3,Vertebrates
GO:0046633,alpha-beta T cell proliferation,3/155,47/18870,0.0067659755469179315,0.0321244045595401,0.020571626391020593,LGALS9/SYK/TYK2,3,Vertebrates
GO:0048806,genitalia development,3/155,47/18870,0.0067659755469179315,0.0321244045595401,0.020571626391020593,TP63/ESR1/PKD1,3,Vertebrates
GO:0055010,ventricular cardiac muscle tissue morphogenesis,3/155,47/18870,0.0067659755469179315,0.0321244045595401,0.020571626391020593,ENG/TGFB1/SMAD4,3,Vertebrates
GO:0050921,positive regulation of chemotaxis,5/155,145/18870,0.006956800110831692,0.032939684041259396,0.021093709994815007,LGALS9/TGFB1/THBS1/ITGA2/SLIT2,5,Vertebrates
GO:0061008,hepaticobiliary system development,5/155,145/18870,0.006956800110831692,0.032939684041259396,0.021093709994815007,CLDN1/CADM1/PKD1/ITGA2/HGF,5,Vertebrates
GO:0050886,endocrine process,4/155,92/18870,0.006994046719883499,0.03307061597179481,0.021177555370147566,KISS1/SMAD4/GATA3/KDM5B,4,Vertebrates
GO:0030195,negative regulation of blood coagulation,3/155,48/18870,0.007174155530874912,0.033829431073769935,0.02166348066562703,THBS1/CD9/PLG,3,Vertebrates
GO:1902003,regulation of amyloid-beta formation,3/155,48/18870,0.007174155530874912,0.033829431073769935,0.02166348066562703,CLU/CASP3/BIN1,3,Vertebrates
GO:0007265,Ras protein signal transduction,8/155,341/18870,0.007271827554474664,0.03424315516430897,0.021928418725529728,NGFR/DLC1/ITGB1/RHOBTB2/CDKN2A/FBXO8/ARHGDIB/ARHGDIA,8,Vertebrates
GO:0051347,positive regulation of transferase activity,9/155,414/18870,0.007306890279753737,0.03428253169020121,0.021953634420274513,TNFRSF10A/TNFRSF10B/CLU/IRS1/TGFB1/THBS1/PKD1/KLF4/PTEN,9,Vertebrates
GO:2000241,regulation of reproductive process,6/155,207/18870,0.0073363633455082195,0.03428253169020121,0.021953634420274513,TIMP1/SERPINF1/BMP4/ESR1/SFRP1/ARHGDIB,6,Vertebrates
GO:0062013,positive regulation of small molecule metabolic process,5/155,147/18870,0.007360948914362267,0.03428253169020121,0.021953634420274513,IRS1/TWIST1/NTSR1/APP/NOS2,5,Vertebrates
GO:2000377,regulation of reactive oxygen species metabolic process,5/155,147/18870,0.007360948914362267,0.03428253169020121,0.021953634420274513,CRYAB/TGFB1/THBS1/GNAI2/SYK,5,Vertebrates
GO:0007264,small GTPase mediated signal transduction,10/155,491/18870,0.007445309041495185,0.03428253169020121,0.021953634420274513,NGFR/DLC1/ITGB1/RND3/RHOBTB2/SLIT2/CDKN2A/FBXO8/ARHGDIB/ARHGDIA,10,Vertebrates
GO:0003188,heart valve formation,2/155,16/18870,0.007459210550522456,0.03428253169020121,0.021953634420274513,TWIST1/SMAD4,2,Vertebrates
GO:0006474,N-terminal protein amino acid acetylation,2/155,16/18870,0.007459210550522456,0.03428253169020121,0.021953634420274513,NAA10/EP300,2,Vertebrates
GO:0007250,activation of NF-kappaB-inducing kinase activity,2/155,16/18870,0.007459210550522456,0.03428253169020121,0.021953634420274513,TNFRSF10A/TNFRSF10B,2,Vertebrates
GO:0017014,protein nitrosylation,2/155,16/18870,0.007459210550522456,0.03428253169020121,0.021953634420274513,DMD/NOS2,2,Vertebrates
GO:0018119,peptidyl-cysteine S-nitrosylation,2/155,16/18870,0.007459210550522456,0.03428253169020121,0.021953634420274513,DMD/NOS2,2,Vertebrates
GO:0030214,hyaluronan catabolic process,2/155,16/18870,0.007459210550522456,0.03428253169020121,0.021953634420274513,CD44/TGFB1,2,Vertebrates
GO:0034349,glial cell apoptotic process,2/155,16/18870,0.007459210550522456,0.03428253169020121,0.021953634420274513,AKAP12/CASP3,2,Vertebrates
GO:0034393,positive regulation of smooth muscle cell apoptotic process,2/155,16/18870,0.007459210550522456,0.03428253169020121,0.021953634420274513,PDCD4/CDKN2A,2,Vertebrates
GO:0045651,positive regulation of macrophage differentiation,2/155,16/18870,0.007459210550522456,0.03428253169020121,0.021953634420274513,TGFB1/CASP8,2,Vertebrates
GO:0051770,positive regulation of nitric-oxide synthase biosynthetic process,2/155,16/18870,0.007459210550522456,0.03428253169020121,0.021953634420274513,AKAP12/MAP2K4,2,Vertebrates
GO:1903798,regulation of miRNA processing,2/155,16/18870,0.007459210550522456,0.03428253169020121,0.021953634420274513,TGFB1/BMP4,2,Vertebrates
GO:1904683,regulation of metalloendopeptidase activity,2/155,16/18870,0.007459210550522456,0.03428253169020121,0.021953634420274513,TIMP3/RECK,2,Vertebrates
GO:2000095,"regulation of Wnt signaling pathway, planar cell polarity pathway",2/155,16/18870,0.007459210550522456,0.03428253169020121,0.021953634420274513,GPC3/SFRP1,2,Vertebrates
GO:0009791,post-embryonic development,4/155,94/18870,0.00753785896240055,0.03445477347231917,0.02206393354143292,BMP4/GATA3/KDM5B/KLF4,4,Vertebrates
GO:0021766,hippocampus development,4/155,94/18870,0.00753785896240055,0.03445477347231917,0.02206393354143292,NKX2-1/CASP3/LMX1A/PTEN,4,Vertebrates
GO:0048704,embryonic skeletal system morphogenesis,4/155,94/18870,0.00753785896240055,0.03445477347231917,0.02206393354143292,TWIST1/BMP4/PAX5/SOX11,4,Vertebrates
GO:0001774,microglial cell activation,3/155,49/18870,0.0075966428311466695,0.03445477347231917,0.02206393354143292,CLU/APP/MMP8,3,Vertebrates
GO:0006911,"phagocytosis, engulfment",3/155,49/18870,0.0075966428311466695,0.03445477347231917,0.02206393354143292,THBS1/ITGA2/GSN,3,Vertebrates
GO:0010171,body morphogenesis,3/155,49/18870,0.0075966428311466695,0.03445477347231917,0.02206393354143292,SKI/GPC3/EP300,3,Vertebrates
GO:0014911,positive regulation of smooth muscle cell migration,3/155,49/18870,0.0075966428311466695,0.03445477347231917,0.02206393354143292,ITGA2/POSTN/FOXO4,3,Vertebrates
GO:0031648,protein destabilization,3/155,49/18870,0.0075966428311466695,0.03445477347231917,0.02206393354143292,GSN/SENP2/EP300,3,Vertebrates
GO:0042269,regulation of natural killer cell mediated cytotoxicity,3/155,49/18870,0.0075966428311466695,0.03445477347231917,0.02206393354143292,CADM1/LGALS9/TGFB1,3,Vertebrates
GO:1900047,negative regulation of hemostasis,3/155,49/18870,0.0075966428311466695,0.03445477347231917,0.02206393354143292,THBS1/CD9/PLG,3,Vertebrates
GO:1902806,regulation of cell cycle G1/S phase transition,6/155,209/18870,0.007675103171516792,0.0347648891356352,0.022262523481113097,MTBP/PKD1/RRM1/CDKN2A/KLF4/PTEN,6,Vertebrates
GO:0016525,negative regulation of angiogenesis,5/155,150/18870,0.007997476608579676,0.036177561508889955,0.02316716182924656,SERPINF1/THBS1/CREB3L1/FOXO4/KLF4,5,Vertebrates
GO:0051701,biological process involved in interaction with host,6/155,211/18870,0.008024996118013796,0.03619823603213404,0.023180401251854426,CLDN1/CXADR/LGALS9/ITGA2/ITGB1/GSN,6,Vertebrates
GO:0043114,regulation of vascular permeability,3/155,50/18870,0.00803355107762766,0.03619823603213404,0.023180401251854426,AKAP12/TGFB1/SLIT2,3,Vertebrates
GO:0061082,myeloid leukocyte cytokine production,3/155,50/18870,0.00803355107762766,0.03619823603213404,0.023180401251854426,TWIST1/TGFB1/SYK,3,Vertebrates
GO:0001910,regulation of leukocyte mediated cytotoxicity,4/155,96/18870,0.008108822141535204,0.0363946743774373,0.023306195217652582,CADM1/LGALS9/TGFB1/NOS2,4,Vertebrates
GO:0002042,cell migration involved in sprouting angiogenesis,4/155,96/18870,0.008108822141535204,0.0363946743774373,0.023306195217652582,THBS1/ITGB1/SLIT2/KLF4,4,Vertebrates
GO:0034109,homotypic cell-cell adhesion,4/155,96/18870,0.008108822141535204,0.0363946743774373,0.023306195217652582,CXADR/CD9/SYK/JUP,4,Vertebrates
GO:0045619,regulation of lymphocyte differentiation,6/155,212/18870,0.00820418715427469,0.03677481550167082,0.023549627626465033,LGALS9/BMP4/SFRP1/RUNX3/GATA3/SYK,6,Vertebrates
GO:0044843,cell cycle G1/S phase transition,7/155,279/18870,0.008344801397387094,0.037111452165732736,0.02376520091965296,MTBP/PKD1/ITGB1/RRM1/CDKN2A/KLF4/PTEN,7,Vertebrates
GO:0042098,T cell proliferation,6/155,213/18870,0.008386240918551488,0.037111452165732736,0.02376520091965296,LGALS9/BMP4/CASP3/PLA2G2A/SYK/TYK2,6,Vertebrates
GO:0051153,regulation of striated muscle cell differentiation,4/155,97/18870,0.008404652210842264,0.037111452165732736,0.02376520091965296,TGFB1/BMP4/BHLHE41/SMAD4,4,Vertebrates
GO:0001710,mesodermal cell fate commitment,2/155,17/18870,0.008408483940074636,0.037111452165732736,0.02376520091965296,BMP4/KLF4,2,Vertebrates
GO:0010421,hydrogen peroxide-mediated programmed cell death,2/155,17/18870,0.008408483940074636,0.037111452165732736,0.02376520091965296,MAP2K4/HGF,2,Vertebrates
GO:0032274,gonadotropin secretion,2/155,17/18870,0.008408483940074636,0.037111452165732736,0.02376520091965296,KISS1/SMAD4,2,Vertebrates
GO:0043923,positive regulation by host of viral transcription,2/155,17/18870,0.008408483940074636,0.037111452165732736,0.02376520091965296,EP300/RRP1B,2,Vertebrates
GO:0070920,regulation of regulatory ncRNA processing,2/155,17/18870,0.008408483940074636,0.037111452165732736,0.02376520091965296,TGFB1/BMP4,2,Vertebrates
GO:0098712,L-glutamate import across plasma membrane,2/155,17/18870,0.008408483940074636,0.037111452165732736,0.02376520091965296,NTSR1/ITGB1,2,Vertebrates
GO:1901163,regulation of trophoblast cell migration,2/155,17/18870,0.008408483940074636,0.037111452165732736,0.02376520091965296,TIMP1/ARHGDIB,2,Vertebrates
GO:1904948,midbrain dopaminergic neuron differentiation,2/155,17/18870,0.008408483940074636,0.037111452165732736,0.02376520091965296,SFRP1/LMX1A,2,Vertebrates
GO:2000310,regulation of NMDA receptor activity,2/155,17/18870,0.008408483940074636,0.037111452165732736,0.02376520091965296,APP/DAPK1,2,Vertebrates
GO:2000181,negative regulation of blood vessel morphogenesis,5/155,152/18870,0.008442487147666367,0.0372138787698286,0.023830792231331773,SERPINF1/THBS1/CREB3L1/FOXO4/KLF4,5,Vertebrates
GO:0043535,regulation of blood vessel endothelial cell migration,5/155,153/18870,0.00867130579275486,0.03812498860666583,0.02441424308191051,TGFB1/THBS1/PLG/KLF4/JUP,5,Vertebrates
GO:1901343,negative regulation of vasculature development,5/155,153/18870,0.00867130579275486,0.03812498860666583,0.02441424308191051,SERPINF1/THBS1/CREB3L1/FOXO4/KLF4,5,Vertebrates
GO:1990778,protein localization to cell periphery,8/155,353/18870,0.008862916574614152,0.03891780055120379,0.024921939063983746,LGI1/MAL/TGFB1/EPB41L3/CDH1/ITGB1/ZDHHC2/JUP,8,Vertebrates
GO:0008037,cell recognition,5/155,154/18870,0.008904384214752085,0.03900052400031822,0.024974912991821207,CADM1/CASP3/CD9/APP/EPHB3,5,Vertebrates
GO:0008064,regulation of actin polymerization or depolymerization,5/155,154/18870,0.008904384214752085,0.03900052400031822,0.024974912991821207,BIN1/GSN/PFN1/LIMA1/SLIT2,5,Vertebrates
GO:0002269,leukocyte activation involved in inflammatory response,3/155,52/18870,0.008951056085839347,0.0390066881515654,0.024978860352658346,CLU/APP/MMP8,3,Vertebrates
GO:0046638,positive regulation of alpha-beta T cell differentiation,3/155,52/18870,0.008951056085839347,0.0390066881515654,0.024978860352658346,LGALS9/RUNX3/SYK,3,Vertebrates
GO:0048009,insulin-like growth factor receptor signaling pathway,3/155,52/18870,0.008951056085839347,0.0390066881515654,0.024978860352658346,IGFBP3/IRS1/SHC1,3,Vertebrates
GO:0050819,negative regulation of coagulation,3/155,52/18870,0.008951056085839347,0.0390066881515654,0.024978860352658346,THBS1/CD9/PLG,3,Vertebrates
GO:1901990,regulation of mitotic cell cycle phase transition,8/155,355/18870,0.009151590834915025,0.03983021920195971,0.02550622804467944,MTBP/PKD1/APP/RRM1/FOXO4/CDKN2A/KLF4/PTEN,8,Vertebrates
GO:0042481,regulation of odontogenesis,2/155,18/18870,0.009408901680416484,0.04043730402734698,0.025894989249338595,NGFR/BMP4,2,Vertebrates
GO:0043116,negative regulation of vascular permeability,2/155,18/18870,0.009408901680416484,0.04043730402734698,0.025894989249338595,AKAP12/SLIT2,2,Vertebrates
GO:0051917,regulation of fibrinolysis,2/155,18/18870,0.009408901680416484,0.04043730402734698,0.025894989249338595,THBS1/PLG,2,Vertebrates
GO:0061450,trophoblast cell migration,2/155,18/18870,0.009408901680416484,0.04043730402734698,0.025894989249338595,TIMP1/ARHGDIB,2,Vertebrates
GO:0072189,ureter development,2/155,18/18870,0.009408901680416484,0.04043730402734698,0.025894989249338595,BMP4/GATA3,2,Vertebrates
GO:0097094,craniofacial suture morphogenesis,2/155,18/18870,0.009408901680416484,0.04043730402734698,0.025894989249338595,TWIST1/BMP4,2,Vertebrates
GO:1905209,positive regulation of cardiocyte differentiation,2/155,18/18870,0.009408901680416484,0.04043730402734698,0.025894989249338595,TGFB1/BMP4,2,Vertebrates
GO:0002715,regulation of natural killer cell mediated immunity,3/155,53/18870,0.0094318515921053,0.04043730402734698,0.025894989249338595,CADM1/LGALS9/TGFB1,3,Vertebrates
GO:0048260,positive regulation of receptor-mediated endocytosis,3/155,53/18870,0.0094318515921053,0.04043730402734698,0.025894989249338595,CLU/CD63/SYK,3,Vertebrates
GO:0050982,detection of mechanical stimulus,3/155,53/18870,0.0094318515921053,0.04043730402734698,0.025894989249338595,PKD1/ITGA2/JUP,3,Vertebrates
GO:0060390,regulation of SMAD protein signal transduction,3/155,53/18870,0.0094318515921053,0.04043730402734698,0.025894989249338595,TGFB1/BMP4/SMAD4,3,Vertebrates
GO:1904894,positive regulation of receptor signaling pathway via STAT,3/155,53/18870,0.0094318515921053,0.04043730402734698,0.025894989249338595,TGFB1/TYK2/EP300,3,Vertebrates
GO:0016032,viral process,9/155,432/18870,0.009507072204371506,0.04070916507884295,0.026069081938629685,CLDN1/CXADR/ST6GALNAC2/LGALS9/ITGA2/ITGB1/GSN/EP300/RRP1B,9,Vertebrates
GO:0007043,cell-cell junction assembly,5/155,157/18870,0.009629554991596519,0.041131444926930855,0.02633949888133816,CLDN1/EPB41L3/CD9/CDH1/JUP,5,Vertebrates
GO:0030832,regulation of actin filament length,5/155,157/18870,0.009629554991596519,0.041131444926930855,0.02633949888133816,BIN1/GSN/PFN1/LIMA1/SLIT2,5,Vertebrates
GO:0010038,response to metal ion,8/155,359/18870,0.009749975988647958,0.04159426637731375,0.026635877603171928,CLDN1/SERPINF1/CASP3/CASP8/THBS1/CDH1/NDRG1/TXNIP,8,Vertebrates
GO:0009410,response to xenobiotic stimulus,9/155,434/18870,0.009779463168661177,0.04166849139972198,0.026683409361372052,ENG/AHR/SFRP1/CASP3/THBS1/CDH1/ITGA2/TXNIP/NOS2,9,Vertebrates
GO:1903532,positive regulation of secretion by cell,7/155,288/18870,0.009833141336718396,0.04184547924403495,0.026796747736320313,KISS1/GPR68/TGFB1/SMAD4/NTSR1/SOX11/SYK,7,Vertebrates
GO:0090316,positive regulation of intracellular protein transport,5/155,158/18870,0.009880048010707541,0.041993249682994935,0.02689137605094908,TGFB1/CDH1/ZDHHC2/EP300/JUP,5,Vertebrates
GO:0006220,pyrimidine nucleotide metabolic process,3/155,54/18870,0.009927465748470025,0.04209098946491535,0.026953966044593314,NME3/NME1/NME2,3,Vertebrates
GO:0060425,lung morphogenesis,3/155,54/18870,0.009927465748470025,0.04209098946491535,0.026953966044593314,BMP4/NKX2-1/SOX11,3,Vertebrates
GO:0008630,intrinsic apoptotic signaling pathway in response to DNA damage,4/155,102/18870,0.009989854532323563,0.042251568801128,0.027056796841178576,CLU/CD44/TP63/EP300,4,Vertebrates
GO:0043266,regulation of potassium ion transport,4/155,102/18870,0.009989854532323563,0.042251568801128,0.027056796841178576,CD63/ITGB1/BIN1/LRRC26,4,Vertebrates
GO:0032677,regulation of interleukin-8 production,4/155,103/18870,0.010328538163590063,0.043334303048433026,0.027750151464298194,LGALS9/SYK/NOS2/KLF4,4,Vertebrates
GO:0035282,segmentation,4/155,103/18870,0.010328538163590063,0.043334303048433026,0.027750151464298194,SFRP1/SMAD4/SEMA3F/EP300,4,Vertebrates
GO:0045639,positive regulation of myeloid cell differentiation,4/155,103/18870,0.010328538163590063,0.043334303048433026,0.027750151464298194,GPR68/TGFB1/CASP8/KLF10,4,Vertebrates
GO:0097306,cellular response to alcohol,4/155,103/18870,0.010328538163590063,0.043334303048433026,0.027750151464298194,AHR/SFRP1/CDH1/JUP,4,Vertebrates
GO:1901655,cellular response to ketone,4/155,103/18870,0.010328538163590063,0.043334303048433026,0.027750151464298194,AHR/SERPINF1/SFRP1/POSTN,4,Vertebrates
GO:0001906,cell killing,6/155,223/18870,0.01036962186087855,0.043334303048433026,0.027750151464298194,CADM1/LGALS9/TGFB1/PLA2G2A/SYK/NOS2,6,Vertebrates
GO:0002043,blood vessel endothelial cell proliferation involved in sprouting angiogenesis,3/155,55/18870,0.010437984314070033,0.043334303048433026,0.027750151464298194,NGFR/BMP4/THBS1,3,Vertebrates
GO:0051058,negative regulation of small GTPase mediated signal transduction,3/155,55/18870,0.010437984314070033,0.043334303048433026,0.027750151464298194,DLC1/ITGB1/SLIT2,3,Vertebrates
GO:1902991,regulation of amyloid precursor protein catabolic process,3/155,55/18870,0.010437984314070033,0.043334303048433026,0.027750151464298194,CLU/CASP3/BIN1,3,Vertebrates
GO:2000648,positive regulation of stem cell proliferation,3/155,55/18870,0.010437984314070033,0.043334303048433026,0.027750151464298194,TP63/TGFB1/SOX11,3,Vertebrates
GO:0003184,pulmonary valve morphogenesis,2/155,19/18870,0.010459570680677772,0.043334303048433026,0.027750151464298194,BMP4/SLIT2,2,Vertebrates
GO:0030540,female genitalia development,2/155,19/18870,0.010459570680677772,0.043334303048433026,0.027750151464298194,TP63/ESR1,2,Vertebrates
GO:0035821,modulation of process of another organism,2/155,19/18870,0.010459570680677772,0.043334303048433026,0.027750151464298194,SYK/NOS2,2,Vertebrates
GO:0051797,regulation of hair follicle development,2/155,19/18870,0.010459570680677772,0.043334303048433026,0.027750151464298194,NGFR/SMAD4,2,Vertebrates
GO:0060602,branch elongation of an epithelium,2/155,19/18870,0.010459570680677772,0.043334303048433026,0.027750151464298194,BMP4/ESR1,2,Vertebrates
GO:0071391,cellular response to estrogen stimulus,2/155,19/18870,0.010459570680677772,0.043334303048433026,0.027750151464298194,ESR1/SFRP1,2,Vertebrates
GO:0097468,programmed cell death in response to reactive oxygen species,2/155,19/18870,0.010459570680677772,0.043334303048433026,0.027750151464298194,MAP2K4/HGF,2,Vertebrates
GO:0007596,blood coagulation,6/155,224/18870,0.010584777879547643,0.04380039537911252,0.02804862477211273,THBS1/CD9/ITGA2/PLG/TFPI2/SYK,6,Vertebrates
GO:0032637,interleukin-8 production,4/155,104/18870,0.010674575490496174,0.04411901884381332,0.02825266288472861,LGALS9/SYK/NOS2/KLF4,4,Vertebrates
GO:0050878,regulation of body fluid levels,8/155,365/18870,0.01070164348355056,0.04417792226083686,0.028290383088566684,THBS1/CD9/ITGA2/PLG/TFPI2/GNAI2/SYK/NME1,8,Vertebrates
GO:0048592,eye morphogenesis,5/155,162/18870,0.010926844293167072,0.0449894552556574,0.028810067540382515,TWIST1/SKI/BMP4/THRB/SOX11,5,Vertebrates
GO:0001836,release of cytochrome c from mitochondria,3/155,56/18870,0.010963487790760725,0.0449894552556574,0.028810067540382515,CLU/TNFSF10/HGF,3,Vertebrates
GO:0034205,amyloid-beta formation,3/155,56/18870,0.010963487790760725,0.0449894552556574,0.028810067540382515,CLU/CASP3/BIN1,3,Vertebrates
GO:0043370,"regulation of CD4-positive, alpha-beta T cell differentiation",3/155,56/18870,0.010963487790760725,0.0449894552556574,0.028810067540382515,LGALS9/RUNX3/GATA3,3,Vertebrates
GO:0043525,positive regulation of neuron apoptotic process,3/155,56/18870,0.010963487790760725,0.0449894552556574,0.028810067540382515,CASP3/CASP8/MAP2K4,3,Vertebrates
GO:0033157,regulation of intracellular protein transport,6/155,226/18870,0.011024574595837043,0.0450932372180904,0.02887652678800347,TGFB1/BMP4/CDH1/ZDHHC2/EP300/JUP,6,Vertebrates
GO:0043255,regulation of carbohydrate biosynthetic process,4/155,105/18870,0.011028024071613057,0.0450932372180904,0.02887652678800347,IRS1/TGFB1/NTSR1/EP300,4,Vertebrates
GO:0110020,regulation of actomyosin structure organization,4/155,105/18870,0.011028024071613057,0.0450932372180904,0.02887652678800347,SFRP1/SMAD4/DLC1/PFN1,4,Vertebrates
GO:0018105,peptidyl-serine phosphorylation,7/155,295/18870,0.01111838761195536,0.045408865045509623,0.029078646573048633,CD44/TGFB1/PKD1/HGF/APP/DMD/PTEN,7,Vertebrates
GO:0030316,osteoclast differentiation,4/155,106/18870,0.011388940383444896,0.04638646320985403,0.029704674805265882,GPR68/GPC3/SFRP1/KLF10,4,Vertebrates
GO:0038066,p38MAPK cascade,3/155,57/18870,0.011504051525206027,0.04638646320985403,0.029704674805265882,LGALS9/BMP4/HGF,3,Vertebrates
GO:0042733,embryonic digit morphogenesis,3/155,57/18870,0.011504051525206027,0.04638646320985403,0.029704674805265882,TWIST1/BMP4/SMAD4,3,Vertebrates
GO:0061900,glial cell activation,3/155,57/18870,0.011504051525206027,0.04638646320985403,0.029704674805265882,CLU/APP/MMP8,3,Vertebrates
GO:0072132,mesenchyme morphogenesis,3/155,57/18870,0.011504051525206027,0.04638646320985403,0.029704674805265882,ENG/TWIST1/SMAD4,3,Vertebrates
GO:0031053,primary miRNA processing,2/155,20/18870,0.011559608905501773,0.04638646320985403,0.029704674805265882,TGFB1/BMP4,2,Vertebrates
GO:0031998,regulation of fatty acid beta-oxidation,2/155,20/18870,0.011559608905501773,0.04638646320985403,0.029704674805265882,IRS1/TWIST1,2,Vertebrates
GO:0032303,regulation of icosanoid secretion,2/155,20/18870,0.011559608905501773,0.04638646320985403,0.029704674805265882,NTSR1/SYK,2,Vertebrates
GO:0045953,negative regulation of natural killer cell mediated cytotoxicity,2/155,20/18870,0.011559608905501773,0.04638646320985403,0.029704674805265882,LGALS9/TGFB1,2,Vertebrates
GO:0051767,nitric-oxide synthase biosynthetic process,2/155,20/18870,0.011559608905501773,0.04638646320985403,0.029704674805265882,AKAP12/MAP2K4,2,Vertebrates
GO:0051769,regulation of nitric-oxide synthase biosynthetic process,2/155,20/18870,0.011559608905501773,0.04638646320985403,0.029704674805265882,AKAP12/MAP2K4,2,Vertebrates
GO:0090201,negative regulation of release of cytochrome c from mitochondria,2/155,20/18870,0.011559608905501773,0.04638646320985403,0.029704674805265882,CLU/HGF,2,Vertebrates
GO:0097709,connective tissue replacement,2/155,20/18870,0.011559608905501773,0.04638646320985403,0.029704674805265882,TIMP1/TGFB1,2,Vertebrates
GO:1902004,positive regulation of amyloid-beta formation,2/155,20/18870,0.011559608905501773,0.04638646320985403,0.029704674805265882,CLU/CASP3,2,Vertebrates
GO:2000269,regulation of fibroblast apoptotic process,2/155,20/18870,0.011559608905501773,0.04638646320985403,0.029704674805265882,TP63/SFRP1,2,Vertebrates
GO:0050817,coagulation,6/155,229/18870,0.011708334618994024,0.04692863887403768,0.030051869884982214,THBS1/CD9/ITGA2/PLG/TFPI2/SYK,6,Vertebrates
GO:0032231,regulation of actin filament bundle assembly,4/155,107/18870,0.011757379815638631,0.04701587961079624,0.030107736565385533,MTSS1/SFRP1/DLC1/PFN1,4,Vertebrates
GO:0048144,fibroblast proliferation,4/155,107/18870,0.011757379815638631,0.04701587961079624,0.030107736565385533,NGFR/SKI/ESR1/SFRP1,4,Vertebrates
GO:0002685,regulation of leukocyte migration,6/155,230/18870,0.011942765393000716,0.0477018682614988,0.030547025710950183,LGALS9/THBS1/CD9/ITGA2/APP/SLIT2,6,Vertebrates
GO:0002707,negative regulation of lymphocyte mediated immunity,3/155,58/18870,0.012059745809490654,0.04789164032870309,0.030668550767040875,LGALS9/AHR/TGFB1,3,Vertebrates
GO:0003229,ventricular cardiac muscle tissue development,3/155,58/18870,0.012059745809490654,0.04789164032870309,0.030668550767040875,ENG/TGFB1/SMAD4,3,Vertebrates
GO:0006475,internal protein amino acid acetylation,3/155,58/18870,0.012059745809490654,0.04789164032870309,0.030668550767040875,SET/NAA10/EP300,3,Vertebrates
GO:0006476,protein deacetylation,3/155,58/18870,0.012059745809490654,0.04789164032870309,0.030668550767040875,BRMS1/EP300/HDAC10,3,Vertebrates
GO:0099024,plasma membrane invagination,3/155,58/18870,0.012059745809490654,0.04789164032870309,0.030668550767040875,THBS1/ITGA2/GSN,3,Vertebrates
GO:0007599,hemostasis,6/155,231/18870,0.012180490159738008,0.0482045345357255,0.030868920013258326,THBS1/CD9/ITGA2/PLG/TFPI2/SYK,6,Vertebrates
GO:0032412,regulation of monoatomic ion transmembrane transporter activity,6/155,231/18870,0.012180490159738008,0.0482045345357255,0.030868920013258326,ITGB1/APP/DMD/LRRC26/DAPK1/VMP1,6,Vertebrates
GO:0050730,regulation of peptidyl-tyrosine phosphorylation,6/155,231/18870,0.012180490159738008,0.0482045345357255,0.030868920013258326,CD44/TGFB1/SFRP1/HGF/APP/SYK,6,Vertebrates
GO:0043433,negative regulation of DNA-binding transcription factor activity,5/155,167/18870,0.012338869552790864,0.048775324940906084,0.03123443922284216,ESR1/BRMS1/PKD1/CDKN2A/KLF4,5,Vertebrates
GO:0043523,regulation of neuron apoptotic process,6/155,232/18870,0.012421531910724657,0.0489897259682699,0.03137173601925763,CLU/CASP3/CASP8/MAP2K4/GATA3/SET,6,Vertebrates
GO:0050920,regulation of chemotaxis,6/155,232/18870,0.012421531910724657,0.0489897259682699,0.03137173601925763,LGALS9/TGFB1/THBS1/SEMA3F/ITGA2/SLIT2,6,Vertebrates
GO:0003012,muscle system process,9/155,452/18870,0.012504202149803271,0.049219074939418087,0.03151860508694356,CRYAB/SMAD4/PTGER3/MAP2K4/ITGA2/BIN1/GSN/DMD/JUP,9,Vertebrates
GO:0001755,neural crest cell migration,3/155,59/18870,0.012630635980274118,0.049219074939418087,0.03151860508694356,TWIST1/BMP4/SEMA3F,3,Vertebrates
GO:0098900,regulation of action potential,3/155,59/18870,0.012630635980274118,0.049219074939418087,0.03151860508694356,CXADR/BIN1/JUP,3,Vertebrates
GO:0016358,dendrite development,6/155,233/18870,0.012665913517693646,0.049219074939418087,0.03151860508694356,LZTS1/DCC/ITGB1/APP/EPHB3/PTEN,6,Vertebrates
GO:0006869,lipid transport,9/155,453/18870,0.01267063491930903,0.049219074939418087,0.03151860508694356,CLU/PLA2G2A/THBS1/NTSR1/KDM5B/LIMA1/SYK/NOS2/VMP1,9,Vertebrates
GO:0048568,embryonic organ development,9/155,453/18870,0.01267063491930903,0.049219074939418087,0.03151860508694356,ENG/TWIST1/TGFB1/BMP4/CASP8/PKD1/PAX5/SOX11/GATA3,9,Vertebrates
GO:0002716,negative regulation of natural killer cell mediated immunity,2/155,21/18870,0.012708145255608382,0.049219074939418087,0.03151860508694356,LGALS9/TGFB1,2,Vertebrates
GO:0007413,axonal fasciculation,2/155,21/18870,0.012708145255608382,0.049219074939418087,0.03151860508694356,CASP3/EPHB3,2,Vertebrates
GO:0032616,interleukin-13 production,2/155,21/18870,0.012708145255608382,0.049219074939418087,0.03151860508694356,LGALS9/GATA3,2,Vertebrates
GO:0032656,regulation of interleukin-13 production,2/155,21/18870,0.012708145255608382,0.049219074939418087,0.03151860508694356,LGALS9/GATA3,2,Vertebrates
GO:0035024,negative regulation of Rho protein signal transduction,2/155,21/18870,0.012708145255608382,0.049219074939418087,0.03151860508694356,DLC1/ITGB1,2,Vertebrates
GO:0043552,positive regulation of phosphatidylinositol 3-kinase activity,2/155,21/18870,0.012708145255608382,0.049219074939418087,0.03151860508694356,IRS1/TGFB1,2,Vertebrates
GO:0060444,branching involved in mammary gland duct morphogenesis,2/155,21/18870,0.012708145255608382,0.049219074939418087,0.03151860508694356,ESR1/KDM5B,2,Vertebrates
GO:0090189,regulation of branching involved in ureteric bud morphogenesis,2/155,21/18870,0.012708145255608382,0.049219074939418087,0.03151860508694356,BMP4/MAGED1,2,Vertebrates
GO:0106030,neuron projection fasciculation,2/155,21/18870,0.012708145255608382,0.049219074939418087,0.03151860508694356,CASP3/EPHB3,2,Vertebrates
GO:2001044,regulation of integrin-mediated signaling pathway,2/155,21/18870,0.012708145255608382,0.049219074939418087,0.03151860508694356,TIMP1/CD63,2,Vertebrates
GO:0045445,myoblast differentiation,4/155,110/18870,0.01290837433907778,0.04990289035361652,0.03195650254883235,IGFBP3/TGFB1/BMP4/ITGB1,4,Vertebrates
GO:0072593,reactive oxygen species metabolic process,6/155,234/18870,0.012913657730033634,0.04990289035361652,0.03195650254883235,CRYAB/TGFB1/THBS1/GNAI2/SYK/NOS2,6,Vertebrates
GO:0034250,positive regulation of amide metabolic process,5/155,169/18870,0.012936780479755662,0.0499362623893816,0.03197787312553501,CLU/CASP3/THBS1/ITGA2/CNBP,5,Vertebrates
